{
"type": "FeatureCollection",
"name": "states_simplified",
"crs": { "type": "name", "properties": { "name": "urn:ogc:def:crs:OGC:1.3:CRS84" } },
"features": [
{ "type": "Feature", "properties": { "STATE.NAME": "Goa", "AREA": 3621.512866 }, "geometry": { "type": "Polygon", "coordinates": [ [ [ 73.6754924, 15.7269108 ], [ 73.6892133, 15.7179132 ], [ 73.7488164, 15.5619277 ], [ 73.7693334, 15.4914332 ], [ 73.8100254, 15.4958101 ], [ 73.812714, 15.4560239 ], [ 73.8472142, 15.4526939 ], [ 73.8748728, 15.3964601 ], [ 73.8039074, 15.4055751 ], [ 73.808238, 15.3771088 ], [ 73.8426786, 15.3602513 ], [ 73.8793237, 15.3634038 ], [ 73.9022533, 15.3116893 ], [ 73.9490339, 15.1451897 ], [ 73.9258679, 15.110027 ], [ 73.9318405, 15.0791269 ], [ 73.9816157, 15.0529174 ], [ 73.9885735, 15.0209246 ], [ 74.0213218, 15.011528 ], [ 74.0498528, 14.9591808 ], [ 74.0440302, 14.9175246 ], [ 74.0604287, 14.9106089 ], [ 74.0809745, 14.9105503 ], [ 74.0832194, 14.9047117 ], [ 74.0849119, 14.9021198 ], [ 74.0853082, 14.9015899 ], [ 74.0850665, 14.9008653 ], [ 74.0856879, 14.9006416 ], [ 74.0864015, 14.9009425 ], [ 74.0864016, 14.9009426 ], [ 74.0901187, 14.9030761 ], [ 74.0944074, 14.9106859 ], [ 74.1046305, 14.9125682 ], [ 74.1240608, 14.9249921 ], [ 74.1619548, 14.9118079 ], [ 74.1545064, 14.939481 ], [ 74.1792951, 14.9567191 ], [ 74.1998346, 14.9260793 ], [ 74.2524348, 14.958763 ], [ 74.2643768, 14.9785609 ], [ 74.251921, 14.9934621 ], [ 74.2965517, 15.0412432 ], [ 74.2727028, 15.0975325 ], [ 74.2836388, 15.1429115 ], [ 74.3142431, 15.1804423 ], [ 74.3016739, 15.2243781 ], [ 74.2523018, 15.2510203 ], [ 74.2714474, 15.2808639 ], [ 74.2962197, 15.2885159 ], [ 74.326211, 15.2834161 ], [ 74.3360089, 15.2955552 ], [ 74.3170857, 15.3291531 ], [ 74.3230475, 15.3673607 ], [ 74.2830568, 15.3829777 ], [ 74.2688461, 15.4191332 ], [ 74.2755134, 15.4492193 ], [ 74.2509731, 15.4916241 ], [ 74.2785351, 15.5175068 ], [ 74.2772919, 15.5469411 ], [ 74.2653658, 15.5583985 ], [ 74.2632172, 15.563967 ], [ 74.2576131, 15.561887 ], [ 74.2492772, 15.56787 ], [ 74.2506011, 15.5773988 ], [ 74.2488497, 15.5803316 ], [ 74.2603143, 15.5926657 ], [ 74.2642257, 15.6159114 ], [ 74.2520417, 15.6543407 ], [ 74.2238448, 15.669012 ], [ 74.1644844, 15.6535318 ], [ 74.1196724, 15.6524073 ], [ 74.1191453, 15.6524179 ], [ 74.1183538, 15.6520407 ], [ 74.1176306, 15.6512933 ], [ 74.1176255, 15.6512879 ], [ 74.1169919, 15.6505279 ], [ 74.1157776, 15.6489438 ], [ 74.1139916, 15.6485504 ], [ 74.1131012, 15.6460633 ], [ 74.0947721, 15.6416859 ], [ 74.0838057, 15.6341236 ], [ 73.990776, 15.6114863 ], [ 73.96140960000001, 15.6414573 ], [ 73.9634967, 15.6921295 ], [ 73.9386975, 15.7426773 ], [ 73.8778171, 15.7492151 ], [ 73.8796037, 15.7740613 ], [ 73.8564821, 15.8007571 ], [ 73.8252411, 15.7415448 ], [ 73.7854717, 15.7254519 ], [ 73.7425112, 15.7356066 ], [ 73.7311876, 15.7214789 ], [ 73.6754924, 15.7269108 ] ] ] } },
{ "type": "Feature", "properties": { "STATE.NAME": "Manipur", "AREA": 22321.356644 }, "geometry": { "type": "Polygon", "coordinates": [ [ [ 93.3261743, 24.0485249 ], [ 93.3432982, 24.0917742 ], [ 93.3983442, 24.0853334 ], [ 93.4166229, 24.0718581 ], [ 93.461664, 23.9760658 ], [ 93.5002183, 23.9446776 ], [ 93.6071742, 23.9715577 ], [ 93.6237586, 24.0113725 ], [ 93.7215524, 23.9979273 ], [ 93.7577557, 24.0031791 ], [ 93.7713143, 23.9760145 ], [ 93.8196458, 23.9236104 ], [ 93.8945792, 23.9523379 ], [ 93.9440863, 23.9462499 ], [ 93.9543485, 23.9327644 ], [ 94.0192675, 23.9255449 ], [ 94.0744692, 23.883467 ], [ 94.0960639, 23.8891879 ], [ 94.1160994, 23.8394278 ], [ 94.1566407, 23.8481697 ], [ 94.1696905, 23.9284147 ], [ 94.2373097, 24.0353788 ], [ 94.2545107, 24.0824835 ], [ 94.2596586, 24.1653098 ], [ 94.2764316, 24.1733756 ], [ 94.2915282, 24.2329901 ], [ 94.3218859, 24.2772407 ], [ 94.3217204, 24.3288961 ], [ 94.3504948, 24.3350829 ], [ 94.4079837, 24.4404619 ], [ 94.3983457, 24.4823485 ], [ 94.4259793, 24.4816792 ], [ 94.4539022, 24.5648117 ], [ 94.5149548, 24.6107443 ], [ 94.5449252, 24.6688239 ], [ 94.5452281, 24.710458 ], [ 94.5851692, 24.7047389 ], [ 94.628453, 24.7560283 ], [ 94.6182259, 24.7855308 ], [ 94.6315528, 24.8390422 ], [ 94.6865591, 24.8928525 ], [ 94.7017949, 24.9295776 ], [ 94.7071174, 24.9871187 ], [ 94.738766900000016, 25.0235959 ], [ 94.7409449, 25.1265758 ], [ 94.697451, 25.1549411 ], [ 94.6411607, 25.1660068 ], [ 94.5929555, 25.1918045 ], [ 94.5853738, 25.2294873 ], [ 94.5935286, 25.2859492 ], [ 94.6347075, 25.3581435 ], [ 94.6322796, 25.3883352 ], [ 94.6599547, 25.4054413 ], [ 94.675452, 25.4456105 ], [ 94.6159748, 25.4624692 ], [ 94.5538887, 25.5026214 ], [ 94.5725024, 25.6377735 ], [ 94.5833207, 25.6575218 ], [ 94.5838964, 25.6848546 ], [ 94.5636146, 25.6754818 ], [ 94.5349002, 25.6423916 ], [ 94.5068555, 25.6238791 ], [ 94.5055249, 25.6141148 ], [ 94.4679633, 25.6135657 ], [ 94.4249839, 25.5865237 ], [ 94.4179693, 25.538378 ], [ 94.3185476, 25.5025023 ], [ 94.2855643, 25.5058916 ], [ 94.2215733, 25.4908074 ], [ 94.1859453, 25.5316022 ], [ 94.1498633, 25.5431634 ], [ 94.1374846, 25.5182953 ], [ 94.0928046, 25.5296277 ], [ 94.0475719, 25.5759056 ], [ 94.0217314, 25.590245 ], [ 94.0103062, 25.591618 ], [ 94.002211, 25.5850939 ], [ 93.9545843, 25.5504485 ], [ 93.8884291, 25.5650859 ], [ 93.8344086, 25.5606043 ], [ 93.8157655, 25.5423283 ], [ 93.7861668, 25.5374094 ], [ 93.7802357, 25.5337001 ], [ 93.7751442, 25.5346967 ], [ 93.7703435, 25.5336878 ], [ 93.7667446, 25.5382023 ], [ 93.7651151, 25.5357401 ], [ 93.7671753, 25.5341568 ], [ 93.7646427, 25.5279171 ], [ 93.7636298, 25.5220673 ], [ 93.7590102, 25.5118139 ], [ 93.758063, 25.5052388 ], [ 93.8007961, 25.4963229 ], [ 93.804871300000016, 25.4630877 ], [ 93.7653678, 25.4154445 ], [ 93.7422007, 25.4040409 ], [ 93.6813742, 25.3285495 ], [ 93.637355, 25.2638709 ], [ 93.6053215, 25.1991055 ], [ 93.583613, 25.2219051 ], [ 93.5473712, 25.2480776 ], [ 93.5006816, 25.2440526 ], [ 93.5063529, 25.2688168 ], [ 93.4737192, 25.2937058 ], [ 93.4716487, 25.3041908 ], [ 93.4674491, 25.3110218 ], [ 93.4668634, 25.311684 ], [ 93.4637324, 25.3141255 ], [ 93.4538376, 25.3211565 ], [ 93.4538939, 25.3249158 ], [ 93.4538937, 25.3249159 ], [ 93.4538087, 25.3247737 ], [ 93.4535004, 25.3242141 ], [ 93.4532864, 25.3235191 ], [ 93.4531413, 25.3219033 ], [ 93.4533347, 25.3215647 ], [ 93.455072, 25.3201149 ], [ 93.4577027, 25.3183756 ], [ 93.4665319, 25.311925 ], [ 93.4694472, 25.3063038 ], [ 93.4704045, 25.3051612 ], [ 93.4528439, 25.2923711 ], [ 93.4477749, 25.2921976 ], [ 93.420592, 25.2777199 ], [ 93.3863998, 25.242785 ], [ 93.3539569, 25.1874509 ], [ 93.3323054, 25.0938638 ], [ 93.3148224, 25.0847176 ], [ 93.3053801, 25.058344 ], [ 93.2660076, 25.0441834 ], [ 93.2416845, 25.0040267 ], [ 93.2622273, 24.9687571 ], [ 93.2498997, 24.9552404 ], [ 93.2448169, 24.9412938 ], [ 93.2367139, 24.9372647 ], [ 93.2366415, 24.9338523 ], [ 93.2379574, 24.9327769 ], [ 93.2430646, 24.9363975 ], [ 93.2446053, 24.9326048 ], [ 93.2416037, 24.9306889 ], [ 93.2386691, 24.9263669 ], [ 93.2392416, 24.9244704 ], [ 93.2454995, 24.9256482 ], [ 93.2488304, 24.9156022 ], [ 93.1953286, 24.8444312 ], [ 93.1918682, 24.8398194 ], [ 93.1960067, 24.8367932 ], [ 93.1955725, 24.8302845 ], [ 93.1899573, 24.818745 ], [ 93.1914332, 24.8044985 ], [ 93.1050085, 24.7917288 ], [ 93.1071075, 24.74057 ], [ 93.0911602, 24.7252871 ], [ 93.090123, 24.7147133 ], [ 93.0828233, 24.7087714 ], [ 93.0770579, 24.7129865 ], [ 93.0742415, 24.7065629 ], [ 93.0789067, 24.704655 ], [ 93.0963676, 24.6643587 ], [ 93.0836888, 24.6130992 ], [ 93.0620552, 24.5763431 ], [ 93.0327441, 24.4936309 ], [ 93.0455409, 24.4762092 ], [ 93.0355604, 24.4584046 ], [ 93.033457, 24.4271069 ], [ 93.0245439, 24.4068781 ], [ 93.0171239, 24.4081686 ], [ 93.0151958, 24.4147849 ], [ 93.0105457, 24.4159958 ], [ 93.0086977, 24.4117793 ], [ 93.0086976, 24.4117792 ], [ 93.0086952, 24.4117506 ], [ 93.0086397, 24.4097159 ], [ 93.0086516, 24.4079395 ], [ 93.0095698, 24.4061743 ], [ 93.0246203, 24.3925501 ], [ 93.0177324, 24.3499466 ], [ 93.0336074, 24.3210273 ], [ 93.0079098, 24.2869185 ], [ 93.0040873, 24.2581739 ], [ 93.0204912, 24.231856 ], [ 93.0059637, 24.1617622 ], [ 92.9875539, 24.1476548 ], [ 92.9909971, 24.1155622 ], [ 93.0520366, 24.0894998 ], [ 93.0784111, 24.1017745 ], [ 93.1242737, 24.0607115 ], [ 93.1398449, 24.0846619 ], [ 93.1688671, 24.0511932 ], [ 93.2118777, 24.0485551 ], [ 93.2203271, 24.0834486 ], [ 93.2611238, 24.0699025 ], [ 93.2863745, 24.0474504 ], [ 93.3261743, 24.0485249 ] ] ] } },
{ "type": "Feature", "properties": { "STATE.NAME": "Odisha", "AREA": 155608.329711 }, "geometry": { "type": "Polygon", "coordinates": [ [ [ 84.0091275, 22.5260523 ], [ 84.0091275, 22.5260525 ], [ 84.0089774, 22.5260266 ], [ 84.008342, 22.5260259 ], [ 84.0064749, 22.5265344 ], [ 84.0039732, 22.5279871 ], [ 84.0038406, 22.5317977 ], [ 83.9817635, 22.5228476 ], [ 83.9851222, 22.5002131 ], [ 84.0189079, 22.4882713 ], [ 84.0456375, 22.4631306 ], [ 84.0045632, 22.3735675 ], [ 83.9709725, 22.359005 ], [ 83.9234272, 22.3583607 ], [ 83.8974889, 22.3379019 ], [ 83.8657953, 22.3430988 ], [ 83.8298639, 22.3234859 ], [ 83.8253462, 22.2922914 ], [ 83.7795615, 22.2735922 ], [ 83.7578878, 22.2402852 ], [ 83.7057241, 22.2466623 ], [ 83.6659, 22.2326748 ], [ 83.627748, 22.2042485 ], [ 83.607838199999989, 22.1536873 ], [ 83.562711, 22.1029611 ], [ 83.5937641, 22.073188 ], [ 83.590302799999989, 22.0545663 ], [ 83.550187799999989, 22.053517 ], [ 83.5370893, 22.0444788 ], [ 83.5402523, 22.0197409 ], [ 83.555566, 22.0069768 ], [ 83.5372857, 21.9778935 ], [ 83.6057421, 21.9140876 ], [ 83.5743445, 21.8750356 ], [ 83.5909166, 21.8512145 ], [ 83.5533043, 21.8407098 ], [ 83.5255954, 21.7981103 ], [ 83.4933233, 21.8181573 ], [ 83.4689781, 21.7868795 ], [ 83.4888025, 21.7480532 ], [ 83.4535573, 21.6945525 ], [ 83.4181458, 21.6798624 ], [ 83.4867914, 21.6432978 ], [ 83.4661872, 21.6096919 ], [ 83.4443061, 21.623746 ], [ 83.4431556, 21.6554785 ], [ 83.392828, 21.6272997 ], [ 83.3697764, 21.6004271 ], [ 83.3723278, 21.5626693 ], [ 83.338, 21.5020179 ], [ 83.3539974, 21.4480099 ], [ 83.3986977, 21.405242 ], [ 83.3973959, 21.3655584 ], [ 83.3903254, 21.3427468 ], [ 83.323088, 21.3623102 ], [ 83.3120333, 21.3704319 ], [ 83.2861718, 21.3775182 ], [ 83.2841654, 21.3802411 ], [ 83.2725929, 21.3797436 ], [ 83.2741796, 21.3773063 ], [ 83.2590768, 21.337539 ], [ 83.2621929, 21.3077446 ], [ 83.2793832, 21.2948657 ], [ 83.26806160000001, 21.2772965 ], [ 83.2559459, 21.2820287 ], [ 83.2463782, 21.2810684 ], [ 83.217554, 21.2557277 ], [ 83.2220651, 21.2320383 ], [ 83.1986268, 21.1641629 ], [ 83.1387793, 21.1094158 ], [ 83.0779196, 21.1118527 ], [ 83.0122186, 21.1448884 ], [ 82.9904264, 21.139763 ], [ 82.9856854, 21.1495279 ], [ 83.0014579, 21.1704718 ], [ 82.9864732, 21.1681647 ], [ 82.977974, 21.1824849 ], [ 82.9650382, 21.1931803 ], [ 82.9610911, 21.1925669 ], [ 82.9592643, 21.1887812 ], [ 82.946997, 21.1819322 ], [ 82.9422445, 21.1605361 ], [ 82.9014811, 21.1664996 ], [ 82.881682, 21.1484625 ], [ 82.8415078, 21.1674251 ], [ 82.7857366, 21.1447732 ], [ 82.755896, 21.1669073 ], [ 82.740689500000016, 21.1634748 ], [ 82.7210895, 21.1659436 ], [ 82.7155617, 21.1604981 ], [ 82.6972215, 21.163975 ], [ 82.694711, 21.1654997 ], [ 82.6930997, 21.1656469 ], [ 82.6856375, 21.1648768 ], [ 82.6842401, 21.1609614 ], [ 82.6626869, 21.154725 ], [ 82.6399847, 21.1543748 ], [ 82.636623899999989, 21.1478969 ], [ 82.6499991, 21.1063688 ], [ 82.6121426, 21.0683247 ], [ 82.629758, 21.0399873 ], [ 82.5742146, 20.9731694 ], [ 82.5601383, 20.9467263 ], [ 82.4880802, 20.9086698 ], [ 82.4812345, 20.8495626 ], [ 82.4549364, 20.8265941 ], [ 82.4108849, 20.8443454 ], [ 82.4063791, 20.868946 ], [ 82.3603884, 20.8725667 ], [ 82.3521031, 20.8885067 ], [ 82.3395291, 20.8468654 ], [ 82.3425935, 20.7667692 ], [ 82.3514104, 20.7063277 ], [ 82.3504037, 20.7063155 ], [ 82.3524983, 20.7034759 ], [ 82.3551864, 20.6929942 ], [ 82.3623612, 20.680639 ], [ 82.3741277, 20.6673513 ], [ 82.3765395, 20.6324227 ], [ 82.343711399999989, 20.5957433 ], [ 82.3365345, 20.5538969 ], [ 82.3587383, 20.52784 ], [ 82.3894414, 20.5170272 ], [ 82.3978477, 20.4727499 ], [ 82.4380101, 20.4342126 ], [ 82.4004373, 20.339294 ], [ 82.4313732, 20.312858 ], [ 82.4355435, 20.2856698 ], [ 82.4112608, 20.2602206 ], [ 82.4233992, 20.2193201 ], [ 82.4121848, 20.1797748 ], [ 82.3909218, 20.1621753 ], [ 82.400959899999989, 20.0545519 ], [ 82.494687, 20.0227938 ], [ 82.5510824, 20.0161947 ], [ 82.5913244, 19.9921459 ], [ 82.6343023, 20.0032912 ], [ 82.7100304, 19.9970367 ], [ 82.7180892, 19.9887648 ], [ 82.707389, 19.9020648 ], [ 82.7195741, 19.8674572 ], [ 82.7039039, 19.8320376 ], [ 82.6521402, 19.8321899 ], [ 82.6271335, 19.7937654 ], [ 82.6033565, 19.7879734 ], [ 82.594455, 19.7754269 ], [ 82.5832094, 19.7792061 ], [ 82.5846704, 19.8019412 ], [ 82.5757699, 19.8334181 ], [ 82.6037627, 19.8663374 ], [ 82.5045884, 19.8906508 ], [ 82.4847625, 19.9077686 ], [ 82.4180053, 19.9040952 ], [ 82.3453073, 19.8358533 ], [ 82.304071100000016, 19.8891938 ], [ 82.269155500000011, 19.9752826 ], [ 82.2374636, 20.0035003 ], [ 82.1882013, 19.9862382 ], [ 82.171541, 20.0051981 ], [ 82.1284759, 20.014246 ], [ 82.0704539, 20.056993 ], [ 82.0426022, 20.0347019 ], [ 82.0215317, 20.0237537 ], [ 82.0176654, 20.0490215 ], [ 81.9456328, 20.1051885 ], [ 81.8968117, 20.0496116 ], [ 81.8650177, 20.0267225 ], [ 81.8517978, 19.9231674 ], [ 81.8696405, 19.902555 ], [ 81.9681196, 19.8599151 ], [ 81.9653617, 19.8369246 ], [ 81.985935, 19.8011347 ], [ 82.0602091, 19.7963952 ], [ 82.0631872, 19.7577992 ], [ 82.0445742, 19.7005494 ], [ 82.0590037, 19.6281975 ], [ 82.0398428, 19.597236 ], [ 82.0478315, 19.5349858 ], [ 82.0372754, 19.5282749 ], [ 82.0292056, 19.5075633 ], [ 82.0660655, 19.5108608 ], [ 82.0760125, 19.5236487 ], [ 82.1002397, 19.5166122 ], [ 82.1028055, 19.4661297 ], [ 82.1272793, 19.4305362 ], [ 82.1781688, 19.4366326 ], [ 82.1892554, 19.415387 ], [ 82.1792183, 19.3804254 ], [ 82.1532491, 19.3770407 ], [ 82.1541099, 19.3498278 ], [ 82.1860215, 19.3374336 ], [ 82.1584083, 19.2651922 ], [ 82.1616879, 19.2022711 ], [ 82.1733951, 19.1633274 ], [ 82.1675485, 19.1364205 ], [ 82.170307, 19.1204406 ], [ 82.1766133, 19.1181112 ], [ 82.1832233, 19.1313893 ], [ 82.1984918, 19.1215334 ], [ 82.2190526, 19.0954248 ], [ 82.2022352, 19.0666653 ], [ 82.2298568, 19.027439 ], [ 82.2460337, 18.9191388 ], [ 82.2174531, 18.9222199 ], [ 82.1754005, 18.9013189 ], [ 82.1689427, 18.83605 ], [ 82.1563048, 18.785173 ], [ 82.1208005, 18.7697787 ], [ 82.1109895, 18.7659063 ], [ 82.0978043, 18.7638651 ], [ 82.0915603, 18.7657586 ], [ 82.0887213, 18.760213 ], [ 82.084955, 18.7186213 ], [ 82.0167231, 18.7195232 ], [ 81.965441, 18.6934246 ], [ 81.948925, 18.6437378 ], [ 81.8941293, 18.6427227 ], [ 81.9630116, 18.5948168 ], [ 81.9501744, 18.5699986 ], [ 81.9263834, 18.5670893 ], [ 81.9106722, 18.570663 ], [ 81.9056425, 18.5611846 ], [ 81.868229500000012, 18.5249493 ], [ 81.8572041, 18.4939611 ], [ 81.7688208, 18.4181116 ], [ 81.7502795, 18.353627 ], [ 81.65953, 18.346727 ], [ 81.6498264, 18.3355543 ], [ 81.6621505, 18.32501 ], [ 81.6280905, 18.313873 ], [ 81.6131121, 18.3071617 ], [ 81.6005213, 18.3097138 ], [ 81.5643105, 18.2752268 ], [ 81.5312057, 18.2653316 ], [ 81.5304302, 18.2403102 ], [ 81.5071354, 18.1855435 ], [ 81.526014, 18.1599842 ], [ 81.5135011, 18.1005727 ], [ 81.4825382, 18.0553528 ], [ 81.4823725, 17.975536 ], [ 81.4490978, 17.9319649 ], [ 81.447772, 17.8891574 ], [ 81.4007158, 17.8942941 ], [ 81.4033243, 17.8497152 ], [ 81.3890536, 17.8299498 ], [ 81.3883622, 17.8244601 ], [ 81.3917965, 17.8154508 ], [ 81.3950319, 17.8191772 ], [ 81.395651, 17.8196686 ], [ 81.3960715, 17.8199516 ], [ 81.418601, 17.8148658 ], [ 81.4786732, 17.8375483 ], [ 81.4885306, 17.8144181 ], [ 81.563531, 17.827225 ], [ 81.5732397, 17.8385937 ], [ 81.6187691, 17.8240577 ], [ 81.6407081, 17.8401703 ], [ 81.6621704, 17.8816291 ], [ 81.7104213, 17.87391 ], [ 81.7878569, 17.9260075 ], [ 81.808169, 17.9564437 ], [ 81.9634553, 18.0019211 ], [ 81.992624, 18.0280505 ], [ 82.0070112, 18.0583851 ], [ 82.0749514, 18.0759438 ], [ 82.167158, 18.0526891 ], [ 82.1872728, 18.0157616 ], [ 82.2444807, 17.9937403 ], [ 82.2645423, 17.9956238 ], [ 82.2709393, 18.0579545 ], [ 82.2897121, 18.0696428 ], [ 82.3422097, 18.0587385 ], [ 82.347615, 18.0891246 ], [ 82.3325379, 18.1276 ], [ 82.3517029, 18.1724334 ], [ 82.3137929, 18.1847673 ], [ 82.3429715, 18.2812858 ], [ 82.3731154, 18.2817914 ], [ 82.390672100000018, 18.327211 ], [ 82.3382268, 18.3236937 ], [ 82.382708, 18.3665157 ], [ 82.3810288, 18.4345688 ], [ 82.4270286, 18.4842067 ], [ 82.4717745, 18.543298 ], [ 82.5041687, 18.5143623 ], [ 82.5259462, 18.516356 ], [ 82.531791, 18.509573 ], [ 82.5264692, 18.4963202 ], [ 82.532232, 18.4920721 ], [ 82.5308177, 18.4730638 ], [ 82.5412858, 18.4216482 ], [ 82.5607107, 18.4006799 ], [ 82.6052637, 18.3820632 ], [ 82.5924141, 18.3290544 ], [ 82.5965809, 18.2650095 ], [ 82.6367185, 18.2375542 ], [ 82.6474398, 18.246259 ], [ 82.6457927, 18.2623671 ], [ 82.6549086, 18.2970233 ], [ 82.699944, 18.3113697 ], [ 82.7130291, 18.3231354 ], [ 82.769157299999989, 18.3382323 ], [ 82.7888246, 18.3639216 ], [ 82.7804369, 18.4315196 ], [ 82.8139036, 18.4516432 ], [ 82.8702996, 18.4193266 ], [ 82.892467, 18.3922308 ], [ 82.8941629, 18.3816031 ], [ 82.9017772, 18.3742102 ], [ 82.9204434, 18.3761701 ], [ 82.937978, 18.3615632 ], [ 82.9750503, 18.3635323 ], [ 83.0201724, 18.3924314 ], [ 83.0527296, 18.3807158 ], [ 83.0588559, 18.4367776 ], [ 83.0190847, 18.457197 ], [ 83.0731904, 18.5155376 ], [ 83.0436337, 18.5450239 ], [ 82.9989533, 18.6214717 ], [ 83.022647, 18.6550472 ], [ 83.056021199999989, 18.6662051 ], [ 83.0707229, 18.7062072 ], [ 83.0998159, 18.7337455 ], [ 83.1371523, 18.7863042 ], [ 83.1912956, 18.7540643 ], [ 83.2234679, 18.7518476 ], [ 83.2413538, 18.7692095 ], [ 83.2796417, 18.7759091 ], [ 83.2806569, 18.797138 ], [ 83.345971300000016, 18.8278297 ], [ 83.4040794, 18.844897 ], [ 83.3902524, 18.883043 ], [ 83.3572248, 18.9178641 ], [ 83.3505027, 18.94446 ], [ 83.369227, 18.9465478 ], [ 83.3640028, 18.9582418 ], [ 83.3482513, 18.9604161 ], [ 83.3484052, 18.9263198 ], [ 83.3347763, 18.9466913 ], [ 83.3370664, 18.9540727 ], [ 83.3317891, 18.956021 ], [ 83.3320062, 18.9657889 ], [ 83.3192937, 18.9716714 ], [ 83.3088134, 18.9997779 ], [ 83.3635978, 19.0175952 ], [ 83.3990585, 19.0100138 ], [ 83.438983, 18.976216 ], [ 83.4456161, 18.9579591 ], [ 83.4678825, 18.9702411 ], [ 83.4765132, 19.0085171 ], [ 83.4811246, 19.0351724 ], [ 83.4688081, 19.0438325 ], [ 83.4653454, 19.0886061 ], [ 83.4964202, 19.0644527 ], [ 83.5164316, 19.0574887 ], [ 83.5169867, 19.0313364 ], [ 83.5006789, 19.0209869 ], [ 83.5207464, 19.0132286 ], [ 83.5360225, 19.0140915 ], [ 83.5396863, 19.0419089 ], [ 83.5536808, 19.0642858 ], [ 83.5466061, 19.078789 ], [ 83.561168, 19.0861507 ], [ 83.5827835, 19.0846333 ], [ 83.6086856, 19.0969888 ], [ 83.5997294, 19.136449 ], [ 83.6318087, 19.1406782 ], [ 83.6366541, 19.1327313 ], [ 83.6497425, 19.1230962 ], [ 83.6472225, 19.1184883 ], [ 83.6505606, 19.1172236 ], [ 83.6508145, 19.1102029 ], [ 83.655677, 19.1086389 ], [ 83.6638496, 19.0931198 ], [ 83.6640311, 19.076492 ], [ 83.685359, 19.0583668 ], [ 83.7162114, 18.994352 ], [ 83.745583, 18.996686 ], [ 83.7927208, 19.0188806 ], [ 83.8218711, 18.960061 ], [ 83.8198398, 18.9390881 ], [ 83.8458975, 18.9134134 ], [ 83.8437849, 18.8761044 ], [ 83.8514844, 18.85939 ], [ 83.8705505, 18.8485074 ], [ 83.8857371, 18.8319036 ], [ 83.8891672, 18.826033 ], [ 83.8911666, 18.8154182 ], [ 83.8945235, 18.8172484 ], [ 84.0012575, 18.8101913 ], [ 84.0364817, 18.8173397 ], [ 84.0916371, 18.7601842 ], [ 84.1670593, 18.7893066 ], [ 84.1914296, 18.7825345 ], [ 84.2242875, 18.7997152 ], [ 84.265529, 18.7852178 ], [ 84.2869475, 18.8049385 ], [ 84.31898, 18.7879603 ], [ 84.3403387, 18.8086882 ], [ 84.332597, 18.8213484 ], [ 84.3476302, 18.8214903 ], [ 84.3490882, 18.8237863 ], [ 84.3491455, 18.8280306 ], [ 84.3506736, 18.8325078 ], [ 84.352767899999989, 18.8329211 ], [ 84.3549345, 18.83204 ], [ 84.3576059, 18.8325472 ], [ 84.3629064, 18.8399759 ], [ 84.3451109, 18.8488792 ], [ 84.3257269, 18.8759227 ], [ 84.3601355, 18.8621254 ], [ 84.4160367, 18.8984736 ], [ 84.4290272, 18.9178525 ], [ 84.4366629, 18.9237824 ], [ 84.4354054, 18.933722 ], [ 84.428767, 18.9699952 ], [ 84.4762107, 18.992145 ], [ 84.4946196, 19.0318931 ], [ 84.5669448, 19.0706922 ], [ 84.592059, 19.0231778 ], [ 84.6257188, 19.0671047 ], [ 84.651842, 19.0684224 ], [ 84.6614974, 19.0887318 ], [ 84.6074275, 19.101675 ], [ 84.6007223, 19.1275151 ], [ 84.6058057, 19.1298413 ], [ 84.628734, 19.1275955 ], [ 84.6419588, 19.1346145 ], [ 84.6526095, 19.1302839 ], [ 84.668790700000017, 19.1669454 ], [ 84.7088743, 19.1600587 ], [ 84.6957312, 19.1273339 ], [ 84.7060974, 19.1166086 ], [ 84.7442515, 19.0899631 ], [ 84.7513047, 19.0826376 ], [ 84.7614209, 19.0792024 ], [ 84.7647423, 19.0772772 ], [ 84.7651139, 19.0769167 ], [ 84.7651141, 19.0769168 ], [ 84.8085083, 19.1542371 ], [ 84.8479169, 19.2009396 ], [ 84.9301616, 19.2762447 ], [ 84.9802845, 19.3155562 ], [ 85.0793764, 19.3749855 ], [ 85.1042016, 19.4130308 ], [ 85.1429238, 19.4456027 ], [ 85.307293, 19.5615215 ], [ 85.4084749, 19.6179819 ], [ 85.49780650000001, 19.6570633 ], [ 85.6790663, 19.7451317 ], [ 85.8026399, 19.788146 ], [ 85.9627902, 19.8326022 ], [ 86.0577414, 19.8504233 ], [ 86.2300349, 19.9021849 ], [ 86.3239451, 19.9461589 ], [ 86.3550389, 19.9480033 ], [ 86.4087801, 19.9950875 ], [ 86.434577800000014, 20.0531162 ], [ 86.4761317, 20.0974406 ], [ 86.5203782, 20.170166 ], [ 86.5955096, 20.2245012 ], [ 86.7222725, 20.2903176 ], [ 86.770905200000016, 20.3238928 ], [ 86.7764852, 20.3454399 ], [ 86.8098259, 20.37504 ], [ 86.7877633, 20.4048546 ], [ 86.7330234, 20.3950019 ], [ 86.7304294, 20.4415152 ], [ 86.7760886, 20.5224366 ], [ 86.8879921, 20.6046837 ], [ 87.055649699999989, 20.7150431 ], [ 87.0221284, 20.7703478 ], [ 86.8952045, 20.7638993 ], [ 86.9078575, 20.7932511 ], [ 86.9718279, 20.7939157 ], [ 86.9767867, 20.8608822 ], [ 86.8727722, 21.044562 ], [ 86.8524563, 21.0945797 ], [ 86.8408058, 21.1577615 ], [ 86.863259, 21.2226018 ], [ 86.8906687, 21.2553237 ], [ 86.9449568, 21.3528136 ], [ 86.9841802, 21.3895996 ], [ 87.0386136, 21.4200651 ], [ 87.1102463, 21.4844066 ], [ 87.1478204, 21.5086814 ], [ 87.2355251, 21.5382825 ], [ 87.3929779, 21.5429992 ], [ 87.4451024, 21.5879621 ], [ 87.4841586, 21.6026941 ], [ 87.486216, 21.6097664 ], [ 87.4832393, 21.6217974 ], [ 87.48574, 21.6308531 ], [ 87.4806508, 21.635295 ], [ 87.4683142, 21.6641265 ], [ 87.470636399999989, 21.7051628 ], [ 87.444380600000017, 21.7682209 ], [ 87.4072882, 21.769127 ], [ 87.3869243, 21.7758176 ], [ 87.3740428, 21.7720384 ], [ 87.3746638, 21.7643769 ], [ 87.3692599, 21.7645998 ], [ 87.3726848, 21.774788 ], [ 87.3668992, 21.7805765 ], [ 87.358795, 21.7816682 ], [ 87.355443, 21.7910666 ], [ 87.3472887, 21.7920726 ], [ 87.2765305, 21.8051785 ], [ 87.2466148, 21.8613442 ], [ 87.2389339, 21.8998783 ], [ 87.255121699999989, 21.9267182 ], [ 87.2358573, 21.957063 ], [ 87.1634208, 21.9690993 ], [ 87.1632408, 21.9396334 ], [ 87.0967377, 21.9144867 ], [ 87.0986013, 21.8658168 ], [ 87.0397254, 21.8674429 ], [ 87.001946, 21.9130359 ], [ 87.030141, 21.983771 ], [ 87.0281624, 22.0379031 ], [ 86.9925523, 22.0550167 ], [ 86.9600889, 22.0879467 ], [ 86.8519096, 22.1028789 ], [ 86.8088577, 22.1191656 ], [ 86.8042728, 22.1498795 ], [ 86.7947972, 22.1571886 ], [ 86.7702154, 22.1491509 ], [ 86.7217998, 22.1467515 ], [ 86.717855899999989, 22.181629 ], [ 86.7227922, 22.1899393 ], [ 86.721388499999989, 22.2013719 ], [ 86.724158, 22.2105691 ], [ 86.7263706, 22.2157589 ], [ 86.7269566, 22.216793 ], [ 86.7272709, 22.2173477 ], [ 86.6560476, 22.2357913 ], [ 86.6514817, 22.2632079 ], [ 86.5848401, 22.3006012 ], [ 86.5530029, 22.2989552 ], [ 86.499377, 22.3463201 ], [ 86.4109834, 22.3197965 ], [ 86.3677798, 22.3438408 ], [ 86.3228731, 22.384768 ], [ 86.2833769, 22.4478266 ], [ 86.2258497, 22.4530276 ], [ 86.2115395, 22.4714508 ], [ 86.123718, 22.4886104 ], [ 86.1039968, 22.5008657 ], [ 86.069078, 22.5559173 ], [ 85.9733594, 22.5058433 ], [ 85.9603042, 22.4613805 ], [ 85.98643580000001, 22.4351021 ], [ 86.0180668, 22.4257315 ], [ 86.0290984, 22.3857669 ], [ 85.9979813, 22.3448297 ], [ 86.0290215, 22.3343107 ], [ 86.0143426, 22.3217643 ], [ 86.0313636, 22.3072416 ], [ 86.017089, 22.2972626 ], [ 86.0053015, 22.2786565 ], [ 85.9884886, 22.267266 ], [ 85.9738353, 22.247066 ], [ 86.031402899999989, 22.1925143 ], [ 85.9967142, 22.1324403 ], [ 86.009389, 22.1177836 ], [ 85.9435506, 22.0203534 ], [ 85.9308369, 22.0233333 ], [ 85.9143873, 21.996118 ], [ 85.9119612, 21.9871211 ], [ 85.9139066, 21.9799799 ], [ 85.9008225, 21.9826923 ], [ 85.88387, 21.9794402 ], [ 85.8523521, 21.9834189 ], [ 85.8257117, 21.9750571 ], [ 85.7659973, 21.9949066 ], [ 85.7833086, 22.0314989 ], [ 85.7772435, 22.055623 ], [ 85.7956, 22.080733 ], [ 85.8362568, 22.0914888 ], [ 85.8073795, 22.1160999 ], [ 85.7301638, 22.0652682 ], [ 85.690220599999989, 22.0609067 ], [ 85.6448595, 22.0946536 ], [ 85.5993596, 22.0783377 ], [ 85.494511, 22.1194312 ], [ 85.412316, 22.1616091 ], [ 85.3710369, 22.1609761 ], [ 85.352677899999989, 22.1287369 ], [ 85.3230503, 22.1274882 ], [ 85.2812646, 22.0904127 ], [ 85.2391265, 22.0093986 ], [ 85.2142561, 22.0493951 ], [ 85.1530507, 22.0789207 ], [ 85.1266682, 22.0747713 ], [ 85.099857899999989, 22.1041987 ], [ 85.0554229, 22.1155789 ], [ 85.0298142, 22.1623857 ], [ 85.052431, 22.1950997 ], [ 85.0780977, 22.2578368 ], [ 85.07242, 22.2761307 ], [ 85.1069959, 22.2957084 ], [ 85.117997699999989, 22.3175546 ], [ 85.0892852, 22.3196276 ], [ 85.0956264, 22.3446832 ], [ 85.0765396, 22.3561341 ], [ 85.0795999, 22.3698825 ], [ 85.0864416, 22.3814718 ], [ 85.0868299, 22.3824653 ], [ 85.0870962, 22.3835828 ], [ 85.0877951, 22.3875569 ], [ 85.0877007, 22.388406 ], [ 85.085667, 22.3980866 ], [ 85.0863216, 22.3999631 ], [ 85.0834873, 22.4061506 ], [ 85.0774908, 22.4182091 ], [ 85.0596728, 22.4486426 ], [ 85.0777452, 22.4774908 ], [ 85.0570066, 22.4861987 ], [ 84.9706741, 22.4516413 ], [ 84.9543197, 22.4587302 ], [ 84.9094268, 22.422686 ], [ 84.880072, 22.4489046 ], [ 84.8357793, 22.4320289 ], [ 84.8034041, 22.4480411 ], [ 84.7590384, 22.4466517 ], [ 84.7500645, 22.419296 ], [ 84.6665616, 22.4195316 ], [ 84.6288139, 22.4345076 ], [ 84.5029634, 22.4198192 ], [ 84.4771338, 22.3869418 ], [ 84.4288897, 22.3710302 ], [ 84.400478, 22.3464133 ], [ 84.36747410000001, 22.3531533 ], [ 84.3169844, 22.3422656 ], [ 84.2689648, 22.354503 ], [ 84.250410699999989, 22.3789609 ], [ 84.1968397, 22.3780846 ], [ 84.1410071, 22.4258888 ], [ 84.1424082, 22.4723449 ], [ 84.1129593, 22.4765365 ], [ 84.057586, 22.5159492 ], [ 84.0397266, 22.5157259 ], [ 84.0256686, 22.5257103 ], [ 84.0115866, 22.523756 ], [ 84.0088985, 22.525196 ], [ 84.0091275, 22.5260523 ] ] ] } },
{ "type": "Feature", "properties": { "STATE.NAME": "Dadra and Nagar Haveli", "AREA": 502.987582 }, "geometry": { "type": "Polygon", "coordinates": [ [ [ 72.9616139, 20.208753 ], [ 72.9613614, 20.2085613 ], [ 72.9611724, 20.2078072 ], [ 72.9599357, 20.1999484 ], [ 72.9617283, 20.1842529 ], [ 72.9740166, 20.1583022 ], [ 72.9719138, 20.114667 ], [ 73.008409, 20.1081893 ], [ 73.0396162, 20.0670897 ], [ 73.0526973, 20.064461 ], [ 73.0558526, 20.0989962 ], [ 73.1050444, 20.0883176 ], [ 73.1107834, 20.0744317 ], [ 73.1196219, 20.0787235 ], [ 73.131968, 20.0817577 ], [ 73.1473945, 20.0733089 ], [ 73.1708516, 20.0520719 ], [ 73.2131539, 20.0910328 ], [ 73.2150933, 20.1191544 ], [ 73.2132994, 20.119356 ], [ 73.2112794, 20.1202902 ], [ 73.2108223, 20.1204083 ], [ 73.2106576, 20.1204516 ], [ 73.2099081, 20.1206489 ], [ 73.2043784, 20.1191534 ], [ 73.1976975, 20.1262427 ], [ 73.1889494, 20.1275976 ], [ 73.1856334, 20.1557601 ], [ 73.2146759, 20.1697129 ], [ 73.1990635, 20.1943798 ], [ 73.1332447, 20.2056895 ], [ 73.142123900000016, 20.1772861 ], [ 73.1069532, 20.1578866 ], [ 73.0795389, 20.1731612 ], [ 73.0628935, 20.1696742 ], [ 73.0597908, 20.1938562 ], [ 73.0536566, 20.205313 ], [ 73.0602175, 20.2232593 ], [ 73.0712347, 20.2300198 ], [ 73.084878, 20.2282907 ], [ 73.0876044, 20.2250854 ], [ 73.0979149, 20.2275419 ], [ 73.097331, 20.236028 ], [ 73.1148622, 20.2565072 ], [ 73.1657422, 20.2829478 ], [ 73.1514079, 20.3171927 ], [ 73.1088191, 20.3237502 ], [ 73.1054392, 20.3497824 ], [ 73.0382631, 20.3172926 ], [ 73.0357688, 20.2923292 ], [ 72.9936426, 20.2924325 ], [ 72.9627734, 20.2712021 ], [ 72.9416531, 20.2925119 ], [ 72.916971300000014, 20.281258 ], [ 72.9118648, 20.268954 ], [ 72.9539635, 20.2368835 ], [ 72.9656393, 20.2247653 ], [ 72.964757, 20.2115023 ], [ 72.963179, 20.2085286 ], [ 72.9624796, 20.2082057 ], [ 72.9616496, 20.2087305 ], [ 72.961614, 20.208753 ], [ 72.9616139, 20.208753 ] ] ] } },
{ "type": "Feature", "properties": { "STATE.NAME": "Andaman and Nicobar Islands", "AREA": 7313.690416 }, "geometry": { "type": "MultiPolygon", "coordinates": [ [ [ [ 93.8371202, 7.2410303 ], [ 93.8076879, 7.2373148 ], [ 93.7968207, 7.2138715 ], [ 93.740488, 7.2091139 ], [ 93.7224707, 7.1892798 ], [ 93.6803176, 7.1933298 ], [ 93.6635216, 7.1778285 ], [ 93.6646209, 7.1153489 ], [ 93.6566971, 7.0483523 ], [ 93.670448, 7.0176964 ], [ 93.6943444, 7.0132176 ], [ 93.7371991, 6.9644424 ], [ 93.744172, 6.9075915 ], [ 93.7695666, 6.8909956 ], [ 93.7795909, 6.8349601 ], [ 93.8069812, 6.7760377 ], [ 93.8289625, 6.7551004 ], [ 93.8455037, 6.817046 ], [ 93.8920112, 6.8067159 ], [ 93.8898966, 6.9023526 ], [ 93.9309537, 6.9622688 ], [ 93.911696, 7.0060957 ], [ 93.9331456, 7.0111034 ], [ 93.8975825, 7.080612 ], [ 93.88004, 7.0911023 ], [ 93.871069300000016, 7.1864697 ], [ 93.8371202, 7.2410303 ] ] ], [ [ [ 93.6999246, 7.4458834 ], [ 93.6957829, 7.3961818 ], [ 93.650177, 7.3829492 ], [ 93.6191088, 7.3626824 ], [ 93.6245584, 7.3232136 ], [ 93.6169558, 7.2700291 ], [ 93.6360323, 7.2444481 ], [ 93.6673363, 7.2868587 ], [ 93.7130516, 7.3122134 ], [ 93.7432474, 7.377068 ], [ 93.7087384, 7.4047173 ], [ 93.6999246, 7.4458834 ] ] ], [ [ [ 93.3708689, 8.0222877 ], [ 93.3240117, 8.010845 ], [ 93.3009991, 7.9612842 ], [ 93.3126712, 7.9291198 ], [ 93.3417364, 7.9603113 ], [ 93.353387, 7.9345795 ], [ 93.3332317, 7.9182058 ], [ 93.343558, 7.8919133 ], [ 93.3679247, 7.8836702 ], [ 93.4159164, 7.9078533 ], [ 93.4509841, 7.8738318 ], [ 93.4640329, 7.8939584 ], [ 93.4509912, 7.9365719 ], [ 93.392846, 7.9736437 ], [ 93.3976074, 8.0070368 ], [ 93.3708689, 8.0222877 ] ] ], [ [ [ 93.5358317, 8.028893 ], [ 93.4985176, 7.9861114 ], [ 93.5601353, 7.934576 ], [ 93.5709187, 7.9404417 ], [ 93.5695519, 7.9981793 ], [ 93.5358317, 8.028893 ] ] ], [ [ [ 93.1165178, 8.3567163 ], [ 93.0852895, 8.3399898 ], [ 93.075095, 8.2785071 ], [ 93.1119352, 8.2254105 ], [ 93.1557521, 8.2029282 ], [ 93.1843929, 8.2258189 ], [ 93.1474503, 8.2421106 ], [ 93.1164674, 8.2761164 ], [ 93.1322448, 8.3486296 ], [ 93.1165178, 8.3567163 ] ] ], [ [ [ 92.7907519, 9.240512 ], [ 92.763613, 9.2170362 ], [ 92.7174099, 9.2095128 ], [ 92.7175186, 9.1476172 ], [ 92.7290631, 9.1264071 ], [ 92.8004135, 9.123289 ], [ 92.8265791, 9.1410684 ], [ 92.8286173, 9.1701184 ], [ 92.812596200000016, 9.2190857 ], [ 92.7907519, 9.240512 ] ] ], [ [ [ 92.5202529, 10.897936 ], [ 92.4921798, 10.8897101 ], [ 92.4580081, 10.8601216 ], [ 92.42276, 10.802301 ], [ 92.3782749, 10.7825863 ], [ 92.3850474, 10.6698739 ], [ 92.4106368, 10.6456348 ], [ 92.4202971, 10.6133027 ], [ 92.3823613, 10.5387434 ], [ 92.4193011, 10.5499788 ], [ 92.4521594, 10.5447656 ], [ 92.4987828, 10.5135621 ], [ 92.5314533, 10.5209056 ], [ 92.5685057, 10.5784313 ], [ 92.5415052, 10.5947526 ], [ 92.5539672, 10.6422007 ], [ 92.5969862, 10.6812586 ], [ 92.5830252, 10.7414762 ], [ 92.5856653, 10.7899488 ], [ 92.5620892, 10.8103527 ], [ 92.5540176, 10.8687913 ], [ 92.5202529, 10.897936 ] ] ], [ [ [ 93.5112366, 8.2352913 ], [ 93.4849351, 8.2239304 ], [ 93.479545, 8.1982657 ], [ 93.449571, 8.1801834 ], [ 93.4460883, 8.1464292 ], [ 93.4733898, 8.0872563 ], [ 93.5405802, 8.0701489 ], [ 93.500963, 8.138833 ], [ 93.4953595, 8.1663786 ], [ 93.5341245, 8.1980222 ], [ 93.5334014, 8.2289409 ], [ 93.5112366, 8.2352913 ] ] ], [ [ [ 92.2140128, 11.5953865 ], [ 92.2047184, 11.5480404 ], [ 92.2133339, 11.5306635 ], [ 92.2719435, 11.5353525 ], [ 92.2682619, 11.5854115 ], [ 92.2140128, 11.5953865 ] ] ], [ [ [ 93.0169321, 11.8446658 ], [ 93.0574669, 11.8154467 ], [ 93.0621747, 11.8444345 ], [ 93.0169321, 11.8446658 ] ] ], [ [ [ 92.9659656, 12.0420769 ], [ 92.9379919, 11.986443 ], [ 92.959532, 11.9810148 ], [ 92.9727007, 11.9489177 ], [ 92.9967205, 11.9467265 ], [ 93.0372258, 11.8822579 ], [ 93.0526032, 11.8995593 ], [ 93.0355084, 11.9481471 ], [ 93.0052994, 12.0023663 ], [ 92.9952323, 12.0378169 ], [ 92.9659656, 12.0420769 ] ] ], [ [ [ 92.9988824, 12.1063685 ], [ 92.9584188, 12.1001318 ], [ 92.9563459, 12.0695332 ], [ 93.0044569, 12.047766 ], [ 92.9988824, 12.1063685 ] ] ], [ [ [ 93.0251692, 12.1468942 ], [ 93.0023122, 12.1245833 ], [ 93.0063725, 12.0783113 ], [ 93.0335728, 12.0953168 ], [ 93.0251692, 12.1468942 ] ] ], [ [ [ 92.9870426, 12.160542 ], [ 92.9519863, 12.1472707 ], [ 92.9624151, 12.113613 ], [ 93.00268, 12.1122427 ], [ 92.9870426, 12.160542 ] ] ], [ [ [ 93.071137, 12.210571 ], [ 93.0561493, 12.1943734 ], [ 93.0363425, 12.13114 ], [ 93.0741217, 12.084807 ], [ 93.0935481, 12.1465412 ], [ 93.071137, 12.210571 ] ] ], [ [ [ 92.6375985, 11.510622 ], [ 92.6174277, 11.4918484 ], [ 92.6100144, 11.4585618 ], [ 92.6243755, 11.4195218 ], [ 92.5867211, 11.4012487 ], [ 92.5805547, 11.3705559 ], [ 92.6007128, 11.3463481 ], [ 92.637389, 11.3470859 ], [ 92.6885587, 11.3700196 ], [ 92.653253, 11.4099966 ], [ 92.683647, 11.4327558 ], [ 92.6677747, 11.489319 ], [ 92.6375985, 11.510622 ] ] ], [ [ [ 92.6941593, 12.9918017 ], [ 92.6682663, 12.9571774 ], [ 92.6638704, 12.8819742 ], [ 92.6481913, 12.8605149 ], [ 92.6649327, 12.8118607 ], [ 92.7026621, 12.8451348 ], [ 92.721764100000016, 12.9023392 ], [ 92.7184704, 12.9824504 ], [ 92.6941593, 12.9918017 ] ] ], [ [ [ 93.0290499, 13.5695548 ], [ 92.9891494, 13.5660603 ], [ 92.9478946, 13.5324232 ], [ 92.9130276, 13.5269618 ], [ 92.8948956, 13.4751977 ], [ 92.8714141, 13.4724299 ], [ 92.8835635, 13.4317599 ], [ 92.8484538, 13.4116495 ], [ 92.8259196, 13.329221 ], [ 92.8267519, 13.2366093 ], [ 92.8094404, 13.1265559 ], [ 92.8185944, 13.1028247 ], [ 92.7964849, 13.0805401 ], [ 92.7919364, 12.9285138 ], [ 92.8007215, 12.9001127 ], [ 92.8106442, 12.900028 ], [ 92.8429668, 12.8902411 ], [ 92.8422844, 12.8771176 ], [ 92.8712983, 12.8832 ], [ 92.8593182, 12.9021114 ], [ 92.8555232, 12.9268915 ], [ 92.8759196, 12.9446245 ], [ 92.8821435, 12.9792246 ], [ 92.9111733, 12.989913 ], [ 92.9018508, 13.022842 ], [ 92.9329423, 13.0481799 ], [ 92.9669508, 13.0183317 ], [ 93.0047492, 13.0314448 ], [ 93.0332975, 13.0818793 ], [ 93.0308725, 13.1776224 ], [ 93.0552146, 13.2334495 ], [ 93.0439153, 13.2588821 ], [ 92.9823202, 13.3292815 ], [ 93.0026189, 13.354394 ], [ 93.0387463, 13.3512415 ], [ 93.0572783, 13.3977123 ], [ 93.0284596, 13.4282678 ], [ 93.0434275, 13.5256902 ], [ 93.0290499, 13.5695548 ] ] ], [ [ [ 92.7336974, 12.2403926 ], [ 92.720584, 12.1975096 ], [ 92.7628422, 12.1830851 ], [ 92.7609343, 12.2284768 ], [ 92.7336974, 12.2403926 ] ] ], [ [ [ 92.8099161, 12.3134191 ], [ 92.7416631, 12.244353 ], [ 92.7695601, 12.2385096 ], [ 92.7686905, 12.1841947 ], [ 92.7375961, 12.0987376 ], [ 92.7631126, 12.06425 ], [ 92.7823297, 12.0717009 ], [ 92.8179458, 12.1142282 ], [ 92.8281032, 12.1577016 ], [ 92.84937, 12.1506937 ], [ 92.873851, 12.2059223 ], [ 92.8771862, 12.2516112 ], [ 92.869484, 12.3009311 ], [ 92.8338229, 12.2999656 ], [ 92.8099161, 12.3134191 ] ] ], [ [ [ 92.6958627, 12.2392296 ], [ 92.6443055, 12.1787816 ], [ 92.6236303, 12.1076547 ], [ 92.6237148, 12.0277855 ], [ 92.6123753, 11.9993097 ], [ 92.6082744, 11.8964026 ], [ 92.6128469, 11.853486 ], [ 92.5826003, 11.8649739 ], [ 92.5800462, 11.9141059 ], [ 92.5644434, 11.9434854 ], [ 92.5279017, 11.8962414 ], [ 92.5316922, 11.8693598 ], [ 92.5143349, 11.8484373 ], [ 92.5496337, 11.8233697 ], [ 92.5526625, 11.7183871 ], [ 92.5917621, 11.7313126 ], [ 92.5910771, 11.6709102 ], [ 92.6066674, 11.6410517 ], [ 92.6175195, 11.5881356 ], [ 92.6488938, 11.5723571 ], [ 92.6449106, 11.5239912 ], [ 92.6627341, 11.5071928 ], [ 92.698688, 11.507486 ], [ 92.7105333, 11.4882982 ], [ 92.7507047, 11.6087494 ], [ 92.755368, 11.6644739 ], [ 92.7182219, 11.6820611 ], [ 92.7088364, 11.6512686 ], [ 92.6775237, 11.6133742 ], [ 92.6624405, 11.6570265 ], [ 92.6951836, 11.6665218 ], [ 92.7013001, 11.6956887 ], [ 92.753459, 11.718193 ], [ 92.7895774, 11.8837762 ], [ 92.7858783, 11.9255406 ], [ 92.7453188, 11.9323293 ], [ 92.7173016, 11.8842289 ], [ 92.7052026, 11.9279313 ], [ 92.7135263, 11.9944191 ], [ 92.7464286, 11.978205 ], [ 92.7820453, 12.0449705 ], [ 92.7402579, 12.0730869 ], [ 92.7336253, 12.1033944 ], [ 92.7562121, 12.1630371 ], [ 92.7169857, 12.1739728 ], [ 92.6958627, 12.2392296 ] ] ], [ [ [ 92.9007271, 12.911063 ], [ 92.8957509, 12.8983195 ], [ 92.8699155, 12.8896732 ], [ 92.8735694, 12.8811709 ], [ 92.843501, 12.875283 ], [ 92.8280532, 12.8850893 ], [ 92.820688, 12.8962059 ], [ 92.8016212, 12.8970309 ], [ 92.7903341, 12.890038 ], [ 92.7800284, 12.8238037 ], [ 92.7532702, 12.8484663 ], [ 92.7217976, 12.8253656 ], [ 92.7195168, 12.7889479 ], [ 92.7400544, 12.7250467 ], [ 92.7284046, 12.6979065 ], [ 92.7422484, 12.6720988 ], [ 92.7002206, 12.600361 ], [ 92.7080447, 12.5512678 ], [ 92.6985525, 12.5153639 ], [ 92.7079003, 12.4932631 ], [ 92.6978492, 12.4262416 ], [ 92.7050705, 12.3704784 ], [ 92.698995, 12.3309313 ], [ 92.719188, 12.3002804 ], [ 92.7700061, 12.3166413 ], [ 92.8095575, 12.3158233 ], [ 92.8312015, 12.302858 ], [ 92.881958, 12.3330946 ], [ 92.8276165, 12.4238171 ], [ 92.873312900000016, 12.4175303 ], [ 92.9186253, 12.4231386 ], [ 92.9405733, 12.4505565 ], [ 92.9377427, 12.4821558 ], [ 92.9723905, 12.5310847 ], [ 92.9584441, 12.5772403 ], [ 92.9562901, 12.6404757 ], [ 92.9673674, 12.7389665 ], [ 92.9279594, 12.7752773 ], [ 92.9521327, 12.8058971 ], [ 92.9285438, 12.8349432 ], [ 92.937588, 12.8506738 ], [ 92.9007271, 12.911063 ] ] ] ] } },
{ "type": "Feature", "properties": { "STATE.NAME": "Bihar", "AREA": 94190.701291000005 }, "geometry": { "type": "Polygon", "coordinates": [ [ [ 83.5032948, 24.5254397 ], [ 83.5057699, 24.5256671 ], [ 83.5100475, 24.5253693 ], [ 83.5135614, 24.525595 ], [ 83.5198617, 24.5245318 ], [ 83.5376808, 24.5248341 ], [ 83.5520313, 24.5232507 ], [ 83.5959597, 24.5126391 ], [ 83.6878049, 24.5138008 ], [ 83.7145246, 24.5040373 ], [ 83.7546107, 24.5093776 ], [ 83.8014682, 24.5299497 ], [ 83.8726895, 24.5322011 ], [ 83.9330075, 24.5473481 ], [ 83.9748214, 24.5913845 ], [ 83.9980385, 24.6382699 ], [ 84.033985, 24.6297998 ], [ 84.073127700000015, 24.5673931 ], [ 84.0851104, 24.5135776 ], [ 84.103915, 24.4809116 ], [ 84.1407164, 24.5005103 ], [ 84.178579700000014, 24.5052207 ], [ 84.1727832, 24.5451017 ], [ 84.2361287, 24.5495268 ], [ 84.2590181, 24.5342439 ], [ 84.3000169, 24.5453934 ], [ 84.3273568, 24.4872916 ], [ 84.3027619, 24.4800347 ], [ 84.3415733, 24.3935821 ], [ 84.3893294, 24.3801075 ], [ 84.4034432, 24.3632328 ], [ 84.4105251, 24.3623792 ], [ 84.4171875, 24.3588917 ], [ 84.4261182, 24.3572204 ], [ 84.4270626, 24.3549541 ], [ 84.4249447, 24.348987 ], [ 84.4249171, 24.3429699 ], [ 84.4231378, 24.3340908 ], [ 84.4243963, 24.3298249 ], [ 84.4658932, 24.3315792 ], [ 84.5008663, 24.2876067 ], [ 84.5347196, 24.3646584 ], [ 84.558908699999989, 24.376044 ], [ 84.567549, 24.4092097 ], [ 84.6146455, 24.3987258 ], [ 84.6306991, 24.4050126 ], [ 84.6475146, 24.4016995 ], [ 84.650336, 24.3977008 ], [ 84.6564606, 24.3966025 ], [ 84.6622923, 24.3911769 ], [ 84.6653421, 24.3915872 ], [ 84.6761443, 24.4247375 ], [ 84.6752526, 24.4267565 ], [ 84.6707021, 24.4280875 ], [ 84.6771045, 24.4355574 ], [ 84.6791229, 24.4357238 ], [ 84.6856065, 24.4555765 ], [ 84.7271814, 24.4692039 ], [ 84.7556426, 24.5000681 ], [ 84.7893939, 24.5073612 ], [ 84.802188, 24.5306333 ], [ 84.8387902, 24.5127133 ], [ 84.8329365, 24.4699404 ], [ 84.8709237, 24.4581958 ], [ 84.8820356, 24.4246458 ], [ 84.9166003, 24.3733079 ], [ 84.9551927, 24.3715327 ], [ 85.0314645, 24.4157968 ], [ 85.0817081, 24.3984505 ], [ 85.073824, 24.3774265 ], [ 85.0987514, 24.373543 ], [ 85.1231709, 24.4019806 ], [ 85.1739445, 24.4205868 ], [ 85.1615042, 24.4607273 ], [ 85.224673, 24.4642228 ], [ 85.2496322, 24.490839 ], [ 85.2824643, 24.4915267 ], [ 85.2921222, 24.5237463 ], [ 85.3731665, 24.5247964 ], [ 85.3924053, 24.531156 ], [ 85.3975421, 24.544818 ], [ 85.4048083, 24.5415092 ], [ 85.4150893, 24.5396036 ], [ 85.4319548, 24.5315435 ], [ 85.4910402, 24.5480674 ], [ 85.5238228, 24.5209659 ], [ 85.5720851, 24.5622945 ], [ 85.567966, 24.5914437 ], [ 85.615221, 24.5807614 ], [ 85.6691058, 24.5797579 ], [ 85.6755239, 24.6180395 ], [ 85.6490114, 24.6845867 ], [ 85.681379299999989, 24.6915883 ], [ 85.7085865, 24.7268411 ], [ 85.7044758, 24.7663242 ], [ 85.741564, 24.8198348 ], [ 85.7781165, 24.7965373 ], [ 85.8200968, 24.8080288 ], [ 85.8896533, 24.7926856 ], [ 85.9203562, 24.7441372 ], [ 85.97021, 24.7330416 ], [ 85.9803842, 24.7487136 ], [ 86.0247393, 24.7667435 ], [ 86.0373889, 24.7765476 ], [ 86.0552938, 24.7797384 ], [ 86.0538333, 24.7559473 ], [ 86.0536926, 24.7453913 ], [ 86.0651312, 24.7514675 ], [ 86.0942063, 24.744916 ], [ 86.1285412, 24.6987478 ], [ 86.1154065, 24.6437338 ], [ 86.1246054, 24.6112827 ], [ 86.158305, 24.5867275 ], [ 86.2136298, 24.594346 ], [ 86.2923757, 24.5878953 ], [ 86.2971659, 24.5333281 ], [ 86.3091634, 24.5111876 ], [ 86.2761331, 24.4659121 ], [ 86.3159238, 24.4422186 ], [ 86.3954538, 24.4153142 ], [ 86.4130232, 24.3802852 ], [ 86.4452805, 24.3678501 ], [ 86.4912434, 24.4280288 ], [ 86.5002552, 24.4894371 ], [ 86.5166738, 24.5353659 ], [ 86.5526278, 24.5443662 ], [ 86.5804633, 24.5667016 ], [ 86.588893399999989, 24.5890325 ], [ 86.6031845, 24.6019588 ], [ 86.6130813, 24.5988887 ], [ 86.6242218, 24.5999834 ], [ 86.624914, 24.5901384 ], [ 86.6693826, 24.5661855 ], [ 86.7870158, 24.6164529 ], [ 86.8112958, 24.5689188 ], [ 86.8599671, 24.5560566 ], [ 86.908522499999989, 24.5850497 ], [ 86.9297902, 24.6267735 ], [ 86.9783615, 24.640118 ], [ 86.995435300000011, 24.6203538 ], [ 87.051072499999989, 24.6085589 ], [ 87.0542555, 24.6697246 ], [ 87.08047, 24.7261269 ], [ 87.0840468, 24.757442 ], [ 87.0786861, 24.7775651 ], [ 87.0950368, 24.8017017 ], [ 87.077215, 24.8076569 ], [ 87.0768878, 24.8237744 ], [ 87.0894989, 24.8222933 ], [ 87.1093627, 24.8516893 ], [ 87.1571112, 24.8829533 ], [ 87.1449623, 24.9192419 ], [ 87.1542229, 24.9754498 ], [ 87.1460974, 25.0089718 ], [ 87.1810864, 25.0658245 ], [ 87.2126516, 25.0911644 ], [ 87.2608133, 25.1044853 ], [ 87.2955051, 25.0885627 ], [ 87.318349, 25.1948012 ], [ 87.3345347, 25.2161535 ], [ 87.3708967, 25.2072089 ], [ 87.3918464, 25.2278996 ], [ 87.4629528, 25.1950874 ], [ 87.478106, 25.1944069 ], [ 87.4739375, 25.24017 ], [ 87.500864299999989, 25.2666668 ], [ 87.4872597, 25.2964841 ], [ 87.543188, 25.2972025 ], [ 87.5518585, 25.3326572 ], [ 87.5844411, 25.3335977 ], [ 87.5922577, 25.3224213 ], [ 87.6120378, 25.3128218 ], [ 87.6919973, 25.3116148 ], [ 87.693275, 25.2847036 ], [ 87.7110402, 25.2576271 ], [ 87.711040400000016, 25.257627 ], [ 87.7113671, 25.2576835 ], [ 87.7113682, 25.2576837 ], [ 87.7199176, 25.2591615 ], [ 87.7384092, 25.2625548 ], [ 87.7428948, 25.2641482 ], [ 87.7635841, 25.2647881 ], [ 87.8189711, 25.2425297 ], [ 87.845211, 25.2633637 ], [ 87.852365, 25.2951947 ], [ 87.7842038, 25.340133 ], [ 87.7895156, 25.3768707 ], [ 87.7643241, 25.3859882 ], [ 87.7870475, 25.4492834 ], [ 87.8240461, 25.4365178 ], [ 87.8305735, 25.4619193 ], [ 87.853533399999989, 25.4671908 ], [ 87.8551436, 25.4714753 ], [ 87.8683902, 25.4681436 ], [ 87.8641348, 25.4763755 ], [ 87.8661423, 25.4969979 ], [ 87.9027438, 25.5047923 ], [ 87.9259811, 25.5387476 ], [ 87.966189899999989, 25.5363062 ], [ 88.0305844, 25.490655 ], [ 88.0652566, 25.4893579 ], [ 88.0732087, 25.4836827 ], [ 88.0714913, 25.5158056 ], [ 88.0521846, 25.5491964 ], [ 88.0314404, 25.5541482 ], [ 88.0216112, 25.596152 ], [ 88.0500214, 25.6672661 ], [ 88.0496953, 25.7022497 ], [ 87.9678971, 25.726056 ], [ 87.9450594, 25.769867 ], [ 87.9098744, 25.7808565 ], [ 87.8923449, 25.8657926 ], [ 87.8307313, 25.8708511 ], [ 87.8107976, 25.9279629 ], [ 87.8452439, 25.9624157 ], [ 87.8567838, 26.0246519 ], [ 87.9064187, 26.0743735 ], [ 87.9497945, 26.0601542 ], [ 87.98437460000001, 26.1017619 ], [ 87.9881304, 26.1126331 ], [ 87.975571, 26.1180786 ], [ 87.9750205, 26.1219706 ], [ 87.9794285, 26.12474 ], [ 87.9819105, 26.1278117 ], [ 87.979483, 26.1305967 ], [ 87.9796735, 26.144225 ], [ 88.0138296, 26.1492162 ], [ 88.0348093, 26.1791595 ], [ 88.0732492, 26.1751708 ], [ 88.0920321, 26.2023077 ], [ 88.1569531, 26.2556896 ], [ 88.2276796, 26.2848686 ], [ 88.256866699999989, 26.3319982 ], [ 88.2808171, 26.3270288 ], [ 88.2864037, 26.3317949 ], [ 88.2878487, 26.3575531 ], [ 88.2818541, 26.374935 ], [ 88.2341263, 26.3917964 ], [ 88.2609269, 26.4196282 ], [ 88.2419824, 26.4566978 ], [ 88.2257448, 26.4800599 ], [ 88.2288927, 26.4903985 ], [ 88.2139177, 26.4831221 ], [ 88.1983447, 26.484788 ], [ 88.1823966, 26.5082731 ], [ 88.2354118, 26.5448016 ], [ 88.2327897, 26.5710415 ], [ 88.216417299999989, 26.5532547 ], [ 88.1892348, 26.5596431 ], [ 88.1665013, 26.5356105 ], [ 88.1349394, 26.5234669 ], [ 88.1133608, 26.5483994 ], [ 88.1067192, 26.5513771 ], [ 88.1054016, 26.5510801 ], [ 88.1012624, 26.5501468 ], [ 88.0981017, 26.5475157 ], [ 88.1067336, 26.5367315 ], [ 88.0985482, 26.5131273 ], [ 88.1105961, 26.4976018 ], [ 88.0991513, 26.4561183 ], [ 88.0684713, 26.415031 ], [ 87.9974271, 26.3650286 ], [ 87.9918028, 26.3927136 ], [ 87.9658323, 26.3975018 ], [ 87.917329, 26.4303709 ], [ 87.9240713, 26.4468143 ], [ 87.8991272, 26.4786363 ], [ 87.8635875, 26.4685117 ], [ 87.848298899999989, 26.4369494 ], [ 87.7926894, 26.4690419 ], [ 87.7638004, 26.4101303 ], [ 87.7338068, 26.40765 ], [ 87.7128326, 26.4273573 ], [ 87.6513363, 26.393356 ], [ 87.5842586, 26.39336 ], [ 87.5159097, 26.4308461 ], [ 87.4637144, 26.4401978 ], [ 87.4271494, 26.4220704 ], [ 87.3879699, 26.4191517 ], [ 87.3556414, 26.3887437 ], [ 87.3402497, 26.3477377 ], [ 87.3116467, 26.3718354 ], [ 87.2655289, 26.3735744 ], [ 87.2652104, 26.406001 ], [ 87.2353361, 26.415238 ], [ 87.1622178, 26.4045177 ], [ 87.0911369, 26.450772 ], [ 87.071798, 26.5407035 ], [ 87.0707463, 26.5865216 ], [ 87.0424699, 26.5875164 ], [ 87.0164958, 26.5318302 ], [ 86.933439, 26.515424 ], [ 86.9294122, 26.4897997 ], [ 86.8949232, 26.4882788 ], [ 86.8934793, 26.4615222 ], [ 86.833521, 26.4393275 ], [ 86.7677287, 26.4589016 ], [ 86.7304321, 26.4225339 ], [ 86.6959947, 26.4485762 ], [ 86.6317652, 26.464664 ], [ 86.6255332, 26.480563 ], [ 86.563017, 26.5019412 ], [ 86.5420226, 26.5383158 ], [ 86.4989104, 26.5422328 ], [ 86.455949, 26.5678309 ], [ 86.3952184, 26.5854748 ], [ 86.3074766, 26.6203393 ], [ 86.2481096, 26.6121756 ], [ 86.2318859, 26.5927694 ], [ 86.1954255, 26.5954635 ], [ 86.1888909, 26.6152417 ], [ 86.1360687, 26.606451 ], [ 86.118256, 26.6304186 ], [ 86.0282206, 26.6662439 ], [ 85.9535958, 26.6465256 ], [ 85.9517076, 26.6244005 ], [ 85.9138188, 26.6084813 ], [ 85.8594742, 26.5700547 ], [ 85.8507358, 26.6085355 ], [ 85.8170364, 26.6028379 ], [ 85.8016071, 26.6242534 ], [ 85.7697017, 26.6295576 ], [ 85.7323479, 26.65362 ], [ 85.723216, 26.6860471 ], [ 85.7346694, 26.79585 ], [ 85.7216209, 26.8202665 ], [ 85.6793953, 26.8437083 ], [ 85.5752036, 26.8605743 ], [ 85.4953234, 26.7971788 ], [ 85.4510167, 26.7820062 ], [ 85.4076642, 26.7916572 ], [ 85.3707421, 26.7587814 ], [ 85.3343436, 26.7417187 ], [ 85.2325457, 26.762157 ], [ 85.2119117, 26.757884 ], [ 85.1766978, 26.8097381 ], [ 85.1926194, 26.8671005 ], [ 85.0990097, 26.871234 ], [ 85.0576408, 26.8493612 ], [ 85.0290525, 26.8590691 ], [ 85.0524036, 26.8895253 ], [ 85.0007094, 26.8980404 ], [ 84.9702108, 26.9180169 ], [ 84.9606642, 26.9611408 ], [ 84.9107814, 26.9680032 ], [ 84.8576522, 26.9887147 ], [ 84.821923200000015, 27.0212134 ], [ 84.7946573, 26.9977628 ], [ 84.7570668, 27.0028034 ], [ 84.6447929, 27.0457335 ], [ 84.6460789, 27.0757684 ], [ 84.6748399, 27.1033868 ], [ 84.6791597, 27.1725837 ], [ 84.6898999, 27.2216203 ], [ 84.6201548, 27.339289 ], [ 84.4949882, 27.3568049 ], [ 84.4222476, 27.371454 ], [ 84.3539905, 27.3716022 ], [ 84.2791877, 27.3962285 ], [ 84.258522, 27.4510425 ], [ 84.1918334, 27.4704354 ], [ 84.1056215, 27.5212207 ], [ 84.0928684, 27.4904109 ], [ 84.0645223, 27.478144 ], [ 84.0464918, 27.4458797 ], [ 83.869756, 27.4374024 ], [ 83.8323818, 27.430882 ], [ 83.8818864, 27.3650923 ], [ 83.8729515, 27.3565719 ], [ 83.8657783, 27.34767 ], [ 83.8635139, 27.3441058 ], [ 83.8586392, 27.3331259 ], [ 83.8367588, 27.3222775 ], [ 83.8714851, 27.3072764 ], [ 83.9043037, 27.3266059 ], [ 83.929246, 27.2916414 ], [ 83.9047332, 27.2724306 ], [ 83.9118141, 27.2459835 ], [ 83.9556737, 27.235334 ], [ 83.9869995, 27.1975618 ], [ 83.9787786, 27.1649072 ], [ 83.94744, 27.1118151 ], [ 83.9647492, 27.0842789 ], [ 84.0164869, 27.1054556 ], [ 84.0288154, 27.0872568 ], [ 84.0056429, 27.06026330000001 ], [ 84.0494547, 27.0345409 ], [ 84.0564049, 26.9902326 ], [ 84.0535302, 26.9556561 ], [ 84.045999, 26.9525248 ], [ 84.0415117, 26.9466694 ], [ 84.032743599999989, 26.9427199 ], [ 84.0339956, 26.9385103 ], [ 84.0449048, 26.9403536 ], [ 84.046729, 26.9378413 ], [ 84.0434246, 26.9331282 ], [ 84.0442767, 26.931477 ], [ 84.052408, 26.9064455 ], [ 84.0797707, 26.8779238 ], [ 84.1297808, 26.8929988 ], [ 84.1406457, 26.8527138 ], [ 84.1822128, 26.8339893 ], [ 84.1901697, 26.8585346 ], [ 84.2188134, 26.8713526 ], [ 84.2540977, 26.8565886 ], [ 84.2600389, 26.806968 ], [ 84.232624199999989, 26.7537157 ], [ 84.2549176, 26.726693 ], [ 84.3061186, 26.7495661 ], [ 84.3303309, 26.6839789 ], [ 84.4106187, 26.6701907 ], [ 84.4195471, 26.6260581 ], [ 84.3528234, 26.6198625 ], [ 84.2846969, 26.5995729 ], [ 84.2012261, 26.6247946 ], [ 84.1693017, 26.6226689 ], [ 84.1592893, 26.636106 ], [ 84.1561809, 26.6364183 ], [ 84.1540266, 26.6359132 ], [ 84.1462231, 26.6357386 ], [ 84.1451935, 26.634746 ], [ 84.1363459, 26.6360556 ], [ 84.130581, 26.6334882 ], [ 84.1125442, 26.6344263 ], [ 84.1086026, 26.632702 ], [ 84.100628, 26.6359771 ], [ 84.0865362, 26.639173 ], [ 84.0882499, 26.6361999 ], [ 84.0831135, 26.5923433 ], [ 84.0477925, 26.5362655 ], [ 84.0068736, 26.5255599 ], [ 83.9402201, 26.5252877 ], [ 83.9152289, 26.5028814 ], [ 83.9096129, 26.4755176 ], [ 83.9116474, 26.4558274 ], [ 83.9094207, 26.4535806 ], [ 83.9080552, 26.4471182 ], [ 83.9110731, 26.4470769 ], [ 83.910758199999989, 26.4497396 ], [ 83.9201319, 26.4467089 ], [ 83.9221717, 26.4451422 ], [ 83.92945, 26.4432894 ], [ 83.942979, 26.4409821 ], [ 83.9462711, 26.4386473 ], [ 84.0225632, 26.4311318 ], [ 84.0682785, 26.3884291 ], [ 84.1755316, 26.3732368 ], [ 84.1727894, 26.3335418 ], [ 84.1861211, 26.3136843 ], [ 84.1769302, 26.2650242 ], [ 84.0599036, 26.2236029 ], [ 84.0269135, 26.2398377 ], [ 84.0122831, 26.2320463 ], [ 84.0279598, 26.2147752 ], [ 84.0261638, 26.1966271 ], [ 84.0559548, 26.1000824 ], [ 84.0887366, 26.1003202 ], [ 84.1725285, 26.0246275 ], [ 84.1760703, 25.9965589 ], [ 84.1963156, 25.9879212 ], [ 84.2065654, 25.9989326 ], [ 84.2375012, 25.9859817 ], [ 84.2449462, 25.9758345 ], [ 84.311898, 25.9438126 ], [ 84.3539861, 25.9588269 ], [ 84.411899, 25.9307879 ], [ 84.4275884, 25.8912789 ], [ 84.5109059, 25.871426 ], [ 84.5340212, 25.8762768 ], [ 84.5507845, 25.8406511 ], [ 84.6248384, 25.7919387 ], [ 84.609995, 25.7551676 ], [ 84.5603194, 25.7369438 ], [ 84.5610944, 25.6839419 ], [ 84.5201812, 25.67503 ], [ 84.4620773, 25.708914 ], [ 84.4296576, 25.7110559 ], [ 84.4066257, 25.6979018 ], [ 84.4000058, 25.7288444 ], [ 84.377001299999989, 25.7409585 ], [ 84.3285358, 25.7311387 ], [ 84.3239636, 25.6703642 ], [ 84.2940908, 25.6602339 ], [ 84.2232318, 25.6624788 ], [ 84.198914, 25.7022259 ], [ 84.1544289, 25.7274493 ], [ 84.1050572, 25.7212386 ], [ 84.0749904, 25.6953429 ], [ 84.0813082, 25.6364696 ], [ 84.0173864, 25.6147963 ], [ 83.9142141, 25.5452393 ], [ 83.8078603, 25.4091231 ], [ 83.7711855, 25.3969015 ], [ 83.7422586, 25.4099501 ], [ 83.7017078, 25.3961832 ], [ 83.6297881, 25.3300699 ], [ 83.5372349, 25.3035893 ], [ 83.4093204, 25.245556 ], [ 83.3835598, 25.2033163 ], [ 83.3535771, 25.188632 ], [ 83.3433878, 25.0509165 ], [ 83.3202379, 25.017282 ], [ 83.3505658, 25.0087954 ], [ 83.3526435, 24.9966292 ], [ 83.3433681, 24.9808327 ], [ 83.3436379, 24.9662549 ], [ 83.3437731, 24.9621987 ], [ 83.3475189, 24.9636435 ], [ 83.351865, 24.9616038 ], [ 83.3556142, 24.956363 ], [ 83.3617133, 24.9536842 ], [ 83.362814, 24.9093325 ], [ 83.3770252, 24.8600359 ], [ 83.4013593, 24.8193626 ], [ 83.3912288, 24.7891209 ], [ 83.428092800000016, 24.7682175 ], [ 83.4849282, 24.7040418 ], [ 83.520384299999989, 24.6775196 ], [ 83.5019414, 24.648562 ], [ 83.5206615, 24.6409657 ], [ 83.5265522, 24.6296172 ], [ 83.5246968, 24.6278418 ], [ 83.5315369, 24.6269795 ], [ 83.5437036, 24.6283002 ], [ 83.5415313, 24.612595 ], [ 83.5301308, 24.6120104 ], [ 83.5226612, 24.5985672 ], [ 83.5222827, 24.5476804 ], [ 83.5062198, 24.5418907 ], [ 83.4982295, 24.5376769 ], [ 83.4989315, 24.5314255 ], [ 83.5007685, 24.529978 ], [ 83.502607, 24.5269913 ], [ 83.5032695, 24.5256196 ], [ 83.5032947, 24.5254397 ], [ 83.5032948, 24.5254397 ] ] ] } },
{ "type": "Feature", "properties": { "STATE.NAME": "Chandigarh", "AREA": 114.611062 }, "geometry": { "type": "Polygon", "coordinates": [ [ [ 76.8380626, 30.754866 ], [ 76.8380625, 30.754866 ], [ 76.8378559, 30.7545328 ], [ 76.8377458, 30.7544889 ], [ 76.8356852, 30.7561651 ], [ 76.8312558, 30.759534 ], [ 76.8264846, 30.7635196 ], [ 76.815018, 30.7529759 ], [ 76.7714817, 30.7952667 ], [ 76.7116581, 30.7616623 ], [ 76.7128066, 30.7412925 ], [ 76.7524148, 30.6845439 ], [ 76.7765947, 30.6704013 ], [ 76.808571, 30.6673688 ], [ 76.8272968, 30.6821867 ], [ 76.8284482, 30.6809124 ], [ 76.8290757, 30.6810006 ], [ 76.829149, 30.6810077 ], [ 76.8292172, 30.6810271 ], [ 76.8292173, 30.6810271 ], [ 76.8295524, 30.6813926 ], [ 76.8295524, 30.6813927 ], [ 76.8299434, 30.6823533 ], [ 76.8318632, 30.6832832 ], [ 76.8276028, 30.6877242 ], [ 76.8285704, 30.6947061 ], [ 76.8493809, 30.7234459 ], [ 76.8463721, 30.7297322 ], [ 76.8482566, 30.7303822 ], [ 76.8474783, 30.7314644 ], [ 76.8454733, 30.7317527 ], [ 76.8432704, 30.7311748 ], [ 76.8419386, 30.73278 ], [ 76.8372237, 30.7334958 ], [ 76.833008, 30.738875 ], [ 76.832736, 30.7401014 ], [ 76.8368391, 30.7427142 ], [ 76.8365308, 30.7429622 ], [ 76.8349231, 30.7418884 ], [ 76.8338181, 30.7498797 ], [ 76.8378579, 30.7545274 ], [ 76.8380668, 30.7548612 ], [ 76.8380626, 30.754866 ] ] ] } },
{ "type": "Feature", "properties": { "STATE.NAME": "Karnataka", "AREA": 191774.65708899999 }, "geometry": { "type": "Polygon", "coordinates": [ [ [ 74.8695671, 12.7606803 ], [ 74.8823375, 12.7541251 ], [ 74.927526, 12.7787481 ], [ 75.0062413, 12.770905 ], [ 74.9824869, 12.7384539 ], [ 75.0502991, 12.7194526 ], [ 75.042368900000014, 12.6720907 ], [ 75.1106613, 12.6830836 ], [ 75.133059, 12.6745711 ], [ 75.1432082, 12.6772153 ], [ 75.1501318, 12.6738816 ], [ 75.160997, 12.673004 ], [ 75.1513147, 12.657379 ], [ 75.1436402, 12.6417592 ], [ 75.1822067, 12.6316739 ], [ 75.2203385, 12.568201 ], [ 75.2375238, 12.5684037 ], [ 75.2755327, 12.6197798 ], [ 75.2897186, 12.5838847 ], [ 75.2720707, 12.5702452 ], [ 75.2801073, 12.5241874 ], [ 75.3321742, 12.4996142 ], [ 75.3585649, 12.4642921 ], [ 75.3819398, 12.5020703 ], [ 75.4178831, 12.4975976 ], [ 75.4203087, 12.4798363 ], [ 75.4245665, 12.4749232 ], [ 75.423268299999989, 12.466843 ], [ 75.4157262, 12.4660396 ], [ 75.4133247, 12.4586418 ], [ 75.3926816, 12.4547252 ], [ 75.3705488, 12.4566323 ], [ 75.365934, 12.4119716 ], [ 75.3796809, 12.392114 ], [ 75.4219375, 12.3727462 ], [ 75.4108783, 12.3460382 ], [ 75.4235645, 12.3138573 ], [ 75.4280229, 12.3101476 ], [ 75.4307408, 12.3105096 ], [ 75.4312292, 12.3080412 ], [ 75.4154206, 12.2881838 ], [ 75.4326621, 12.2934094 ], [ 75.4652729, 12.2894 ], [ 75.4849445, 12.2899881 ], [ 75.5053809, 12.270802 ], [ 75.5408289, 12.2005396 ], [ 75.5770273, 12.1569107 ], [ 75.6209049, 12.1552249 ], [ 75.6432038, 12.1379524 ], [ 75.6489314, 12.1086306 ], [ 75.6871723, 12.1103237 ], [ 75.7277354, 12.0726264 ], [ 75.7503736, 12.0842566 ], [ 75.8027262, 12.0795043 ], [ 75.8010792, 12.0370352 ], [ 75.8300215, 11.9840776 ], [ 75.8585204, 11.9589306 ], [ 75.8968388, 11.9447696 ], [ 75.9563628, 11.9419766 ], [ 76.0031911, 11.9314702 ], [ 76.0335195, 11.9402508 ], [ 76.070089, 11.9671543 ], [ 76.1124833, 11.9787987 ], [ 76.1149212, 11.8667324 ], [ 76.1199972, 11.8503884 ], [ 76.1574894, 11.8705551 ], [ 76.2068883, 11.8620349 ], [ 76.2096577, 11.8282002 ], [ 76.2270271, 11.8062346 ], [ 76.2801926, 11.8124302 ], [ 76.3077329, 11.7848749 ], [ 76.3188718, 11.7508763 ], [ 76.3397217, 11.7390829 ], [ 76.3769764, 11.7446226 ], [ 76.3933847, 11.7551034 ], [ 76.4111081, 11.7581538 ], [ 76.4132772, 11.7402407 ], [ 76.4246768, 11.7209842 ], [ 76.4080223, 11.7148528 ], [ 76.408478, 11.6895995 ], [ 76.4167075, 11.6718215 ], [ 76.4294457, 11.6663233 ], [ 76.4299457, 11.6662237 ], [ 76.4308399, 11.6665535 ], [ 76.4310875, 11.6665173 ], [ 76.4313351, 11.6664811 ], [ 76.4313353, 11.666481 ], [ 76.4316745, 11.6663861 ], [ 76.4320781, 11.6664222 ], [ 76.4336005, 11.666788 ], [ 76.4355215, 11.6648395 ], [ 76.437754900000016, 11.6655035 ], [ 76.4433857, 11.6637124 ], [ 76.45662, 11.6645771 ], [ 76.5116257, 11.7050985 ], [ 76.5387858, 11.689609 ], [ 76.5696054, 11.618179 ], [ 76.6136209, 11.6077752 ], [ 76.6714202, 11.6160232 ], [ 76.756864299999989, 11.6185524 ], [ 76.8564191, 11.5993949 ], [ 76.8345537, 11.6398056 ], [ 76.8500153, 11.6866799 ], [ 76.8883015, 11.7337568 ], [ 76.9087979, 11.7951664 ], [ 76.969876, 11.7769719 ], [ 76.983228200000013, 11.8010597 ], [ 77.0128946, 11.8147265 ], [ 77.038703, 11.7939577 ], [ 77.0628964, 11.7905073 ], [ 77.0563799, 11.7698866 ], [ 77.0827174, 11.7398736 ], [ 77.1049621, 11.732908 ], [ 77.1119245, 11.742565 ], [ 77.1107001, 11.7735822 ], [ 77.1891899, 11.7926299 ], [ 77.238556, 11.7947603 ], [ 77.249831, 11.8131201 ], [ 77.2938091, 11.8091049 ], [ 77.3351026, 11.7713366 ], [ 77.3954603, 11.7862102 ], [ 77.4136123, 11.7747776 ], [ 77.4221812, 11.7724804 ], [ 77.4225511, 11.7618222 ], [ 77.4280156, 11.7670781 ], [ 77.433775, 11.7782052 ], [ 77.442144, 11.7836863 ], [ 77.4497582, 11.7961142 ], [ 77.4654466, 11.8751862 ], [ 77.4905494, 11.908593 ], [ 77.4885175, 11.9116809 ], [ 77.4919551, 11.9222018 ], [ 77.4928262, 11.9413659 ], [ 77.4953244, 11.944158 ], [ 77.4999053, 11.9402699 ], [ 77.503646, 11.9412343 ], [ 77.5379427, 11.932488 ], [ 77.5610286, 11.9420179 ], [ 77.6043153, 11.9380024 ], [ 77.6690297, 11.9491739 ], [ 77.6963414, 12.0158307 ], [ 77.7266118, 12.0611967 ], [ 77.7556593, 12.0797958 ], [ 77.7755354, 12.118503 ], [ 77.7571846, 12.1305002 ], [ 77.7312827, 12.1801346 ], [ 77.6125181, 12.2059658 ], [ 77.5186607, 12.1945408 ], [ 77.4722242, 12.2099526 ], [ 77.4826121, 12.2302655 ], [ 77.4710967, 12.2435715 ], [ 77.4875766, 12.2805554 ], [ 77.5270972, 12.2787705 ], [ 77.565624, 12.3060591 ], [ 77.578636, 12.3357522 ], [ 77.613002, 12.36118 ], [ 77.6271533, 12.4585087 ], [ 77.6347843, 12.4869017 ], [ 77.6074032, 12.4751813 ], [ 77.6150464, 12.5042202 ], [ 77.6111357, 12.5143217 ], [ 77.5871828, 12.5148118 ], [ 77.5793244, 12.5731415 ], [ 77.6059978, 12.6280593 ], [ 77.5988556, 12.6672124 ], [ 77.6598919, 12.6838943 ], [ 77.6786359, 12.6604435 ], [ 77.7404477, 12.6737035 ], [ 77.76078, 12.6970584 ], [ 77.7657261, 12.7137968 ], [ 77.7744322, 12.7242679 ], [ 77.7615628, 12.7272682 ], [ 77.7683345, 12.7400841 ], [ 77.7835371, 12.7412651 ], [ 77.7916019, 12.7467412 ], [ 77.7942596, 12.7578193 ], [ 77.778826, 12.7680598 ], [ 77.7992164, 12.7957267 ], [ 77.8021437, 12.8170556 ], [ 77.8098635, 12.8315839 ], [ 77.7958792, 12.8345854 ], [ 77.799088900000015, 12.851589 ], [ 77.8324452, 12.862096 ], [ 77.8359955, 12.870381 ], [ 77.8903251, 12.8697063 ], [ 77.9293056, 12.8909663 ], [ 77.935989300000017, 12.8872951 ], [ 77.9346104, 12.8807105 ], [ 77.9277037, 12.8749673 ], [ 77.9388512, 12.8725967 ], [ 77.9366018, 12.8668892 ], [ 77.922794, 12.8556154 ], [ 77.9172682, 12.8379853 ], [ 77.9406583, 12.823396 ], [ 77.9897633, 12.8215991 ], [ 78.0182776, 12.8311043 ], [ 78.0191288, 12.8439944 ], [ 78.0243116, 12.8417955 ], [ 78.0296566, 12.8485771 ], [ 78.0240492, 12.8525657 ], [ 78.023845, 12.8565518 ], [ 78.0306293, 12.858073 ], [ 78.0307097, 12.8525005 ], [ 78.0504486, 12.8487873 ], [ 78.0765028, 12.8397004 ], [ 78.0901397, 12.8174121 ], [ 78.1343708, 12.7819494 ], [ 78.2309278, 12.76071 ], [ 78.2309279, 12.76071 ], [ 78.2311905, 12.7609133 ], [ 78.2318123, 12.7614329 ], [ 78.2353361, 12.7645048 ], [ 78.237773, 12.7667772 ], [ 78.2389571, 12.7684264 ], [ 78.2456157, 12.7883143 ], [ 78.2521743, 12.8606011 ], [ 78.3124218, 12.858568 ], [ 78.3136025, 12.8765029 ], [ 78.3602379, 12.9369798 ], [ 78.3782253, 12.9138942 ], [ 78.4286274, 12.9021243 ], [ 78.4680604, 12.8793732 ], [ 78.468322300000011, 12.9008839 ], [ 78.4121182, 12.9435827 ], [ 78.4674361, 12.9750703 ], [ 78.4621719, 13.0432611 ], [ 78.514227, 13.0619019 ], [ 78.5165785, 13.1304404 ], [ 78.55009, 13.164234 ], [ 78.568181, 13.1618072 ], [ 78.577300600000015, 13.1718619 ], [ 78.5677697, 13.2015621 ], [ 78.5703104, 13.2476343 ], [ 78.5535745, 13.2833495 ], [ 78.4792894, 13.3013341 ], [ 78.3690373, 13.3732313 ], [ 78.3816576, 13.397026 ], [ 78.3745474, 13.461992 ], [ 78.3823549, 13.5250983 ], [ 78.4066566, 13.5768956 ], [ 78.3851749, 13.5921721 ], [ 78.3259349, 13.5948511 ], [ 78.2592705, 13.5849582 ], [ 78.2436912, 13.5975692 ], [ 78.1902432, 13.5901775 ], [ 78.2036432, 13.6081189 ], [ 78.2041845, 13.6284622 ], [ 78.175043, 13.6306528 ], [ 78.1690556, 13.6539836 ], [ 78.0897328, 13.6591397 ], [ 78.0858746, 13.6922334 ], [ 78.11321, 13.6927753 ], [ 78.1207901, 13.7156578 ], [ 78.0915144, 13.7423165 ], [ 78.1264801, 13.7884901 ], [ 78.1147686, 13.8629265 ], [ 78.0488589, 13.8961304 ], [ 78.0510661, 13.8806752 ], [ 78.0501019, 13.8719031 ], [ 78.0462414, 13.8663839 ], [ 78.0468799, 13.8656157 ], [ 78.0465383, 13.8638486 ], [ 78.0458679, 13.8629175 ], [ 78.0460531, 13.8624746 ], [ 78.0461734, 13.8621718 ], [ 78.0441303, 13.8613171 ], [ 78.0437732, 13.8613622 ], [ 78.0413221, 13.8603038 ], [ 78.0318432, 13.8642907 ], [ 78.0166248, 13.8656219 ], [ 78.0115705, 13.8719827 ], [ 77.992058, 13.8688553 ], [ 77.9763463, 13.8298296 ], [ 77.96964, 13.8289238 ], [ 77.960534, 13.829492 ], [ 77.9559313, 13.8309743 ], [ 77.9562446, 13.8359694 ], [ 77.953674, 13.8386004 ], [ 77.9547899, 13.8422787 ], [ 77.9529263, 13.8566459 ], [ 77.9490594, 13.8707425 ], [ 77.9521744, 13.8902645 ], [ 77.9843841, 13.8976325 ], [ 77.9875212, 13.9555357 ], [ 77.9674266, 13.9601942 ], [ 77.9267624, 13.9053652 ], [ 77.8956909, 13.9410801 ], [ 77.8143597, 13.9308091 ], [ 77.8370684, 13.86978 ], [ 77.7822189, 13.8439167 ], [ 77.7887525, 13.823203 ], [ 77.7315719, 13.8076135 ], [ 77.7186792, 13.7841366 ], [ 77.7032911, 13.7698293 ], [ 77.6814376, 13.7791624 ], [ 77.651291, 13.7841154 ], [ 77.6136036, 13.7519569 ], [ 77.5716788, 13.738246 ], [ 77.5406752, 13.7559858 ], [ 77.4921129, 13.6898517 ], [ 77.4553327, 13.6823043 ], [ 77.4500733, 13.7109422 ], [ 77.4705508, 13.7580624 ], [ 77.4453321, 13.8110635 ], [ 77.4169983, 13.8105723 ], [ 77.4277198, 13.8327042 ], [ 77.4155438, 13.8397676 ], [ 77.3624325, 13.8542869 ], [ 77.3253839, 13.833279 ], [ 77.3164641, 13.8633072 ], [ 77.256698, 13.8465637 ], [ 77.2482731, 13.9012517 ], [ 77.230652800000016, 13.9033747 ], [ 77.2198546, 13.8677585 ], [ 77.181394, 13.8698847 ], [ 77.1908418, 13.9119069 ], [ 77.1619396, 13.9066657 ], [ 77.1685846, 13.864532 ], [ 77.1628571, 13.7984973 ], [ 77.1730554, 13.7620524 ], [ 77.105964, 13.7678039 ], [ 77.0647049, 13.7438754 ], [ 77.0433759, 13.7778366 ], [ 77.0244779, 13.7792663 ], [ 76.9968737, 13.7477913 ], [ 76.9780281, 13.8269089 ], [ 77.0184798, 13.8725772 ], [ 77.0416645, 13.9334741 ], [ 76.9937744, 13.9626049 ], [ 77.0003388, 13.989458 ], [ 76.9351818, 14.0328251 ], [ 76.9323953, 14.0539645 ], [ 76.9717497, 14.0580556 ], [ 76.9734559, 14.0835588 ], [ 76.9442712, 14.1207837 ], [ 76.9249928, 14.1371475 ], [ 76.9175818, 14.1288788 ], [ 76.9048109, 14.1336799 ], [ 76.8895291, 14.1356605 ], [ 76.894547, 14.1678498 ], [ 76.9606165, 14.1818094 ], [ 77.0054718, 14.1840065 ], [ 77.0204173, 14.1572018 ], [ 77.0316432, 14.0568905 ], [ 77.0753237, 14.0435228 ], [ 77.1318443, 14.0439579 ], [ 77.14108130000001, 14.003895 ], [ 77.1709538, 14.0120397 ], [ 77.2750029, 14.011323 ], [ 77.3222355, 14.0300334 ], [ 77.3355884, 13.9981111 ], [ 77.361095, 13.9908512 ], [ 77.3679931, 13.9503462 ], [ 77.3544481, 13.9041509 ], [ 77.4350435, 13.9150464 ], [ 77.4378843, 13.9755608 ], [ 77.4258915, 13.986152 ], [ 77.395694300000017, 13.9837698 ], [ 77.3796779, 13.9898811 ], [ 77.3857966, 14.0012088 ], [ 77.3849177, 14.0160664 ], [ 77.3323077, 14.0307271 ], [ 77.3976147, 14.1095903 ], [ 77.401034, 14.1202225 ], [ 77.3906187, 14.1266776 ], [ 77.3616865, 14.1153705 ], [ 77.3566938, 14.1302425 ], [ 77.3789495, 14.1358788 ], [ 77.3937254, 14.174282 ], [ 77.4302963, 14.1708919 ], [ 77.4458542, 14.1721308 ], [ 77.4569231, 14.1700486 ], [ 77.4622359, 14.1711087 ], [ 77.464978, 14.1713292 ], [ 77.4654876, 14.1717583 ], [ 77.4670053, 14.1716793 ], [ 77.4680912, 14.1649223 ], [ 77.4808374, 14.1647726 ], [ 77.5035105, 14.1571545 ], [ 77.5170343, 14.1860792 ], [ 77.4944909, 14.2242764 ], [ 77.5038689, 14.2637837 ], [ 77.4789336, 14.2921969 ], [ 77.4121401, 14.336548 ], [ 77.3790461, 14.3227537 ], [ 77.3887162, 14.26955 ], [ 77.4053923, 14.2667243 ], [ 77.4182846, 14.2091037 ], [ 77.3926018, 14.1988799 ], [ 77.3594936, 14.234043 ], [ 77.3638287, 14.2758632 ], [ 77.2893437, 14.2813378 ], [ 77.2865768, 14.3401344 ], [ 77.2576867, 14.3301883 ], [ 77.2460527, 14.317478 ], [ 77.1974323, 14.3212118 ], [ 77.1667638, 14.3421601 ], [ 77.1389158, 14.3400074 ], [ 77.1105448, 14.2687456 ], [ 77.1148702, 14.2231779 ], [ 77.0811833, 14.2141897 ], [ 77.0524748, 14.2455403 ], [ 77.005676, 14.2358229 ], [ 76.9856092, 14.247372 ], [ 76.940069, 14.244645 ], [ 76.9249112, 14.2738209 ], [ 76.9567381, 14.2943835 ], [ 76.9456637, 14.3132179 ], [ 76.9034027, 14.3227207 ], [ 76.8847722, 14.3475723 ], [ 76.8848339, 14.3957447 ], [ 76.9158457, 14.4207281 ], [ 76.9372912, 14.4063668 ], [ 76.9478089, 14.4131923 ], [ 76.9748304, 14.4853651 ], [ 76.900705, 14.4892432 ], [ 76.8679788, 14.4740737 ], [ 76.8556205, 14.5096264 ], [ 76.8052135, 14.5374982 ], [ 76.7914891, 14.5544262 ], [ 76.7840841, 14.5776238 ], [ 76.7827572, 14.5883648 ], [ 76.7818628, 14.5965302 ], [ 76.7802539, 14.5930907 ], [ 76.7769492, 14.5953397 ], [ 76.7690578, 14.6009125 ], [ 76.7650154, 14.6021578 ], [ 76.7762927, 14.6831691 ], [ 76.8029656, 14.7419166 ], [ 76.7827096, 14.78597 ], [ 76.836770500000014, 14.7908066 ], [ 76.8514798, 14.808635 ], [ 76.8545857, 14.818124 ], [ 76.8460343, 14.82208 ], [ 76.8430441, 14.8377329 ], [ 76.8538166, 14.8427157 ], [ 76.8524978, 14.8870058 ], [ 76.863867, 14.8956125 ], [ 76.8674831, 14.9698521 ], [ 76.8419619, 14.9664353 ], [ 76.8285281, 14.9564875 ], [ 76.818304, 14.9694682 ], [ 76.7962947, 14.9691987 ], [ 76.7671501, 14.9749293 ], [ 76.7901562, 15.0207443 ], [ 76.7736327, 15.0591512 ], [ 76.8020621, 15.0950071 ], [ 76.8614552, 15.0620041 ], [ 76.8778665, 15.0354877 ], [ 76.9496265, 15.0304017 ], [ 76.9659422, 15.0180682 ], [ 77.0041016, 15.0338615 ], [ 77.0495852, 15.0331045 ], [ 77.0441399, 15.0098716 ], [ 77.0824734, 15.0061093 ], [ 77.1129513, 15.0340847 ], [ 77.1301427, 15.100796 ], [ 77.1563505, 15.1229588 ], [ 77.169157, 15.1713753 ], [ 77.1548419, 15.2148478 ], [ 77.1251452, 15.2269657 ], [ 77.1518625, 15.2753621 ], [ 77.1516028, 15.2924605 ], [ 77.1182811, 15.2954209 ], [ 77.1170382, 15.3257674 ], [ 77.0744158, 15.3259136 ], [ 77.0447709, 15.3557159 ], [ 77.0472765, 15.3900468 ], [ 77.0320378, 15.4355807 ], [ 77.0108, 15.4487665 ], [ 76.9973314, 15.4780306 ], [ 76.977129, 15.4897889 ], [ 76.9745615, 15.5105302 ], [ 77.0288665, 15.5004809 ], [ 77.0304641, 15.634515 ], [ 77.0832208, 15.6591671 ], [ 77.1026647, 15.6466314 ], [ 77.1083548, 15.6378569 ], [ 77.1156669, 15.6325346 ], [ 77.1214538, 15.631107 ], [ 77.1289147, 15.6658864 ], [ 77.078726, 15.6951657 ], [ 77.0797866, 15.7274101 ], [ 77.0491309, 15.7302796 ], [ 77.0631752, 15.8296055 ], [ 77.0252203, 15.8375297 ], [ 77.0702391, 15.9077631 ], [ 77.10259, 15.9287439 ], [ 77.1853227, 15.9567611 ], [ 77.349216, 15.9512996 ], [ 77.3795071, 15.9398202 ], [ 77.4351198, 15.9477967 ], [ 77.4660287, 15.9345194 ], [ 77.4987744, 15.9331961 ], [ 77.5021265, 15.9321183 ], [ 77.5117381, 15.9274597 ], [ 77.5134682, 15.9268102 ], [ 77.5134684, 15.9268103 ], [ 77.5139428, 15.9291329 ], [ 77.5140607, 15.9297423 ], [ 77.5143155, 15.930702 ], [ 77.5153097, 15.935567 ], [ 77.5161797, 15.9389861 ], [ 77.5173914, 15.9451833 ], [ 77.5198386, 15.9669309 ], [ 77.514079, 16.0080992 ], [ 77.494029, 16.0370104 ], [ 77.5069456, 16.0789933 ], [ 77.4898215, 16.1196408 ], [ 77.4998341, 16.2178286 ], [ 77.4901381, 16.2552947 ], [ 77.5048446, 16.27582 ], [ 77.5956451, 16.3168433 ], [ 77.5882355, 16.3328142 ], [ 77.489722, 16.3850326 ], [ 77.4391245, 16.3800969 ], [ 77.4226558, 16.3664424 ], [ 77.3786968, 16.3854284 ], [ 77.2882456, 16.4087188 ], [ 77.2689854, 16.4304785 ], [ 77.2641528, 16.4726057 ], [ 77.2941395, 16.4767318 ], [ 77.2988746, 16.4961459 ], [ 77.3295983, 16.4859215 ], [ 77.3690469, 16.4886875 ], [ 77.3814715, 16.5157266 ], [ 77.4169199, 16.5173157 ], [ 77.423791600000015, 16.568896 ], [ 77.4611279, 16.5849374 ], [ 77.4678303, 16.6097711 ], [ 77.4642028, 16.6286358 ], [ 77.4747213, 16.6521288 ], [ 77.4624378, 16.6542855 ], [ 77.4441677, 16.6392564 ], [ 77.4188956, 16.668586 ], [ 77.4425867, 16.6698589 ], [ 77.463932, 16.6763168 ], [ 77.4740843, 16.7165722 ], [ 77.4269825, 16.7285165 ], [ 77.4431848, 16.7625231 ], [ 77.4745333, 16.7812526 ], [ 77.4576429, 16.8282469 ], [ 77.4640943, 16.8506041 ], [ 77.454053, 16.9139082 ], [ 77.4790927, 16.9945138 ], [ 77.5022386, 17.0093789 ], [ 77.496689, 17.0427296 ], [ 77.4647271, 17.107768 ], [ 77.3777882, 17.140099 ], [ 77.3624867, 17.1638356 ], [ 77.380229, 17.222537 ], [ 77.4204595, 17.2376313 ], [ 77.4559556, 17.330975 ], [ 77.453648, 17.3739946 ], [ 77.503, 17.3571924 ], [ 77.5248631, 17.3647002 ], [ 77.5130399, 17.4308744 ], [ 77.5762268, 17.4561714 ], [ 77.6143113, 17.4459503 ], [ 77.6148807, 17.4722392 ], [ 77.652390900000015, 17.4827163 ], [ 77.6886531, 17.4753443 ], [ 77.6921683, 17.5017792 ], [ 77.6620496, 17.5228259 ], [ 77.595664, 17.5365919 ], [ 77.5938414, 17.5645157 ], [ 77.5506014, 17.5517366 ], [ 77.528426, 17.575368 ], [ 77.4940135, 17.5681031 ], [ 77.4780944, 17.566806 ], [ 77.4618567, 17.5807553 ], [ 77.4440959, 17.584358 ], [ 77.4450245, 17.5862507 ], [ 77.4434818, 17.5923139 ], [ 77.4461826, 17.5964694 ], [ 77.4448073, 17.6094084 ], [ 77.4487739, 17.6093439 ], [ 77.4511894, 17.6231954 ], [ 77.4559361, 17.6341796 ], [ 77.4524753, 17.6947041 ], [ 77.5217596, 17.7259228 ], [ 77.529524100000017, 17.7256061 ], [ 77.5333272, 17.7276771 ], [ 77.5371548, 17.7285463 ], [ 77.5391916, 17.7278876 ], [ 77.5434953, 17.728644 ], [ 77.5460078, 17.7268411 ], [ 77.5470681, 17.7284576 ], [ 77.5491681, 17.7362091 ], [ 77.5563903, 17.7371562 ], [ 77.568671, 17.7491566 ], [ 77.559872, 17.7634178 ], [ 77.5264008, 17.7816313 ], [ 77.5090488, 17.7877835 ], [ 77.5149148, 17.8035445 ], [ 77.567480100000012, 17.8454188 ], [ 77.5700441, 17.867646 ], [ 77.6190834, 17.904057 ], [ 77.6229898, 17.9455193 ], [ 77.6495297, 17.9500131 ], [ 77.6476007, 17.9994986 ], [ 77.627833, 17.9967846 ], [ 77.5538334, 18.0358178 ], [ 77.5483827, 18.0652069 ], [ 77.5972539, 18.0871327 ], [ 77.596890700000017, 18.1559431 ], [ 77.574703, 18.1765379 ], [ 77.5852709, 18.2195837 ], [ 77.5730606, 18.2394388 ], [ 77.5793985, 18.2558564 ], [ 77.5949355, 18.2653015 ], [ 77.6010489, 18.2773249 ], [ 77.6043488, 18.2787601 ], [ 77.6054661, 18.2813431 ], [ 77.5702596, 18.2925242 ], [ 77.5613905, 18.2849432 ], [ 77.554157, 18.2908708 ], [ 77.5531218, 18.2912009 ], [ 77.5523186, 18.2915208 ], [ 77.5516243, 18.2918629 ], [ 77.5514351, 18.2919109 ], [ 77.5514349, 18.2919109 ], [ 77.551312, 18.2916871 ], [ 77.5488065, 18.2924574 ], [ 77.5443853, 18.2935298 ], [ 77.5424859, 18.2943292 ], [ 77.5405314, 18.2944866 ], [ 77.5324942, 18.2988931 ], [ 77.5242544, 18.307804 ], [ 77.5126819, 18.3095922 ], [ 77.5088707, 18.3042759 ], [ 77.512339, 18.2845423 ], [ 77.4927175, 18.2671977 ], [ 77.4476293, 18.2699893 ], [ 77.4367758, 18.292434 ], [ 77.4377165, 18.3103075 ], [ 77.4283596, 18.3123583 ], [ 77.4101894, 18.3015977 ], [ 77.3714589, 18.3251068 ], [ 77.39496290000001, 18.3478104 ], [ 77.4141474, 18.3931001 ], [ 77.372886600000015, 18.4010953 ], [ 77.3645129, 18.4345112 ], [ 77.317343800000017, 18.4432819 ], [ 77.2418237, 18.4125994 ], [ 77.2118491, 18.3162741 ], [ 77.2094065, 18.2880787 ], [ 77.1748673, 18.2848555 ], [ 77.1404011, 18.2078478 ], [ 77.1098647, 18.2037457 ], [ 77.098486, 18.1929492 ], [ 77.1126267, 18.1567604 ], [ 77.0640137, 18.1506472 ], [ 76.9969807, 18.1648174 ], [ 76.9906664, 18.1899823 ], [ 76.9519921, 18.1880938 ], [ 76.9205569, 18.118178 ], [ 76.9543309, 18.1105396 ], [ 76.9452774, 18.0817172 ], [ 76.9448692, 18.0489853 ], [ 76.9143719, 18.0353573 ], [ 76.9057003, 18.0097061 ], [ 76.9207239, 17.9415681 ], [ 76.8844438, 17.8945382 ], [ 76.8522434, 17.9007677 ], [ 76.7751069, 17.8777109 ], [ 76.7682019, 17.9011453 ], [ 76.7413043, 17.8953963 ], [ 76.7379724, 17.859436 ], [ 76.787055400000014, 17.8331978 ], [ 76.7826471, 17.8066367 ], [ 76.7344013, 17.7820054 ], [ 76.7209972, 17.7880565 ], [ 76.7183789, 17.7530695 ], [ 76.7282011, 17.7373065 ], [ 76.7101141, 17.7320269 ], [ 76.701364, 17.7090707 ], [ 76.6924846, 17.7062341 ], [ 76.694234, 17.6956803 ], [ 76.690725500000013, 17.6835448 ], [ 76.6708191, 17.6905272 ], [ 76.6333175, 17.7282197 ], [ 76.6290254, 17.7555326 ], [ 76.611853, 17.7700857 ], [ 76.5871576, 17.7074607 ], [ 76.5703542, 17.7054054 ], [ 76.5630428, 17.764559 ], [ 76.5307474, 17.7582594 ], [ 76.5240955, 17.7154065 ], [ 76.4872875, 17.7147631 ], [ 76.486731, 17.658412 ], [ 76.4292514, 17.6449536 ], [ 76.4197447, 17.6037108 ], [ 76.3817611, 17.60225 ], [ 76.350091400000011, 17.5941004 ], [ 76.3368042, 17.5973019 ], [ 76.3348776, 17.5971376 ], [ 76.3316236, 17.5959783 ], [ 76.3313102, 17.593676 ], [ 76.3316272, 17.5922125 ], [ 76.3321298, 17.5834667 ], [ 76.3321852, 17.5743867 ], [ 76.3415825, 17.5414417 ], [ 76.3638101, 17.5362857 ], [ 76.3466319, 17.5125811 ], [ 76.3307472, 17.4701958 ], [ 76.3333221, 17.4339035 ], [ 76.3715693, 17.4364262 ], [ 76.363485, 17.3776714 ], [ 76.4091783, 17.3713912 ], [ 76.3832175, 17.31453 ], [ 76.3540699, 17.3143207 ], [ 76.345358, 17.3544518 ], [ 76.3177222, 17.3323796 ], [ 76.27642, 17.334578 ], [ 76.2720691, 17.3605953 ], [ 76.19626, 17.36362 ], [ 76.1804852, 17.3583907 ], [ 76.1703953, 17.3523655 ], [ 76.1811302, 17.3090576 ], [ 76.165140400000013, 17.303339 ], [ 76.1626793, 17.3452236 ], [ 76.1197958, 17.3704094 ], [ 76.0870429, 17.3359369 ], [ 76.0624209, 17.3545018 ], [ 76.0102545, 17.3523878 ], [ 75.9997156, 17.3389351 ], [ 75.926037, 17.3248777 ], [ 75.8902443, 17.3611763 ], [ 75.8941302, 17.4011981 ], [ 75.8574983, 17.3873196 ], [ 75.8495369, 17.411944 ], [ 75.8215079, 17.4212246 ], [ 75.8042786, 17.3678463 ], [ 75.780348, 17.3756396 ], [ 75.7652203, 17.4059137 ], [ 75.730750300000011, 17.4203507 ], [ 75.6835654, 17.4169255 ], [ 75.6749078, 17.4569632 ], [ 75.6330504, 17.4772154 ], [ 75.6216831, 17.4592474 ], [ 75.6132549, 17.4244759 ], [ 75.6066716, 17.4203739 ], [ 75.6113773, 17.4099457 ], [ 75.6090753, 17.3941297 ], [ 75.5936751, 17.3873036 ], [ 75.5742133, 17.3833011 ], [ 75.5809157, 17.3512252 ], [ 75.6100949, 17.3450426 ], [ 75.6038038, 17.3055063 ], [ 75.6303186, 17.2739325 ], [ 75.654237, 17.2738185 ], [ 75.6619794, 17.2145818 ], [ 75.6285025, 17.1886623 ], [ 75.6283277, 17.1626988 ], [ 75.6504141, 17.1156976 ], [ 75.6723553, 17.1160012 ], [ 75.6767815, 17.065422 ], [ 75.6661407, 16.9797788 ], [ 75.646045700000016, 16.9540185 ], [ 75.6320497, 16.9706845 ], [ 75.6101923, 16.971671 ], [ 75.6069543, 17.0045726 ], [ 75.5672863, 17.0090529 ], [ 75.5633897, 16.9676223 ], [ 75.5293818, 16.9694069 ], [ 75.4891458, 16.9444301 ], [ 75.4656212, 16.9883717 ], [ 75.4279472, 16.9665015 ], [ 75.392205, 16.9800974 ], [ 75.3423611, 16.9562525 ], [ 75.279674, 16.956563 ], [ 75.2900062, 16.9040331 ], [ 75.264790499999989, 16.8628078 ], [ 75.2277109, 16.8431836 ], [ 75.182788, 16.8431572 ], [ 75.1890595, 16.8752878 ], [ 75.1766482, 16.8677147 ], [ 75.1365562, 16.8744954 ], [ 75.117556, 16.9134516 ], [ 75.0961877, 16.9141522 ], [ 75.0894081, 16.9515885 ], [ 75.0642975, 16.94222 ], [ 74.9893659, 16.9522549 ], [ 74.9607125, 16.9399576 ], [ 74.9381142, 16.9435708 ], [ 74.9232414, 16.9393127 ], [ 74.9218524, 16.9298677 ], [ 74.9606295, 16.8812442 ], [ 74.9266009, 16.8640558 ], [ 74.910369, 16.835149 ], [ 74.9197507, 16.7728846 ], [ 74.8498968, 16.7727637 ], [ 74.8445892, 16.7618237 ], [ 74.7748468, 16.7516525 ], [ 74.7321696, 16.7183326 ], [ 74.6910979, 16.71555 ], [ 74.689425200000017, 16.6767362 ], [ 74.6652424, 16.6656806 ], [ 74.657319, 16.6431241 ], [ 74.6695482, 16.6295494 ], [ 74.6887744, 16.6166296 ], [ 74.6608454, 16.602927 ], [ 74.6362239, 16.6074302 ], [ 74.6359352, 16.5839248 ], [ 74.5686158, 16.553879 ], [ 74.5435726, 16.5953283 ], [ 74.5445691, 16.6354778 ], [ 74.4908391, 16.6297645 ], [ 74.4635276, 16.6044991 ], [ 74.3967079, 16.583277 ], [ 74.3787877, 16.5283981 ], [ 74.317648, 16.5537169 ], [ 74.2995889, 16.5306245 ], [ 74.2808324, 16.5314564 ], [ 74.2782993, 16.5049246 ], [ 74.252593, 16.5006277 ], [ 74.2608534, 16.4801069 ], [ 74.2909779, 16.5049121 ], [ 74.2971298, 16.4645475 ], [ 74.3297932, 16.4475118 ], [ 74.3368176, 16.4288179 ], [ 74.3289349, 16.419059 ], [ 74.3351358, 16.4014189 ], [ 74.363469, 16.3982263 ], [ 74.3473782, 16.368328 ], [ 74.3392818, 16.3909663 ], [ 74.3190632, 16.371649 ], [ 74.3172525, 16.3278388 ], [ 74.3402417, 16.3029377 ], [ 74.3209063, 16.2844886 ], [ 74.3342301, 16.2688122 ], [ 74.3632098, 16.2856398 ], [ 74.4160288, 16.2801137 ], [ 74.4176897, 16.2580143 ], [ 74.5031791, 16.2254201 ], [ 74.5070637, 16.1913018 ], [ 74.4896293, 16.1774311 ], [ 74.4913075, 16.1043212 ], [ 74.4816319, 16.0889059 ], [ 74.4287814, 16.1120192 ], [ 74.3650002, 16.0584098 ], [ 74.381069, 16.0354999 ], [ 74.4150633, 16.0557301 ], [ 74.4509698, 16.0536493 ], [ 74.4572149, 16.0482431 ], [ 74.46229, 16.0498542 ], [ 74.4633032, 16.0428527 ], [ 74.4625288, 16.0413271 ], [ 74.4591601, 16.0415995 ], [ 74.4565714, 16.0410756 ], [ 74.4582467, 16.0404508 ], [ 74.4632599, 16.0399067 ], [ 74.4630581, 16.0380046 ], [ 74.4615321, 16.0359634 ], [ 74.4603294, 16.0323803 ], [ 74.4573102, 16.0269919 ], [ 74.4554303, 16.0195408 ], [ 74.4501842, 16.0110675 ], [ 74.4505327, 16.0090305 ], [ 74.4484358, 16.007192 ], [ 74.4474036, 16.0048791 ], [ 74.4472022, 16.0035214 ], [ 74.4466686, 16.0030401 ], [ 74.4452251, 16.0033524 ], [ 74.4447938, 16.0026681 ], [ 74.4464067, 15.9971302 ], [ 74.4426807, 15.991659 ], [ 74.4440217, 15.9864276 ], [ 74.428273600000011, 15.9523282 ], [ 74.3869902, 15.9051895 ], [ 74.3976025, 15.8511735 ], [ 74.3628836, 15.8746528 ], [ 74.3455859, 15.8623154 ], [ 74.3443654, 15.8574199 ], [ 74.3383264, 15.8549873 ], [ 74.3457081, 15.850809 ], [ 74.3665409, 15.8259127 ], [ 74.3626894, 15.8148028 ], [ 74.3703658, 15.8107406 ], [ 74.3692103, 15.8058462 ], [ 74.3712743, 15.8036951 ], [ 74.3712107, 15.7992113 ], [ 74.3704157, 15.7989312 ], [ 74.3707348, 15.7984698 ], [ 74.3713253, 15.7989607 ], [ 74.371953, 15.7984358 ], [ 74.3717335, 15.7978309 ], [ 74.3713779, 15.797714 ], [ 74.3714555, 15.7976297 ], [ 74.3719481, 15.7974327 ], [ 74.3717319, 15.7969182 ], [ 74.3713385, 15.7963483 ], [ 74.3709472, 15.7962939 ], [ 74.3710973, 15.7958451 ], [ 74.3706425, 15.7953197 ], [ 74.3701767, 15.7942429 ], [ 74.3697964, 15.7929317 ], [ 74.3699561, 15.7919495 ], [ 74.3690809, 15.7901083 ], [ 74.3691393, 15.7882252 ], [ 74.3675583, 15.7858448 ], [ 74.3636254, 15.7834267 ], [ 74.3593435, 15.7758577 ], [ 74.3453802, 15.7646642 ], [ 74.3079643, 15.748509 ], [ 74.2683849, 15.7547651 ], [ 74.2397462, 15.743459 ], [ 74.2015003, 15.7586492 ], [ 74.1616239, 15.7513231 ], [ 74.1258854, 15.7241416 ], [ 74.122233, 15.72076 ], [ 74.1261713, 15.7184892 ], [ 74.1266817, 15.7106356 ], [ 74.1317429, 15.693567 ], [ 74.1032061, 15.6722124 ], [ 74.0883423, 15.6699659 ], [ 74.1037638, 15.6576373 ], [ 74.1110081, 15.6577228 ], [ 74.1159948, 15.6541799 ], [ 74.1183538, 15.6520405 ], [ 74.1183539, 15.6520405 ], [ 74.1196723, 15.6524071 ], [ 74.127360900000014, 15.6511566 ], [ 74.1356127, 15.6484048 ], [ 74.1644845, 15.6535317 ], [ 74.2238448, 15.6690118 ], [ 74.2520414, 15.6543407 ], [ 74.2642255, 15.6159113 ], [ 74.2603141, 15.5926658 ], [ 74.2488495, 15.5803315 ], [ 74.2506009, 15.5773987 ], [ 74.2453719, 15.5672299 ], [ 74.2492773, 15.5678698 ], [ 74.2772918, 15.546941 ], [ 74.2785349, 15.5175068 ], [ 74.2509729, 15.491624 ], [ 74.2755132, 15.4492192 ], [ 74.2688459, 15.4191332 ], [ 74.2830567, 15.3829775 ], [ 74.3230473, 15.3673607 ], [ 74.3170855, 15.329153 ], [ 74.3360087, 15.295555 ], [ 74.3262109, 15.2834163 ], [ 74.2962198, 15.288516 ], [ 74.2714472, 15.280864 ], [ 74.2523016, 15.2510202 ], [ 74.3016737, 15.224378 ], [ 74.3142429, 15.1804424 ], [ 74.2836386, 15.1429114 ], [ 74.2727026, 15.0975325 ], [ 74.2965515, 15.0412432 ], [ 74.2519208, 14.993462 ], [ 74.2524348, 14.9587632 ], [ 74.2173874, 14.9456226 ], [ 74.1998347, 14.9260794 ], [ 74.1792953, 14.9567192 ], [ 74.1634449, 14.9581502 ], [ 74.1545063, 14.9394808 ], [ 74.1619547, 14.9118081 ], [ 74.1240607, 14.9249923 ], [ 74.1046306, 14.9125684 ], [ 74.0944072, 14.910686 ], [ 74.0901187, 14.9030763 ], [ 74.088022900000013, 14.9030987 ], [ 74.0864014, 14.9009427 ], [ 74.0856878, 14.9006417 ], [ 74.0869278, 14.8996904 ], [ 74.0876323, 14.8992035 ], [ 74.0910434, 14.8998505 ], [ 74.0958688, 14.8982721 ], [ 74.0990919, 14.8927935 ], [ 74.0997352, 14.8816492 ], [ 74.1113765, 14.8584862 ], [ 74.1252269, 14.836651 ], [ 74.1278196, 14.7804437 ], [ 74.2057924, 14.7286438 ], [ 74.2500136, 14.7394585 ], [ 74.2825712, 14.67369 ], [ 74.2781612, 14.61921 ], [ 74.31507, 14.5434281 ], [ 74.316413, 14.5192987 ], [ 74.3553905, 14.5089232 ], [ 74.3945149, 14.4185308 ], [ 74.4130687, 14.3176155 ], [ 74.4534295, 14.2003649 ], [ 74.4695016, 14.1882497 ], [ 74.5150521, 13.9868731 ], [ 74.55157, 13.9495799 ], [ 74.5699665, 13.9466116 ], [ 74.6094314, 13.8605881 ], [ 74.6296017, 13.779858 ], [ 74.6518777, 13.6655968 ], [ 74.6637515, 13.6524415 ], [ 74.6794211, 13.5661925 ], [ 74.6929585, 13.4585909 ], [ 74.6996751, 13.3429125 ], [ 74.710388, 13.3318951 ], [ 74.7440889, 13.1937594 ], [ 74.7647383, 13.1233813 ], [ 74.8239947, 12.8514141 ], [ 74.8464825, 12.7961955 ], [ 74.8695671, 12.7606803 ] ] ] } },
{ "type": "Feature", "properties": { "STATE.NAME": "Lakshadweep", "AREA": 29.903824 }, "geometry": { "type": "Polygon", "coordinates": [ [ [ 73.0545638, 8.2739748 ], [ 73.0394233, 8.2719961 ], [ 73.042761, 8.2640035 ], [ 73.0545638, 8.2739748 ] ] ] } },
{ "type": "Feature", "properties": { "STATE.NAME": "Rajasthan", "AREA": 342169.62919800001 }, "geometry": { "type": "Polygon", "coordinates": [ [ [ 74.5271591, 29.9427852 ], [ 74.5271591, 29.9427853 ], [ 74.5271502, 29.9427861 ], [ 74.5164892, 29.9437782 ], [ 74.4939418, 29.9445386 ], [ 74.383826, 29.950292 ], [ 74.10168, 29.9670648 ], [ 73.9637518, 29.971472 ], [ 73.8955386, 29.974102 ], [ 73.8961095, 29.9786801 ], [ 73.8948515, 29.9833127 ], [ 73.8861488, 29.9971611 ], [ 73.886259, 30.0120682 ], [ 73.9040156, 30.050031 ], [ 73.9298719, 30.0685434 ], [ 73.9707223, 30.1250733 ], [ 73.9681738, 30.1684568 ], [ 73.9720319, 30.1750258 ], [ 73.9737841, 30.1829583 ], [ 73.9741794, 30.188763 ], [ 73.9738709, 30.191916 ], [ 73.97265, 30.1979536 ], [ 73.972588800000011, 30.1981276 ], [ 73.9721268, 30.1977674 ], [ 73.9693103, 30.1955909 ], [ 73.9664836, 30.1933647 ], [ 73.9602229, 30.1884886 ], [ 73.9574282, 30.1868305 ], [ 73.9078642, 30.1491036 ], [ 73.8303105, 30.0935254 ], [ 73.8062347, 30.0676785 ], [ 73.5970544, 30.0189051 ], [ 73.3969906, 29.9458809 ], [ 73.3360388, 29.7416365 ], [ 73.2824213, 29.5719663 ], [ 73.0845057, 29.2358436 ], [ 73.0042848, 29.1529135 ], [ 72.9452368, 29.0277351 ], [ 72.7324514, 28.9476382 ], [ 72.4793268, 28.8122243 ], [ 72.4036583, 28.7832411 ], [ 72.2992985, 28.6695022 ], [ 72.2801214, 28.6068771 ], [ 72.2061171, 28.3941241 ], [ 72.1322029, 28.312906 ], [ 72.0163667, 28.2275504 ], [ 71.9277344, 28.1216137 ], [ 71.8982659, 27.9615332 ], [ 71.6659764, 27.8777707 ], [ 71.3825968, 27.8724976 ], [ 71.2051255, 27.8353469 ], [ 70.9058484, 27.7095062 ], [ 70.8716106, 27.7055573 ], [ 70.7590626, 27.7212092 ], [ 70.6839821, 27.8281825 ], [ 70.6770591, 27.9218133 ], [ 70.5982947, 27.9930965 ], [ 70.5891722, 28.0104468 ], [ 70.5054173, 28.0369541 ], [ 70.43912, 28.0201919 ], [ 70.3719189, 28.0117948 ], [ 70.295846, 27.935875 ], [ 70.2258468, 27.9008215 ], [ 70.1322008, 27.8056087 ], [ 70.068461, 27.655146 ], [ 70.0256532, 27.5628805 ], [ 69.9335158, 27.4977581 ], [ 69.8629085, 27.4022032 ], [ 69.7599877, 27.3210698 ], [ 69.7020607, 27.2838919 ], [ 69.6445722, 27.2251698 ], [ 69.5869028, 27.183533 ], [ 69.5131019, 27.0100066 ], [ 69.4974695, 26.8669401 ], [ 69.4842268, 26.8048955 ], [ 69.5100865, 26.7435724 ], [ 69.7195179, 26.654808 ], [ 69.7916857, 26.5983056 ], [ 69.8859255, 26.578806 ], [ 69.9344024, 26.5815251 ], [ 70.0560233, 26.6005849 ], [ 70.1171814, 26.5869752 ], [ 70.1740297, 26.5514014 ], [ 70.1842823, 26.4803821 ], [ 70.1767473, 26.4240219 ], [ 70.1850959, 26.3743406 ], [ 70.163385, 26.2949561 ], [ 70.1748635, 26.2520005 ], [ 70.1409004, 26.1560216 ], [ 70.0831843, 26.0834289 ], [ 70.0995171, 25.9383445 ], [ 70.1741067, 25.8284601 ], [ 70.2222046, 25.7932269 ], [ 70.2513564, 25.7557429 ], [ 70.2683738, 25.713778 ], [ 70.3867434, 25.6739192 ], [ 70.4481765, 25.681999 ], [ 70.5298618, 25.6835526 ], [ 70.608535, 25.7150948 ], [ 70.6469651, 25.7127518 ], [ 70.6737086, 25.6759847 ], [ 70.6669099, 25.5314024 ], [ 70.6782433, 25.5256898 ], [ 70.6716851, 25.4203899 ], [ 70.6645099, 25.3970658 ], [ 70.7365019, 25.3325949 ], [ 70.751344, 25.2778835 ], [ 70.8881684, 25.1483468 ], [ 70.9195053, 24.9958748 ], [ 70.9373744, 24.9388153 ], [ 70.9918079, 24.8636292 ], [ 71.0336371, 24.7882343 ], [ 71.0651607, 24.7176358 ], [ 71.0867103, 24.698165 ], [ 71.0888205, 24.6962932 ], [ 71.0985447, 24.6876508 ], [ 71.1120134, 24.6756775 ], [ 71.2875846, 24.6158414 ], [ 71.3137043, 24.6479809 ], [ 71.3478198, 24.6609512 ], [ 71.378212, 24.6260609 ], [ 71.4778131, 24.6795407 ], [ 71.607872, 24.6769641 ], [ 71.6553791, 24.639065 ], [ 71.7078799, 24.6616549 ], [ 71.7716943, 24.6752576 ], [ 71.8023817, 24.6719237 ], [ 71.8025428, 24.6310041 ], [ 71.8521763, 24.609245 ], [ 71.8653647, 24.630563 ], [ 71.8577674, 24.666397 ], [ 71.9075079, 24.6774432 ], [ 71.9255109, 24.6359221 ], [ 71.9784133, 24.6572649 ], [ 71.9840784, 24.6862572 ], [ 72.0583249, 24.7124283 ], [ 72.0846947, 24.7069218 ], [ 72.0898251, 24.65858 ], [ 72.1648184, 24.6211767 ], [ 72.2166834, 24.6267948 ], [ 72.2336825, 24.6404476 ], [ 72.3202147, 24.6176783 ], [ 72.3032602, 24.6055922 ], [ 72.2643608, 24.6043651 ], [ 72.2462802, 24.5861663 ], [ 72.2689836, 24.5606879 ], [ 72.2901966, 24.5503406 ], [ 72.2957947, 24.5465331 ], [ 72.3018668, 24.5500966 ], [ 72.3236075, 24.5512634 ], [ 72.3539122, 24.5635448 ], [ 72.3795411, 24.51267 ], [ 72.4437613, 24.5084393 ], [ 72.4302278, 24.4800666 ], [ 72.457253, 24.4146943 ], [ 72.4749877, 24.4142948 ], [ 72.5003537, 24.4169444 ], [ 72.4931858, 24.4589818 ], [ 72.5335135, 24.5037042 ], [ 72.5759508, 24.4787502 ], [ 72.6563277, 24.4621163 ], [ 72.6808709, 24.4650388 ], [ 72.6891546, 24.4116332 ], [ 72.7326206, 24.3635032 ], [ 72.8036811, 24.3632297 ], [ 72.8497702, 24.3719458 ], [ 72.9107401, 24.3371159 ], [ 72.9776409, 24.3734323 ], [ 72.9492944, 24.3980899 ], [ 72.9807769, 24.436513 ], [ 72.9694721, 24.4529207 ], [ 72.9860704, 24.4691717 ], [ 72.9873231, 24.4734833 ], [ 72.9998102, 24.4832282 ], [ 73.0066645, 24.4753449 ], [ 73.0014223, 24.4689392 ], [ 73.0194697, 24.4647475 ], [ 73.0434523, 24.469159 ], [ 73.0859517, 24.4984432 ], [ 73.1016702, 24.4711186 ], [ 73.1009939, 24.4273201 ], [ 73.0765117, 24.3965083 ], [ 73.1520402, 24.3542603 ], [ 73.1962125, 24.3763934 ], [ 73.2192724, 24.3638076 ], [ 73.1665265, 24.2991596 ], [ 73.1354462, 24.3083423 ], [ 73.1254568, 24.2733398 ], [ 73.0941378, 24.2468225 ], [ 73.0674535, 24.1945978 ], [ 73.1293669, 24.1226082 ], [ 73.1589345, 24.0982342 ], [ 73.2139457, 24.0775957 ], [ 73.1931559, 24.0409053 ], [ 73.2394925, 24.0039986 ], [ 73.2824438, 24.0192132 ], [ 73.3252822, 24.0772968 ], [ 73.3223078, 24.0894835 ], [ 73.3486433, 24.106982 ], [ 73.3605512, 24.0818906 ], [ 73.4046427, 24.0410821 ], [ 73.4200711, 23.9247909 ], [ 73.3874767, 23.9158186 ], [ 73.3541593, 23.8517829 ], [ 73.3677289, 23.8393783 ], [ 73.3560811, 23.7849312 ], [ 73.3715402, 23.7704009 ], [ 73.382957, 23.7693605 ], [ 73.3944744, 23.7828423 ], [ 73.4107931, 23.780071 ], [ 73.4735365, 23.7051493 ], [ 73.4906764, 23.7068204 ], [ 73.4983626, 23.7041701 ], [ 73.5073428, 23.7027591 ], [ 73.5052021, 23.6987319 ], [ 73.5084026, 23.6954895 ], [ 73.503903, 23.6566332 ], [ 73.5056325, 23.6386855 ], [ 73.493785, 23.632314 ], [ 73.5227007, 23.6070593 ], [ 73.5686749, 23.6528745 ], [ 73.6151772, 23.652124 ], [ 73.641703, 23.6274483 ], [ 73.6475457, 23.5743306 ], [ 73.6330886, 23.5286032 ], [ 73.6563837, 23.5073771 ], [ 73.6332258, 23.4691412 ], [ 73.6530751, 23.4423626 ], [ 73.6739143, 23.4540237 ], [ 73.6912884, 23.4581845 ], [ 73.7042876, 23.4513597 ], [ 73.7051299, 23.4384118 ], [ 73.7131987, 23.4143183 ], [ 73.7211767, 23.4103378 ], [ 73.7287688, 23.4231351 ], [ 73.767252500000012, 23.4530417 ], [ 73.8302556, 23.4261586 ], [ 73.8581877, 23.39616 ], [ 73.889627, 23.3362966 ], [ 73.9394109, 23.3443264 ], [ 73.9623702, 23.3808288 ], [ 73.9819538, 23.337776 ], [ 74.0286741, 23.3315996 ], [ 74.0377216, 23.2953554 ], [ 74.1068568, 23.2936739 ], [ 74.1388155, 23.2659823 ], [ 74.1407769, 23.2229475 ], [ 74.1278085, 23.1760429 ], [ 74.1554547, 23.1562856 ], [ 74.1854483, 23.1567555 ], [ 74.2029437, 23.1902403 ], [ 74.2738438, 23.1580086 ], [ 74.2926638, 23.1178833 ], [ 74.2834155, 23.0954116 ], [ 74.3184576, 23.0731173 ], [ 74.3213094, 23.0683778 ], [ 74.3239272, 23.0628299 ], [ 74.3243277, 23.0618866 ], [ 74.324449, 23.061411 ], [ 74.3244491, 23.061411 ], [ 74.32916, 23.0612202 ], [ 74.3345755, 23.0632979 ], [ 74.3415372, 23.0678552 ], [ 74.3560013, 23.0798929 ], [ 74.3564041, 23.0886655 ], [ 74.38455, 23.1110957 ], [ 74.4050307, 23.1123131 ], [ 74.4641358, 23.0817443 ], [ 74.5394394, 23.1034298 ], [ 74.5432271, 23.1305322 ], [ 74.5965415, 23.137881 ], [ 74.6714155, 23.2000628 ], [ 74.7153466, 23.1907594 ], [ 74.7443359, 23.2113674 ], [ 74.7011042, 23.2648373 ], [ 74.6488507, 23.2559597 ], [ 74.6200546, 23.2768128 ], [ 74.543755, 23.2803787 ], [ 74.523165, 23.3210708 ], [ 74.5351457, 23.3307642 ], [ 74.542421, 23.3646719 ], [ 74.5688613, 23.3762504 ], [ 74.5750498, 23.4233182 ], [ 74.599197, 23.4288417 ], [ 74.599713, 23.4377276 ], [ 74.6073209, 23.4460505 ], [ 74.616201, 23.4598921 ], [ 74.6388426, 23.4638352 ], [ 74.6519292, 23.4624353 ], [ 74.7000108, 23.5039488 ], [ 74.7318887, 23.5003989 ], [ 74.7728787, 23.5440068 ], [ 74.8029461, 23.5324738 ], [ 74.839968, 23.5498598 ], [ 74.8700454, 23.5918142 ], [ 74.9365171, 23.6285508 ], [ 74.9039327, 23.6748241 ], [ 74.9403887, 23.7646708 ], [ 74.9088082, 23.8356129 ], [ 74.902498400000013, 23.8731559 ], [ 74.928751, 23.9540939 ], [ 74.9621181, 23.977378 ], [ 74.9784698, 24.0365357 ], [ 74.9389851, 24.0543656 ], [ 74.9033484, 24.1091926 ], [ 74.8951604, 24.1592232 ], [ 74.886676, 24.1655787 ], [ 74.8843603, 24.1699723 ], [ 74.8819912, 24.1703213 ], [ 74.8817084, 24.1730261 ], [ 74.8800306, 24.1733361 ], [ 74.8985116, 24.190037 ], [ 74.9070796, 24.2009736 ], [ 74.9087358, 24.2076134 ], [ 74.9090256, 24.2083399 ], [ 74.9096399, 24.2094647 ], [ 74.9101694, 24.2100992 ], [ 74.9098894, 24.209922 ], [ 74.8968453, 24.2271152 ], [ 74.8677969, 24.2430481 ], [ 74.7775055, 24.2387107 ], [ 74.7471045, 24.2534021 ], [ 74.7816551, 24.2902465 ], [ 74.7809094, 24.338496 ], [ 74.8252915, 24.4000603 ], [ 74.8551696, 24.4242638 ], [ 74.8151087, 24.468637 ], [ 74.7775126, 24.4606065 ], [ 74.7444382, 24.4685242 ], [ 74.7183005, 24.50835 ], [ 74.7446749, 24.5134133 ], [ 74.7537145, 24.5538018 ], [ 74.7865152, 24.5858139 ], [ 74.7795666, 24.6153286 ], [ 74.8029642, 24.6340178 ], [ 74.8142467, 24.6659147 ], [ 74.7835872, 24.657472 ], [ 74.7738641, 24.6657 ], [ 74.7836855, 24.6915514 ], [ 74.783397800000017, 24.712931 ], [ 74.7819763, 24.7191227 ], [ 74.7810493, 24.7256338 ], [ 74.7800173, 24.7275188 ], [ 74.7802091, 24.7297042 ], [ 74.7813359, 24.7287197 ], [ 74.7831451, 24.7276982 ], [ 74.7838954, 24.7277509 ], [ 74.7891126, 24.7314863 ], [ 74.8040954, 24.7351993 ], [ 74.8176248, 24.7453989 ], [ 74.8362188, 24.7064145 ], [ 74.8595741, 24.6777473 ], [ 74.8739156, 24.6490664 ], [ 74.8899626, 24.63398 ], [ 74.9429686, 24.6404427 ], [ 74.9640707, 24.6710668 ], [ 74.9600711, 24.6787001 ], [ 74.9989056, 24.6843997 ], [ 74.9927098, 24.6926716 ], [ 74.9934083, 24.7097 ], [ 74.9922144, 24.7185923 ], [ 74.9937009, 24.7241982 ], [ 74.9933686, 24.7285943 ], [ 74.9929019, 24.7304581 ], [ 74.992353, 24.7316755 ], [ 74.9962325, 24.731417 ], [ 75.0075599, 24.7311885 ], [ 75.0152796, 24.7315655 ], [ 75.0153925, 24.7400659 ], [ 75.0070067, 24.7715267 ], [ 74.9815244, 24.7636034 ], [ 74.9069917, 24.7815599 ], [ 74.8609021, 24.7985443 ], [ 74.849321, 24.7759228 ], [ 74.8380437, 24.7972978 ], [ 74.8610337, 24.8045317 ], [ 74.8591441, 24.838398 ], [ 74.8259067, 24.8993295 ], [ 74.8336408, 24.9596088 ], [ 74.8596667, 24.961711 ], [ 74.9133605, 24.9160663 ], [ 74.9105883, 24.8939445 ], [ 74.9481783, 24.864503 ], [ 74.9854739, 24.8533642 ], [ 75.0482753, 24.8498614 ], [ 75.0765269, 24.8806254 ], [ 75.1191901, 24.882395 ], [ 75.1135513, 24.9667528 ], [ 75.1515089, 24.9891728 ], [ 75.1614465, 25.0184226 ], [ 75.1534507, 25.0323731 ], [ 75.1699756, 25.0489228 ], [ 75.1925233, 25.0334765 ], [ 75.3343344, 25.0410553 ], [ 75.3383456, 25.0186477 ], [ 75.3177648, 25.0079018 ], [ 75.3134837, 24.9800612 ], [ 75.337062100000011, 24.9553176 ], [ 75.320337, 24.9016176 ], [ 75.3050079, 24.9284377 ], [ 75.2818661, 24.9530325 ], [ 75.2610533, 24.9634014 ], [ 75.277328, 24.9249066 ], [ 75.2940613, 24.9074921 ], [ 75.2729373, 24.9041469 ], [ 75.2641596, 24.8953505 ], [ 75.2634284, 24.8748014 ], [ 75.318204, 24.8604238 ], [ 75.3266337, 24.874822 ], [ 75.3736261, 24.8676907 ], [ 75.4073439, 24.8847126 ], [ 75.4197389, 24.8559572 ], [ 75.3976212, 24.8418447 ], [ 75.2978336, 24.8070537 ], [ 75.2898649, 24.8338551 ], [ 75.2405278, 24.8458037 ], [ 75.2503637, 24.8095064 ], [ 75.2110422, 24.7977187 ], [ 75.187936, 24.7435234 ], [ 75.2283779, 24.7175639 ], [ 75.3492042, 24.7008392 ], [ 75.455436, 24.6806498 ], [ 75.4915971, 24.6877618 ], [ 75.5338874, 24.7122721 ], [ 75.5830962, 24.7132516 ], [ 75.6087047, 24.6818207 ], [ 75.6460349, 24.685128 ], [ 75.6832486, 24.724148 ], [ 75.7571995, 24.7615357 ], [ 75.8025618, 24.7562158 ], [ 75.8375642, 24.7252847 ], [ 75.8251757, 24.6675443 ], [ 75.8482435, 24.6631789 ], [ 75.8422133, 24.6237813 ], [ 75.8251628, 24.6129923 ], [ 75.8715352, 24.6064844 ], [ 75.8785966, 24.5833722 ], [ 75.9065882, 24.5758306 ], [ 75.9091906, 24.4550284 ], [ 75.8752867, 24.4264642 ], [ 75.838787, 24.4141309 ], [ 75.809778, 24.4339367 ], [ 75.8140055, 24.4613073 ], [ 75.7893856, 24.4715543 ], [ 75.7519029, 24.4275895 ], [ 75.738242, 24.3347692 ], [ 75.7664389, 24.2980784 ], [ 75.8018872, 24.302433 ], [ 75.818068, 24.2386515 ], [ 75.7783606, 24.2101766 ], [ 75.752008, 24.1480135 ], [ 75.792942200000013, 24.0918438 ], [ 75.8349544, 24.0917232 ], [ 75.8368109, 24.0569792 ], [ 75.7821063, 24.0425778 ], [ 75.7654769, 23.9927376 ], [ 75.7017727, 23.9665256 ], [ 75.6708539, 24.0180486 ], [ 75.6323721, 23.9956479 ], [ 75.584562, 23.990582 ], [ 75.5210945, 24.0245918 ], [ 75.4689327, 23.9743805 ], [ 75.4594343, 23.9205073 ], [ 75.4929442, 23.9060849 ], [ 75.5659283, 23.8534266 ], [ 75.5591961, 23.8185513 ], [ 75.5835417, 23.7947277 ], [ 75.6211626, 23.8005703 ], [ 75.6930539, 23.7762395 ], [ 75.6900804, 23.8129473 ], [ 75.6949181, 23.8142234 ], [ 75.7011825, 23.8130556 ], [ 75.7118993, 23.8130203 ], [ 75.7178538, 23.8116765 ], [ 75.7206627, 23.8132514 ], [ 75.7241482, 23.8238765 ], [ 75.7221437, 23.835899 ], [ 75.7313274, 23.8531674 ], [ 75.7365729, 23.8564897 ], [ 75.7101993, 23.8634319 ], [ 75.7017035, 23.8728197 ], [ 75.705923700000014, 23.8989673 ], [ 75.7081082, 23.8996484 ], [ 75.7096279, 23.8962798 ], [ 75.7143315, 23.8936432 ], [ 75.7266532, 23.8936315 ], [ 75.7526998, 23.887292 ], [ 75.765607, 23.8506133 ], [ 75.8706305, 23.8903701 ], [ 75.876757, 23.8800468 ], [ 75.8876745, 23.8793872 ], [ 75.9282086, 23.8989893 ], [ 75.9870814, 23.9402521 ], [ 75.9849026, 23.9736864 ], [ 75.9622145, 24.0146418 ], [ 75.998712, 24.020714 ], [ 76.0429159, 24.0661466 ], [ 76.127079900000012, 24.0880234 ], [ 76.1310503, 24.1154055 ], [ 76.1141036, 24.1626458 ], [ 76.117694200000017, 24.1946687 ], [ 76.1460019, 24.2244493 ], [ 76.142202, 24.2815821 ], [ 76.1587225, 24.2827814 ], [ 76.1679945, 24.2956308 ], [ 76.1720583, 24.3060856 ], [ 76.1748437, 24.3091805 ], [ 76.182527, 24.3215824 ], [ 76.1860711, 24.3286019 ], [ 76.1899182, 24.3233776 ], [ 76.1965578, 24.3094363 ], [ 76.2037867, 24.3037804 ], [ 76.2045275, 24.217183 ], [ 76.2375454, 24.218632 ], [ 76.2688876, 24.210067 ], [ 76.2756378, 24.2108439 ], [ 76.2812088, 24.2067864 ], [ 76.2855538, 24.2095978 ], [ 76.2867201, 24.2283019 ], [ 76.3398491, 24.2439845 ], [ 76.3925246, 24.2169671 ], [ 76.5048348, 24.203103 ], [ 76.5122692, 24.1687374 ], [ 76.5276426, 24.1570106 ], [ 76.5617912, 24.1733729 ], [ 76.5703666, 24.2091693 ], [ 76.5957095, 24.2441321 ], [ 76.640157, 24.2683699 ], [ 76.6647575, 24.2622164 ], [ 76.695439, 24.2842791 ], [ 76.70221, 24.2413973 ], [ 76.6779356, 24.2041055 ], [ 76.7005618, 24.167653 ], [ 76.7563522, 24.1690795 ], [ 76.8019781, 24.1165436 ], [ 76.8546386, 24.1356981 ], [ 76.9007558, 24.1272071 ], [ 76.9224382, 24.2115705 ], [ 76.9118258, 24.2380839 ], [ 76.8630514, 24.2731131 ], [ 76.8414983, 24.32251 ], [ 76.8517937, 24.3707013 ], [ 76.8395725, 24.4130768 ], [ 76.8520759, 24.4510139 ], [ 76.8464689, 24.486359 ], [ 76.8164047, 24.5336107 ], [ 76.838310400000012, 24.545849 ], [ 76.8522112, 24.5468032 ], [ 76.8621475, 24.54837 ], [ 76.8767246, 24.5390199 ], [ 76.9176074, 24.5433775 ], [ 76.9169242, 24.4831618 ], [ 76.9778254, 24.4612284 ], [ 77.0289835, 24.4960512 ], [ 77.0547488, 24.5264321 ], [ 77.0713279, 24.5724262 ], [ 77.0651113, 24.6438168 ], [ 77.0306666, 24.7121966 ], [ 76.9983039, 24.7182466 ], [ 76.9635368, 24.7565118 ], [ 76.9013753, 24.7341946 ], [ 76.8561312, 24.7424558 ], [ 76.8484287, 24.7660711 ], [ 76.8026174, 24.8092748 ], [ 76.8320521, 24.8378413 ], [ 76.8817742, 24.8369948 ], [ 76.9418173, 24.8587065 ], [ 76.9124532, 24.8882166 ], [ 76.9229671, 24.913594 ], [ 76.8619328, 24.9613513 ], [ 76.8767715, 25.0413979 ], [ 76.9659313, 25.0515061 ], [ 76.9885088, 25.0723859 ], [ 77.0821328, 25.0581532 ], [ 77.1669155, 25.0848729 ], [ 77.1745832, 25.1117095 ], [ 77.2887418, 25.1063644 ], [ 77.3100293, 25.0807198 ], [ 77.375799, 25.1047938 ], [ 77.3962077, 25.1377723 ], [ 77.4144883, 25.2203979 ], [ 77.3995853, 25.2260287 ], [ 77.3822697, 25.2456321 ], [ 77.3553503, 25.2632959 ], [ 77.3740516, 25.27449 ], [ 77.3779583, 25.3155164 ], [ 77.3674314, 25.3285777 ], [ 77.3496703, 25.3289353 ], [ 77.361846, 25.3571953 ], [ 77.35021110000001, 25.3821758 ], [ 77.3709226, 25.4083673 ], [ 77.3310734, 25.4273605 ], [ 77.2942798, 25.4244313 ], [ 77.2342274, 25.3788976 ], [ 77.2091762, 25.3061603 ], [ 77.1635385, 25.3086026 ], [ 77.1251548, 25.3305457 ], [ 77.0835226, 25.3367127 ], [ 77.0456681, 25.319365 ], [ 77.0400434, 25.3060149 ], [ 77.0371113, 25.3026551 ], [ 77.0338922, 25.2983065 ], [ 77.0314322, 25.2945435 ], [ 77.030275, 25.2954065 ], [ 77.024609, 25.2965852 ], [ 76.9800014, 25.2980177 ], [ 76.9598433, 25.2967225 ], [ 76.9294731, 25.302925 ], [ 76.9020367, 25.3235428 ], [ 76.8572159, 25.332712 ], [ 76.78045130000001, 25.3157734 ], [ 76.7288647, 25.3287893 ], [ 76.7111192, 25.3460373 ], [ 76.6725931, 25.3479928 ], [ 76.6363018, 25.3838447 ], [ 76.5980665, 25.3938508 ], [ 76.5883812, 25.4304857 ], [ 76.5553137, 25.4533566 ], [ 76.5546406, 25.4838005 ], [ 76.5163464, 25.5282245 ], [ 76.505556, 25.5803476 ], [ 76.5138789, 25.6041959 ], [ 76.4989108, 25.6375264 ], [ 76.503175, 25.672861 ], [ 76.4751587, 25.7127513 ], [ 76.5205406, 25.7273498 ], [ 76.5155829, 25.7773252 ], [ 76.5305185, 25.8118721 ], [ 76.5914249, 25.8754767 ], [ 76.6238524, 25.8713168 ], [ 76.6317684, 25.8999506 ], [ 76.671081, 25.9101727 ], [ 76.730817, 25.9053996 ], [ 76.8050797, 25.9608691 ], [ 76.8022569, 25.9772932 ], [ 76.8399559, 26.0260825 ], [ 76.8861129, 26.0491907 ], [ 76.9018125, 26.0935263 ], [ 76.9481335, 26.1028437 ], [ 76.9989865, 26.1300634 ], [ 77.0323907, 26.1728686 ], [ 77.1004072, 26.1858568 ], [ 77.1351017, 26.2333631 ], [ 77.2038545, 26.2300354 ], [ 77.2706479, 26.2673304 ], [ 77.31673, 26.3117972 ], [ 77.3209012, 26.3334151 ], [ 77.37650690000001, 26.3652718 ], [ 77.3897698, 26.3566753 ], [ 77.4485448, 26.3677696 ], [ 77.4394654, 26.4038616 ], [ 77.4878845, 26.4109211 ], [ 77.5235352, 26.4073065 ], [ 77.5621437, 26.4368326 ], [ 77.6149169, 26.4536372 ], [ 77.6361204, 26.4807379 ], [ 77.6755372, 26.5030153 ], [ 77.7126592, 26.4982433 ], [ 77.7387829, 26.5294746 ], [ 77.7834419, 26.5520906 ], [ 77.8325014, 26.5614557 ], [ 77.8273211, 26.5960339 ], [ 77.855487, 26.6136094 ], [ 77.896703, 26.6174781 ], [ 77.898446, 26.6554533 ], [ 77.9535709, 26.6592189 ], [ 77.997506, 26.693963 ], [ 78.0952043, 26.6792711 ], [ 78.0927712, 26.7200958 ], [ 78.123773, 26.7503275 ], [ 78.101039, 26.7744242 ], [ 78.1164794, 26.7966275 ], [ 78.1550956, 26.7840699 ], [ 78.1836421, 26.7838176 ], [ 78.168883, 26.8125922 ], [ 78.1762948, 26.8257666 ], [ 78.2009366, 26.8216721 ], [ 78.2229537, 26.8306284 ], [ 78.2229538, 26.8306285 ], [ 78.2226236, 26.8311404 ], [ 78.2225315, 26.8312481 ], [ 78.2218217, 26.831869 ], [ 78.219093, 26.8334795 ], [ 78.2206028, 26.8392764 ], [ 78.2127238, 26.8461365 ], [ 78.2086172, 26.8688658 ], [ 78.2326409, 26.8742795 ], [ 78.2722537, 26.91919 ], [ 78.2572844, 26.9345753 ], [ 78.2205604, 26.9434349 ], [ 78.2106202, 26.9313345 ], [ 78.1687378, 26.947827 ], [ 78.1245061, 26.9492881 ], [ 78.1218127, 26.9225817 ], [ 78.1051616, 26.9268202 ], [ 78.1062082, 26.9144885 ], [ 78.1123544, 26.9035795 ], [ 78.0948214, 26.9038288 ], [ 78.0960399, 26.8937822 ], [ 78.0717209, 26.9063761 ], [ 78.0569277, 26.906754 ], [ 77.9870183, 26.8893238 ], [ 77.9678007, 26.9037485 ], [ 77.8775562, 26.9023682 ], [ 77.774749, 26.9321518 ], [ 77.7323728, 26.9201456 ], [ 77.7226043, 26.8743158 ], [ 77.6076114, 26.8277911 ], [ 77.5559943, 26.8177277 ], [ 77.5256799, 26.8188661 ], [ 77.5173963, 26.8363986 ], [ 77.5011659, 26.8444486 ], [ 77.5006802, 26.8170064 ], [ 77.4874596, 26.7881477 ], [ 77.48635680000001, 26.7488469 ], [ 77.4370778, 26.7842806 ], [ 77.3978654, 26.8303606 ], [ 77.4266325, 26.8589947 ], [ 77.4902499, 26.9004861 ], [ 77.5831907, 26.9241571 ], [ 77.660877, 26.9712159 ], [ 77.7453231, 26.9845264 ], [ 77.762237, 27.0009583 ], [ 77.7328452, 27.0235276 ], [ 77.7113577, 26.9974133 ], [ 77.6896167, 27.0266675 ], [ 77.6797604, 27.0470821 ], [ 77.665577399999989, 27.0172503 ], [ 77.6419321, 27.0255976 ], [ 77.601811, 27.0225254 ], [ 77.5728966, 27.0488296 ], [ 77.575342, 27.0598653 ], [ 77.5729432, 27.0632525 ], [ 77.5772133, 27.0683238 ], [ 77.5716834, 27.0718659 ], [ 77.5667389, 27.0731896 ], [ 77.549699, 27.0743106 ], [ 77.5416369, 27.0626066 ], [ 77.5263641, 27.0782325 ], [ 77.5203879, 27.10437 ], [ 77.5375605, 27.0983286 ], [ 77.6037116, 27.1237747 ], [ 77.5975353, 27.138898 ], [ 77.6136815, 27.1506018 ], [ 77.621757, 27.1721707 ], [ 77.658396200000013, 27.1701054 ], [ 77.6811243, 27.194404 ], [ 77.6450558, 27.2168766 ], [ 77.6528149, 27.2348428 ], [ 77.6273007, 27.2595003 ], [ 77.6130649, 27.2652454 ], [ 77.62177, 27.275046 ], [ 77.6168223, 27.2864502 ], [ 77.6225892, 27.3164412 ], [ 77.622703, 27.3361865 ], [ 77.61253, 27.3319212 ], [ 77.5482725, 27.3366461 ], [ 77.5071813, 27.3770899 ], [ 77.439522, 27.3907149 ], [ 77.4210946, 27.4220172 ], [ 77.4336648, 27.4599962 ], [ 77.4018944, 27.47678 ], [ 77.398970600000013, 27.5001906 ], [ 77.339985, 27.5266189 ], [ 77.3345204, 27.5912997 ], [ 77.3170511, 27.6067514 ], [ 77.3525748, 27.6512383 ], [ 77.3412219, 27.7032054 ], [ 77.3193676, 27.7334875 ], [ 77.3115774, 27.773989 ], [ 77.3014786, 27.7948569 ], [ 77.2857794, 27.7962146 ], [ 77.2828949, 27.7993711 ], [ 77.2831681, 27.8003322 ], [ 77.28340390000001, 27.8006491 ], [ 77.283695, 27.8010825 ], [ 77.2836949, 27.8010826 ], [ 77.282476699999989, 27.8019382 ], [ 77.2800441, 27.8043143 ], [ 77.2765303, 27.8072446 ], [ 77.2687489, 27.8149588 ], [ 77.2523645, 27.7907066 ], [ 77.2134242, 27.8016387 ], [ 77.2131155, 27.8089168 ], [ 77.2067007, 27.8146284 ], [ 77.2032535, 27.8229073 ], [ 77.2016775, 27.8230416 ], [ 77.1913419, 27.8099349 ], [ 77.1985608, 27.7996754 ], [ 77.183287, 27.7876355 ], [ 77.1789224, 27.8052339 ], [ 77.1796339, 27.8175608 ], [ 77.1682801, 27.8139551 ], [ 77.156006600000012, 27.7854106 ], [ 77.1084698, 27.7863286 ], [ 77.0447884, 27.8218334 ], [ 77.0322234, 27.7971219 ], [ 77.0265671, 27.7792562 ], [ 77.0357576, 27.78155 ], [ 77.0572895, 27.7705576 ], [ 77.0595424, 27.7609301 ], [ 77.0700386, 27.7673373 ], [ 77.0720842, 27.764482 ], [ 77.0745483, 27.7670232 ], [ 77.0762091, 27.7663943 ], [ 77.0759237, 27.7648264 ], [ 77.0774003, 27.7636357 ], [ 77.0800754, 27.7575233 ], [ 77.0781817, 27.7512143 ], [ 77.0856517, 27.7381066 ], [ 77.044927, 27.74344 ], [ 77.0000883, 27.7369855 ], [ 76.9790864, 27.6536122 ], [ 76.9420581, 27.6738306 ], [ 76.915451, 27.6525995 ], [ 76.8983003, 27.6775492 ], [ 76.89421, 27.7179436 ], [ 76.9022568, 27.7756285 ], [ 76.942979600000015, 27.8538669 ], [ 76.9315122, 27.9226437 ], [ 76.9307611, 27.9929218 ], [ 76.9538327, 28.0626149 ], [ 76.97053720000001, 28.1384485 ], [ 76.9319742, 28.1530654 ], [ 76.8748891, 28.2177892 ], [ 76.8381642, 28.2199672 ], [ 76.8050886, 28.2055677 ], [ 76.7948005, 28.1484121 ], [ 76.7624347, 28.1426519 ], [ 76.7435473, 28.1210433 ], [ 76.7160309, 28.1278622 ], [ 76.6981735, 28.1119972 ], [ 76.6849856, 28.0915942 ], [ 76.6633578, 28.0912198 ], [ 76.6571418, 28.0891861 ], [ 76.6516324, 28.0616411 ], [ 76.6681452, 28.0138445 ], [ 76.6049194, 28.0039312 ], [ 76.5447043, 27.9636819 ], [ 76.543806, 28.0342205 ], [ 76.4546552, 28.042324 ], [ 76.4991662, 28.1002404 ], [ 76.4757215, 28.1485861 ], [ 76.3997315, 28.1451065 ], [ 76.3906706, 28.1348217 ], [ 76.3565569, 28.1437442 ], [ 76.3578365, 28.1610527 ], [ 76.3441382, 28.169952 ], [ 76.3321969, 28.1701497 ], [ 76.3073824, 28.1790576 ], [ 76.3014335, 28.1600433 ], [ 76.3598581, 28.1249144 ], [ 76.329063, 28.0874939 ], [ 76.3565296, 28.0674743 ], [ 76.3423106, 28.0305633 ], [ 76.3207656, 28.0159687 ], [ 76.2935557, 28.0492005 ], [ 76.2609598, 28.0675284 ], [ 76.2280641, 28.0483896 ], [ 76.1894921, 28.0564518 ], [ 76.1604054, 27.9983787 ], [ 76.1866378, 27.9654716 ], [ 76.1681588, 27.9033725 ], [ 76.201250300000012, 27.8928058 ], [ 76.1938056, 27.8595007 ], [ 76.2251818, 27.8332468 ], [ 76.1811716, 27.797528 ], [ 76.1322655, 27.8244695 ], [ 76.1233304, 27.8510188 ], [ 76.0878476, 27.860649 ], [ 76.0476683, 27.8351327 ], [ 75.9713722, 27.8519567 ], [ 75.9873406, 27.9042883 ], [ 75.9423572, 27.9131721 ], [ 75.9327159, 27.9294554 ], [ 75.9516817, 27.9477125 ], [ 75.9727087, 27.9326569 ], [ 75.9819818, 27.9653256 ], [ 75.9674163, 27.9815474 ], [ 75.9769419, 28.0313592 ], [ 76.0164159, 28.0304901 ], [ 76.0171309, 28.0526937 ], [ 76.0407918, 28.0740461 ], [ 76.0232137, 28.0859877 ], [ 75.9925835, 28.0462272 ], [ 75.9834329, 28.0813406 ], [ 75.9459749, 28.1076513 ], [ 76.0261168, 28.1646436 ], [ 76.0703236, 28.1652424 ], [ 76.071932, 28.1943257 ], [ 76.0514999, 28.1962841 ], [ 76.0402706, 28.2219667 ], [ 76.0132149, 28.2440408 ], [ 76.0263181, 28.2750292 ], [ 75.99889, 28.2861516 ], [ 75.9329706, 28.3366004 ], [ 75.9295401, 28.3591365 ], [ 75.8871696, 28.3848369 ], [ 75.8328281, 28.4053611 ], [ 75.8282834, 28.4053596 ], [ 75.8220298, 28.4031225 ], [ 75.8186444, 28.4099194 ], [ 75.8097975, 28.4058382 ], [ 75.806922, 28.4091373 ], [ 75.7995452, 28.4071532 ], [ 75.7945471, 28.3996161 ], [ 75.7769559, 28.4003985 ], [ 75.7696944, 28.4227789 ], [ 75.7882753, 28.453561 ], [ 75.7356478, 28.4688475 ], [ 75.7008745, 28.4925815 ], [ 75.6696228, 28.5299668 ], [ 75.6709294, 28.530935 ], [ 75.6657772, 28.5359984 ], [ 75.6636956, 28.5367655 ], [ 75.654196, 28.5364246 ], [ 75.6337422, 28.5444613 ], [ 75.6188914, 28.603298 ], [ 75.5614941, 28.6132212 ], [ 75.5411835, 28.6604941 ], [ 75.5380121, 28.7266322 ], [ 75.5081434, 28.7886056 ], [ 75.5185085, 28.8166757 ], [ 75.5189784, 28.8262849 ], [ 75.5202581, 28.8300147 ], [ 75.5196081, 28.8345144 ], [ 75.4970509, 28.8549312 ], [ 75.4965149, 28.8963235 ], [ 75.473367, 28.9233893 ], [ 75.5056681, 28.9359225 ], [ 75.527396, 28.9710138 ], [ 75.5205665, 29.0043711 ], [ 75.5051451, 29.0117743 ], [ 75.4582284, 29.0135093 ], [ 75.4429239, 29.0209117 ], [ 75.4502944, 29.0423767 ], [ 75.4418062, 29.0575255 ], [ 75.3912361, 29.0627147 ], [ 75.4021434, 29.1278953 ], [ 75.3749852, 29.1352058 ], [ 75.3820319, 29.1676227 ], [ 75.4067496, 29.1697458 ], [ 75.4109988, 29.2074631 ], [ 75.3968006, 29.2175421 ], [ 75.4118386, 29.2424214 ], [ 75.4106084, 29.2555293 ], [ 75.3894929, 29.2612493 ], [ 75.329598, 29.2326559 ], [ 75.3400006, 29.2828075 ], [ 75.3229336, 29.2894782 ], [ 75.2101156, 29.2346543 ], [ 75.1957089, 29.2633924 ], [ 75.1686193, 29.2588846 ], [ 75.1570305, 29.242021 ], [ 75.1241252, 29.2395152 ], [ 75.1195815, 29.2228702 ], [ 75.0751217, 29.2299051 ], [ 75.0499944, 29.2861502 ], [ 74.9986411, 29.2706905 ], [ 74.9616778, 29.280344599999989 ], [ 74.960814, 29.3180483 ], [ 74.9384381, 29.3618022 ], [ 74.8505188, 29.4036072 ], [ 74.8203428, 29.3972072 ], [ 74.781862300000014, 29.3579099 ], [ 74.7396493, 29.3540161 ], [ 74.719426, 29.3699775 ], [ 74.6581932, 29.3719638 ], [ 74.6544746, 29.3329292 ], [ 74.6042434, 29.3273478 ], [ 74.6026011, 29.3652757 ], [ 74.5661353, 29.4206407 ], [ 74.5365845, 29.4245448 ], [ 74.5433078, 29.4678963 ], [ 74.5846125, 29.4584979 ], [ 74.6230389, 29.5309824 ], [ 74.5758829, 29.5601099 ], [ 74.5854008, 29.6538526 ], [ 74.6160922, 29.7521558 ], [ 74.5464092, 29.7530087 ], [ 74.5350162, 29.7407267 ], [ 74.477248, 29.7453119 ], [ 74.4736393, 29.7866952 ], [ 74.4844459, 29.8142699 ], [ 74.5391176, 29.8405914 ], [ 74.5610363, 29.8696438 ], [ 74.5436211, 29.9014387 ], [ 74.522001, 29.9022489 ], [ 74.5100196, 29.9081927 ], [ 74.5188292, 29.9299459 ], [ 74.5271591, 29.9427852 ] ] ] } },
{ "type": "Feature", "properties": { "STATE.NAME": "Arunachal Pradesh", "AREA": 82097.492514999991 }, "geometry": { "type": "Polygon", "coordinates": [ [ [ 95.1946455, 27.0313195 ], [ 95.1946454, 27.0313194 ], [ 95.195013, 27.0264626 ], [ 95.1957716, 27.0186348 ], [ 95.1965995, 27.0077845 ], [ 95.1971675, 27.0018259 ], [ 95.1914926, 26.9848569 ], [ 95.2121668, 26.9301118 ], [ 95.2319063, 26.9197075 ], [ 95.2302616, 26.8836913 ], [ 95.1815304, 26.8612653 ], [ 95.2310876, 26.7650551 ], [ 95.2103808, 26.7312422 ], [ 95.2328449, 26.6833367 ], [ 95.2339196, 26.6824585 ], [ 95.2339197, 26.6824585 ], [ 95.2345951, 26.6825514 ], [ 95.2363494, 26.6825899 ], [ 95.2378836, 26.682123 ], [ 95.2492395, 26.6838949 ], [ 95.2573423, 26.6761315 ], [ 95.2742726, 26.6588213 ], [ 95.3039506, 26.6510202 ], [ 95.3444739, 26.6752723 ], [ 95.4305854, 26.7000234 ], [ 95.4592912, 26.7428597 ], [ 95.4826031, 26.7467683 ], [ 95.5080531, 26.8095305 ], [ 95.5431725, 26.8354366 ], [ 95.5997907, 26.8113218 ], [ 95.6460626, 26.8844991 ], [ 95.666823, 26.9026804 ], [ 95.7230591, 26.8814776 ], [ 95.7449024, 26.8979823 ], [ 95.769394, 26.9771914 ], [ 95.8022564, 27.0150732 ], [ 95.8309757, 27.0074881 ], [ 95.8754766, 27.0149374 ], [ 95.9457346, 27.0513881 ], [ 95.9686663, 27.1000797 ], [ 96.0157288, 27.1529408 ], [ 96.0223123, 27.1796811 ], [ 96.0889328, 27.220143 ], [ 96.1531184, 27.2471295 ], [ 96.18531, 27.2491695 ], [ 96.2308185, 27.2766524 ], [ 96.2727512, 27.2728861 ], [ 96.3074464, 27.2942185 ], [ 96.3337464, 27.2859798 ], [ 96.4070162, 27.2875924 ], [ 96.4213919, 27.3014385 ], [ 96.5075815, 27.2990086 ], [ 96.5955324, 27.3405203 ], [ 96.6056525, 27.3658288 ], [ 96.7967391, 27.3458192 ], [ 96.8468777, 27.2716433 ], [ 96.8842723, 27.2601874 ], [ 96.885609, 27.2269307 ], [ 96.8567795, 27.1924737 ], [ 96.9013351, 27.1685565 ], [ 96.9639737, 27.1612905 ], [ 97.0309146, 27.1301702 ], [ 97.0624145, 27.098758 ], [ 97.1191441, 27.1043287 ], [ 97.1382101, 27.0914868 ], [ 97.163567, 27.1421826 ], [ 97.0901349, 27.2147088 ], [ 97.0902657, 27.2346411 ], [ 97.0348822, 27.2951141 ], [ 96.9984133, 27.3187888 ], [ 96.9622616, 27.373804 ], [ 96.9604813, 27.4039654 ], [ 96.9030488, 27.4536489 ], [ 96.9277011, 27.5121443 ], [ 96.9066857, 27.5443153 ], [ 96.902992, 27.6139568 ], [ 96.935117, 27.661659 ], [ 96.9773257, 27.6637066 ], [ 97.0224788, 27.7420767 ], [ 97.0615166, 27.7486249 ], [ 97.0885261, 27.7351079 ], [ 97.1204199, 27.7900056 ], [ 97.1565137, 27.8140672 ], [ 97.2527075, 27.9009735 ], [ 97.3049476, 27.9213032 ], [ 97.3396423, 27.8852024 ], [ 97.3747007, 27.9091246 ], [ 97.3743546, 27.9774612 ], [ 97.39494, 28.0255048 ], [ 97.3625306, 28.059692 ], [ 97.3083458, 28.0616966 ], [ 97.306801, 28.0850669 ], [ 97.3356633, 28.111354 ], [ 97.3275493, 28.1549339 ], [ 97.3688032, 28.1923635 ], [ 97.3715039, 28.2176391 ], [ 97.2791497, 28.2687024 ], [ 97.2383505, 28.2676752 ], [ 97.2214467, 28.2925603 ], [ 97.166636, 28.2950622 ], [ 97.1233675, 28.3493006 ], [ 97.090075, 28.3628899 ], [ 97.0493405, 28.3513382 ], [ 96.9939815, 28.3095133 ], [ 96.9235198, 28.3385734 ], [ 96.8964134, 28.379626 ], [ 96.8242609, 28.3610502 ], [ 96.7722415, 28.3680601 ], [ 96.7554773, 28.4095743 ], [ 96.662786, 28.4602596 ], [ 96.596925200000015, 28.4608762 ], [ 96.5578287, 28.4477209 ], [ 96.508524, 28.4130159 ], [ 96.4565831, 28.4140384 ], [ 96.4302919, 28.3865412 ], [ 96.4210696, 28.3456898 ], [ 96.3976185, 28.339257 ], [ 96.3692964, 28.389256 ], [ 96.3182741, 28.3811887 ], [ 96.2644758, 28.4122828 ], [ 96.3655175, 28.4747081 ], [ 96.3595725, 28.5049879 ], [ 96.3230528, 28.5257385 ], [ 96.3533918, 28.5560038 ], [ 96.3995088, 28.5576989 ], [ 96.4432376, 28.601341 ], [ 96.4939953, 28.6391032 ], [ 96.4695143, 28.6800572 ], [ 96.5312111, 28.7069537 ], [ 96.5848881, 28.7169642 ], [ 96.6145385, 28.7602643 ], [ 96.6074791, 28.7936192 ], [ 96.5368616, 28.8800494 ], [ 96.5382372, 28.9170127 ], [ 96.520854, 28.9614045 ], [ 96.4872069, 28.9616048 ], [ 96.4771584, 28.9904017 ], [ 96.525143, 29.0757976 ], [ 96.4357021, 29.0341546 ], [ 96.3467176, 29.0289767 ], [ 96.2936781, 28.9954424 ], [ 96.2280162, 28.9259713 ], [ 96.1664058, 28.9026301 ], [ 96.1452347, 28.934306 ], [ 96.1849111, 28.9849999 ], [ 96.1506682, 29.0502562 ], [ 96.1245832, 29.0779116 ], [ 96.1698599, 29.0848153 ], [ 96.2006867, 29.1031074 ], [ 96.2179329, 29.1353339 ], [ 96.2606521, 29.1573766 ], [ 96.3467389, 29.1681379 ], [ 96.3589132, 29.1787418 ], [ 96.3933795, 29.2537737 ], [ 96.3756515, 29.2811174 ], [ 96.3132664, 29.2565166 ], [ 96.2936141, 29.2331781 ], [ 96.234878, 29.2409675 ], [ 96.1840206, 29.307024 ], [ 96.1868126, 29.3423577 ], [ 96.1512206, 29.3973451 ], [ 96.0820834, 29.4617259 ], [ 96.0570771, 29.4568081 ], [ 96.0159644, 29.4197086 ], [ 95.9584846, 29.3810138 ], [ 95.8823342, 29.3899652 ], [ 95.841726, 29.3521766 ], [ 95.7924568, 29.3363546 ], [ 95.7791281, 29.3549255 ], [ 95.7284522, 29.3009227 ], [ 95.7033259, 29.298906 ], [ 95.6746037, 29.2695657 ], [ 95.6325821, 29.2475042 ], [ 95.6001421, 29.260397 ], [ 95.5871132, 29.2164247 ], [ 95.5463754, 29.2140842 ], [ 95.5479214, 29.12691890000001 ], [ 95.5047435, 29.1413597 ], [ 95.4901779, 29.088 ], [ 95.4553108, 29.0351717 ], [ 95.4111482, 29.032355399999989 ], [ 95.3466119, 29.0444716 ], [ 95.3039618, 29.0613763 ], [ 95.2513996, 29.0670946 ], [ 95.2521282, 29.1085145 ], [ 95.1789834, 29.1073019 ], [ 95.1233056, 29.1150641 ], [ 95.1000244, 29.1427042 ], [ 95.0414416, 29.1514213 ], [ 95.0128573, 29.1323988 ], [ 94.9694941, 29.1588507 ], [ 94.9206722, 29.1614741 ], [ 94.8737804, 29.1835664 ], [ 94.7999887, 29.1639189 ], [ 94.8000249, 29.209407 ], [ 94.7687942, 29.2523287 ], [ 94.6798024, 29.3276374 ], [ 94.6308357, 29.3484742 ], [ 94.6132726, 29.3009627 ], [ 94.5764203, 29.2749571 ], [ 94.5603328, 29.2286127 ], [ 94.4969247, 29.2164065 ], [ 94.4337252, 29.2266505 ], [ 94.3747846, 29.1900398 ], [ 94.3526021, 29.1499548 ], [ 94.290222, 29.1479511 ], [ 94.2170897, 29.0838343 ], [ 94.1873215, 29.0388136 ], [ 94.1572847, 28.9543295 ], [ 94.0809547, 28.9053717 ], [ 94.0321035, 28.8529544 ], [ 93.9969639, 28.8408849 ], [ 93.9872123, 28.7977501 ], [ 94.0033069, 28.7749409 ], [ 93.9703529, 28.7507765 ], [ 93.9673474, 28.7225909 ], [ 93.9362736, 28.6764046 ], [ 93.9058844, 28.6759924 ], [ 93.8459034, 28.7068272 ], [ 93.7770529, 28.667967 ], [ 93.7335256, 28.688792 ], [ 93.6090128, 28.6554549 ], [ 93.526581800000017, 28.660925 ], [ 93.497716, 28.6837234 ], [ 93.4763519, 28.6533303 ], [ 93.4479004, 28.6757698 ], [ 93.4140599, 28.6526347 ], [ 93.3345676, 28.6334548 ], [ 93.3298544, 28.6080345 ], [ 93.3020754, 28.5992967 ], [ 93.3074061, 28.565954 ], [ 93.2779407, 28.5044646 ], [ 93.2310767, 28.4775903 ], [ 93.192322, 28.4256228 ], [ 93.2333727, 28.4002451 ], [ 93.2244605, 28.3405401 ], [ 93.1954735, 28.3174987 ], [ 93.1265813, 28.3263355 ], [ 93.0971508, 28.3066059 ], [ 93.023761, 28.2995168 ], [ 93.0355459, 28.2626612 ], [ 93.002102, 28.2303058 ], [ 92.96636, 28.2613903 ], [ 92.9147894, 28.2346111 ], [ 92.8970477, 28.2041805 ], [ 92.8414159, 28.1789409 ], [ 92.8015312, 28.2018748 ], [ 92.7848973, 28.1833742 ], [ 92.6820063, 28.117649 ], [ 92.6646804, 28.0623661 ], [ 92.6971393, 28.0479279 ], [ 92.7410032, 27.9888821 ], [ 92.6706354, 27.899572 ], [ 92.6065167, 27.8769853 ], [ 92.5620854, 27.8204908 ], [ 92.516568, 27.8397208 ], [ 92.4939996, 27.8363323 ], [ 92.4453, 27.8003087 ], [ 92.4154298, 27.8226028 ], [ 92.3813815, 27.7945912 ], [ 92.3090009, 27.7788412 ], [ 92.256971, 27.8618743 ], [ 92.2021545, 27.8568006 ], [ 92.157992, 27.8367549 ], [ 92.0572376, 27.7588799 ], [ 91.9858011, 27.7697945 ], [ 91.9469724, 27.728486 ], [ 91.8806223, 27.7216709 ], [ 91.8625322, 27.7367849 ], [ 91.8301339, 27.8074673 ], [ 91.7485352, 27.8033049 ], [ 91.6964822, 27.8221148 ], [ 91.6717685, 27.8567251 ], [ 91.5722954, 27.8607819 ], [ 91.5483639, 27.8469152 ], [ 91.567949, 27.8153601 ], [ 91.6012806, 27.8208767 ], [ 91.6305374, 27.8008306 ], [ 91.6259633, 27.7059235 ], [ 91.5940202, 27.6831905 ], [ 91.5598879, 27.6334146 ], [ 91.5788995, 27.599486 ], [ 91.564079, 27.584128 ], [ 91.5963762, 27.539429 ], [ 91.6550209, 27.4828032 ], [ 91.6918787, 27.5025618 ], [ 91.7155301, 27.4734174 ], [ 91.7754233, 27.4642647 ], [ 91.8300534, 27.4686964 ], [ 91.8507091, 27.4822596 ], [ 91.9408066, 27.4602684 ], [ 92.0201353, 27.4793451 ], [ 92.0180932, 27.4576243 ], [ 92.0556708, 27.3996461 ], [ 92.0472313, 27.3787873 ], [ 92.0598543, 27.3266855 ], [ 92.1182708, 27.2922478 ], [ 92.1025311, 27.2685303 ], [ 92.0709857, 27.2768071 ], [ 92.0705061, 27.2230637 ], [ 92.0570743, 27.1890057 ], [ 92.026052, 27.1711872 ], [ 92.0372431, 27.1378393 ], [ 92.0229426, 27.1143263 ], [ 92.028459, 27.0779569 ], [ 92.0645652, 27.0515523 ], [ 92.1037645, 27.0070339 ], [ 92.1173914, 26.9316571 ], [ 92.1084622, 26.8933612 ], [ 92.1081705, 26.893055 ], [ 92.1121012, 26.8919403 ], [ 92.1138697, 26.8937163 ], [ 92.1140032, 26.893916 ], [ 92.1177335, 26.8909853 ], [ 92.119952, 26.8890799 ], [ 92.1947339, 26.8900598 ], [ 92.3025944, 26.9227393 ], [ 92.3631214, 26.9346397 ], [ 92.3982614, 26.9247872 ], [ 92.4474, 26.9589084 ], [ 92.5890471, 26.9616534 ], [ 92.6447296, 26.98676 ], [ 92.6774491, 27.0317573 ], [ 92.7228491, 27.0183097 ], [ 92.7631528, 27.0274104 ], [ 92.823668, 27.0094401 ], [ 92.8837683, 27.0004603 ], [ 92.9183384, 26.9824027 ], [ 92.9170731, 26.9630275 ], [ 93.0214047, 26.9136442 ], [ 93.1068706, 26.9257565 ], [ 93.2615846, 26.9536249 ], [ 93.3240261, 26.9601765 ], [ 93.4486936, 26.9508791 ], [ 93.4890246, 26.9362742 ], [ 93.5246932, 26.948624 ], [ 93.5865912, 26.9505675 ], [ 93.6573579, 26.9664124 ], [ 93.7149175, 27.0142808 ], [ 93.8355922, 27.0743948 ], [ 93.8052675, 27.1481622 ], [ 93.8371997, 27.1716751 ], [ 93.8993278, 27.2391836 ], [ 93.9911783, 27.3284435 ], [ 94.0680341, 27.3717337 ], [ 94.0895214, 27.4071454 ], [ 94.1593485, 27.4617145 ], [ 94.164469, 27.4768803 ], [ 94.2681791, 27.5209378 ], [ 94.2466405, 27.5695633 ], [ 94.2238502, 27.5765541 ], [ 94.2226025, 27.6109774 ], [ 94.2372726, 27.6323242 ], [ 94.2546359, 27.6356158 ], [ 94.2584938, 27.6352436 ], [ 94.2601511, 27.6354869 ], [ 94.2607837, 27.6357829 ], [ 94.2615971, 27.6359178 ], [ 94.2619286, 27.6358376 ], [ 94.2676308, 27.629452 ], [ 94.256626, 27.6104738 ], [ 94.272697, 27.6029055 ], [ 94.2738188, 27.5958224 ], [ 94.2767151, 27.5902882 ], [ 94.2767152, 27.5902882 ], [ 94.2776213, 27.5894024 ], [ 94.2778625, 27.5892951 ], [ 94.2795194, 27.5891622 ], [ 94.2836155, 27.5900248 ], [ 94.2885181, 27.5892214 ], [ 94.290072, 27.5961227 ], [ 94.2952596, 27.6005525 ], [ 94.2984821, 27.6018973 ], [ 94.3005612, 27.6014691 ], [ 94.3020377, 27.6009867 ], [ 94.3071969, 27.5952387 ], [ 94.3087057, 27.591158 ], [ 94.3094818, 27.5907437 ], [ 94.3094819, 27.5907437 ], [ 94.3129049, 27.5902062 ], [ 94.3176861, 27.5890927 ], [ 94.3194786, 27.5893544 ], [ 94.3219635, 27.588955 ], [ 94.3229992, 27.5886038 ], [ 94.3237981, 27.5857067 ], [ 94.3244934, 27.5851198 ], [ 94.3245403, 27.5845861 ], [ 94.3245404, 27.584586 ], [ 94.328988, 27.5861145 ], [ 94.3313039, 27.5865456 ], [ 94.3330532, 27.5869166 ], [ 94.3338216, 27.5865254 ], [ 94.3353718, 27.5839318 ], [ 94.3369335, 27.5793827 ], [ 94.3371896, 27.5791544 ], [ 94.3371897, 27.5791544 ], [ 94.3376653, 27.5793829 ], [ 94.338457, 27.5811842 ], [ 94.3508978, 27.5770795 ], [ 94.3701062, 27.5747187 ], [ 94.3926071, 27.5889887 ], [ 94.4018333, 27.5849415 ], [ 94.4186764, 27.5974817 ], [ 94.429312, 27.6000032 ], [ 94.4308786, 27.6001638 ], [ 94.431601700000016, 27.600271 ], [ 94.4319029, 27.6002978 ], [ 94.4324449, 27.5999217 ], [ 94.4321527, 27.5992893 ], [ 94.4319566, 27.5955575 ], [ 94.4320619, 27.5907674 ], [ 94.4515504, 27.5717248 ], [ 94.4566633, 27.5598035 ], [ 94.4591307, 27.5571706 ], [ 94.4606655, 27.5558808 ], [ 94.4606656, 27.5558808 ], [ 94.4616204, 27.5553149 ], [ 94.4619517, 27.5552073 ], [ 94.4635183, 27.5560658 ], [ 94.4681301, 27.5611116 ], [ 94.4786569, 27.5761329 ], [ 94.4991788, 27.5721332 ], [ 94.5870395, 27.6181148 ], [ 94.716997, 27.6582039 ], [ 94.7545259, 27.6605129 ], [ 94.7971955, 27.6955934 ], [ 94.8296738, 27.6948226 ], [ 94.8525648, 27.7275679 ], [ 95.3086806, 27.868106 ], [ 95.379496, 27.839274 ], [ 95.5221907, 27.8830537 ], [ 95.5425815, 27.9081839 ], [ 95.6051972, 27.95471 ], [ 95.8237981, 27.9715692 ], [ 95.8944568, 27.9671145 ], [ 95.95262, 27.9636374 ], [ 95.9702576, 27.9628817 ], [ 95.948984, 27.938269 ], [ 95.9484662, 27.9244852 ], [ 95.9042997, 27.8618939 ], [ 95.8703209, 27.8327632 ], [ 95.8376731, 27.8242125 ], [ 95.8002625, 27.7737893 ], [ 95.7540608, 27.7257976 ], [ 95.7901818, 27.6448129 ], [ 95.7924431, 27.5980332 ], [ 95.8304142, 27.5631597 ], [ 95.8757085, 27.5465827 ], [ 95.8791114, 27.4967981 ], [ 95.8421774, 27.4268951 ], [ 95.9412161, 27.4373871 ], [ 95.9739881, 27.4217865 ], [ 96.0177809, 27.3695215 ], [ 95.9891096, 27.3565904 ], [ 95.9583429, 27.3102481 ], [ 95.9070789, 27.289066 ], [ 95.8940877, 27.2570126 ], [ 95.85168, 27.2868752 ], [ 95.7420179, 27.2667539 ], [ 95.6315402, 27.2295934 ], [ 95.5874796, 27.2230368 ], [ 95.5750491, 27.2432711 ], [ 95.5251674, 27.2637069 ], [ 95.4841712, 27.2413456 ], [ 95.4558016, 27.2036774 ], [ 95.4663518, 27.1826879 ], [ 95.4580729, 27.1380515 ], [ 95.3979048, 27.1085451 ], [ 95.3648115, 27.1082806 ], [ 95.3167145, 27.082909 ], [ 95.246343, 27.0239017 ], [ 95.2333607, 27.0371951 ], [ 95.226329, 27.034741 ], [ 95.2240023, 27.0361235 ], [ 95.2190959, 27.0320477 ], [ 95.2153053, 27.0302588 ], [ 95.210906, 27.0296884 ], [ 95.2031258, 27.0359744 ], [ 95.1977143, 27.0363744 ], [ 95.1946455, 27.0313195 ] ] ] } },
{ "type": "Feature", "properties": { "STATE.NAME": "Gujarat", "AREA": 185157.88309799999 }, "geometry": { "type": "MultiPolygon", "coordinates": [ [ [ [ 72.3585553, 21.7978682 ], [ 72.3883622, 21.8174659 ], [ 72.3912746, 21.8574418 ], [ 72.4084299, 21.8981314 ], [ 72.4391472, 21.9297982 ], [ 72.4428447, 21.9763632 ], [ 72.4286167, 22.0015803 ], [ 72.3886444, 22.0270214 ], [ 72.3548037, 22.0280811 ], [ 72.2929262, 21.970475 ], [ 72.2998224, 21.8827285 ], [ 72.3207102, 21.8202325 ], [ 72.3585553, 21.7978682 ] ] ], [ [ [ 69.6252199, 22.4585218 ], [ 69.590863, 22.439526 ], [ 69.6365568, 22.4055396 ], [ 69.6568633, 22.4267634 ], [ 69.6252199, 22.4585218 ] ] ], [ [ [ 74.3244491, 23.061411 ], [ 74.3244491, 23.0614111 ], [ 74.3243279, 23.0618866 ], [ 74.3239274, 23.06283 ], [ 74.3213096, 23.0683779 ], [ 74.3184577, 23.0731174 ], [ 74.2834157, 23.0954116 ], [ 74.292664, 23.1178835 ], [ 74.273844, 23.1580087 ], [ 74.2029436, 23.1902405 ], [ 74.1854481, 23.1567556 ], [ 74.1554548, 23.1562858 ], [ 74.1278087, 23.176043 ], [ 74.1407771, 23.2229474 ], [ 74.1388157, 23.2659824 ], [ 74.1068569, 23.2936741 ], [ 74.0377218, 23.2953554 ], [ 74.0286743, 23.3315997 ], [ 73.981954, 23.3377762 ], [ 73.9623703, 23.380829 ], [ 73.9394107, 23.3443264 ], [ 73.8896272, 23.3362967 ], [ 73.8581879, 23.3961601 ], [ 73.8302558, 23.4261587 ], [ 73.767252500000012, 23.4530419 ], [ 73.7287686, 23.4231352 ], [ 73.7131989, 23.4143184 ], [ 73.7051301, 23.4384117 ], [ 73.7042878, 23.4513598 ], [ 73.6989195, 23.4550326 ], [ 73.6912882, 23.4581846 ], [ 73.6739142, 23.4540239 ], [ 73.653075, 23.4423628 ], [ 73.633226, 23.4691412 ], [ 73.6563839, 23.5073771 ], [ 73.6330888, 23.5286033 ], [ 73.6475458, 23.5743305 ], [ 73.6417031, 23.6274485 ], [ 73.6151772, 23.6521242 ], [ 73.5686748, 23.6528747 ], [ 73.5227008, 23.6070595 ], [ 73.5056326, 23.6386853 ], [ 73.5039032, 23.6566332 ], [ 73.5084028, 23.6954896 ], [ 73.507343, 23.702759 ], [ 73.5071831, 23.7030519 ], [ 73.5027749, 23.7040215 ], [ 73.4983627, 23.7041703 ], [ 73.4906764, 23.7068206 ], [ 73.4735366, 23.7051495 ], [ 73.4107931, 23.7800712 ], [ 73.3944744, 23.7828425 ], [ 73.3715404, 23.7704009 ], [ 73.3560812, 23.7849314 ], [ 73.3677291, 23.8393784 ], [ 73.3541594, 23.851783 ], [ 73.3874768, 23.9158184 ], [ 73.4200712, 23.9247908 ], [ 73.4046428, 24.0410822 ], [ 73.3605514, 24.0818907 ], [ 73.3620069, 24.104575 ], [ 73.3486432, 24.1069822 ], [ 73.3223076, 24.0894835 ], [ 73.325282, 24.0772968 ], [ 73.2824436, 24.0192133 ], [ 73.2394926, 24.0039988 ], [ 73.1931561, 24.0409054 ], [ 73.2139459, 24.0775958 ], [ 73.1589346, 24.0982344 ], [ 73.129367, 24.1226084 ], [ 73.0674538, 24.1945978 ], [ 73.094138, 24.2468224 ], [ 73.125457, 24.2733397 ], [ 73.1354463, 24.3083421 ], [ 73.1665265, 24.2991594 ], [ 73.2192726, 24.3638075 ], [ 73.1962124, 24.3763936 ], [ 73.1520402, 24.3542605 ], [ 73.0765119, 24.3965084 ], [ 73.1009941, 24.4273201 ], [ 73.1016704, 24.4711187 ], [ 73.0859517, 24.4984434 ], [ 73.0434523, 24.4691592 ], [ 73.0014225, 24.4689392 ], [ 73.0066647, 24.4753449 ], [ 73.0042571, 24.4813795 ], [ 72.9998101, 24.4832283 ], [ 72.9873229, 24.4734834 ], [ 72.9860702, 24.4691718 ], [ 72.969472, 24.4529209 ], [ 72.9743449, 24.439781 ], [ 72.9807767, 24.4365129 ], [ 72.9492942, 24.3980899 ], [ 72.9776408, 24.3734323 ], [ 72.9107401, 24.3371161 ], [ 72.8497702, 24.371946 ], [ 72.8036811, 24.3632299 ], [ 72.7326206, 24.3635034 ], [ 72.6891548, 24.4116332 ], [ 72.6808709, 24.465039 ], [ 72.6563277, 24.4621165 ], [ 72.575951, 24.4787504 ], [ 72.5373333, 24.519513 ], [ 72.5335133, 24.5037043 ], [ 72.4931857, 24.4589821 ], [ 72.5003535, 24.4169444 ], [ 72.4572532, 24.4146943 ], [ 72.4582307, 24.4252628 ], [ 72.4514697, 24.4420026 ], [ 72.430228, 24.4800665 ], [ 72.4437615, 24.5084393 ], [ 72.3795413, 24.51267 ], [ 72.3539124, 24.563545 ], [ 72.3236075, 24.5512636 ], [ 72.2901968, 24.5503406 ], [ 72.2689835, 24.5606881 ], [ 72.2462804, 24.5861662 ], [ 72.264361, 24.6043649 ], [ 72.30326, 24.605592 ], [ 72.3176507, 24.5942167 ], [ 72.3385221, 24.600039 ], [ 72.3480499, 24.6268893 ], [ 72.3202146, 24.6176785 ], [ 72.2336825, 24.6404478 ], [ 72.2166832, 24.626795 ], [ 72.1648185, 24.621177 ], [ 72.0898253, 24.6585801 ], [ 72.0846947, 24.706922 ], [ 72.0583249, 24.7124285 ], [ 71.9840782, 24.6862573 ], [ 71.9784133, 24.657265 ], [ 71.9255111, 24.6359223 ], [ 71.9075079, 24.6774434 ], [ 71.8577672, 24.6663971 ], [ 71.8653645, 24.6305631 ], [ 71.8521761, 24.6092451 ], [ 71.802543, 24.6310041 ], [ 71.8023818, 24.6719239 ], [ 71.7716942, 24.6752578 ], [ 71.7078799, 24.6616551 ], [ 71.6553791, 24.6390652 ], [ 71.6078721, 24.6769643 ], [ 71.477813, 24.6795409 ], [ 71.3782119, 24.6260611 ], [ 71.3478198, 24.6609514 ], [ 71.3137042, 24.6479811 ], [ 71.2875846, 24.6158416 ], [ 71.1120135, 24.6756777 ], [ 71.1026044, 24.6840425 ], [ 71.096550800000017, 24.689423 ], [ 71.095731, 24.6884591 ], [ 71.0897347, 24.6790364 ], [ 71.0864035, 24.6749913 ], [ 71.0852614, 24.672374 ], [ 71.0741652, 24.6622676 ], [ 71.0084409, 24.6355487 ], [ 70.9863118, 24.5952928 ], [ 70.9873969, 24.5432683 ], [ 71.0046158, 24.5232356 ], [ 70.9984766, 24.4440957 ], [ 71.0372262, 24.432353 ], [ 71.1029684, 24.4358651 ], [ 71.1196246, 24.4026123 ], [ 71.0841305, 24.3945214 ], [ 71.0492001, 24.3563072 ], [ 71.020016, 24.3477769 ], [ 70.985769800000014, 24.3653561 ], [ 70.946937, 24.3484691 ], [ 70.8784195, 24.3017032 ], [ 70.8751519, 24.2805341 ], [ 70.9067892, 24.2592334 ], [ 70.8516447, 24.2442436 ], [ 70.8060001, 24.2205907 ], [ 70.7135462, 24.2154107 ], [ 70.6441453, 24.2246906 ], [ 70.571084, 24.2514119 ], [ 70.5847024, 24.2777456 ], [ 70.5622896, 24.3507618 ], [ 70.5989118, 24.4041997 ], [ 70.5729327, 24.4217031 ], [ 70.4723178, 24.3886964 ], [ 70.4116475, 24.375189 ], [ 70.368546, 24.350691 ], [ 70.3267484, 24.3519248 ], [ 70.2538987, 24.3254587 ], [ 70.1660682, 24.3031829 ], [ 70.1099854, 24.2947904 ], [ 70.0670419, 24.199071 ], [ 70.0251595, 24.1709993 ], [ 69.7315216, 24.1709022 ], [ 69.594151600000018, 24.2928243 ], [ 69.5051927, 24.269 ], [ 69.4431423, 24.2799931 ], [ 69.3671909, 24.2695569 ], [ 69.3129688, 24.2813031 ], [ 69.1938305, 24.2362161 ], [ 69.0948966, 24.2740055 ], [ 69.003353, 24.2230424 ], [ 68.9846428, 24.2276038 ], [ 68.9455451, 24.3025815 ], [ 68.9069185, 24.2798457 ], [ 68.8748272, 24.2122941 ], [ 68.8573105, 24.2142742 ], [ 68.8306359, 24.3119354 ], [ 68.7646338, 24.2958929 ], [ 68.7692711, 24.2673729 ], [ 68.7540155, 23.977902 ], [ 68.7503902, 23.9713457 ], [ 68.3970675, 23.9700286 ], [ 68.3781747, 23.9844481 ], [ 68.3449602, 23.9724414 ], [ 68.3342241, 23.9258791 ], [ 68.2889157, 23.9319075 ], [ 68.2500863, 23.8950187 ], [ 68.2084419, 23.8750102 ], [ 68.199316, 23.8466111 ], [ 68.202409, 23.7661081 ], [ 68.1621567, 23.6864864 ], [ 68.1062132, 23.6809105 ], [ 68.0938153, 23.6668023 ], [ 68.1193134, 23.6158974 ], [ 68.1789294, 23.5927227 ], [ 68.2740513, 23.5948009 ], [ 68.3101349, 23.5786459 ], [ 68.3263677, 23.4960949 ], [ 68.4130842, 23.4858292 ], [ 68.3997671, 23.420103 ], [ 68.4333988, 23.4154889 ], [ 68.4592641, 23.3914854 ], [ 68.4585864, 23.3672039 ], [ 68.5006455, 23.3693903 ], [ 68.5563063, 23.3569196 ], [ 68.5618713, 23.3136763 ], [ 68.532161, 23.2805283 ], [ 68.5972702, 23.2542149 ], [ 68.5838662, 23.2236543 ], [ 68.6568795, 23.1509947 ], [ 68.7280018, 23.1072767 ], [ 68.7614747, 23.0785154 ], [ 68.8020582, 23.0643172 ], [ 68.9870734, 22.9571083 ], [ 69.0773789, 22.9103398 ], [ 69.1946334, 22.8389077 ], [ 69.2686254, 22.8250319 ], [ 69.3017392, 22.8332073 ], [ 69.3918754, 22.8132498 ], [ 69.4573889, 22.8140925 ], [ 69.4984541, 22.7972658 ], [ 69.5914996, 22.8140858 ], [ 69.6343284, 22.811581 ], [ 69.6474706, 22.7960081 ], [ 69.7125248, 22.8059419 ], [ 69.8563157, 22.8685459 ], [ 69.8987902, 22.8710885 ], [ 69.9390428, 22.8975189 ], [ 70.047582, 22.9187559 ], [ 70.062717, 22.9547039 ], [ 70.1077953, 22.9777927 ], [ 70.2158398, 23.1284908 ], [ 70.3084907, 23.1810902 ], [ 70.3005905, 23.2087057 ], [ 70.4080447, 23.2176357 ], [ 70.486906, 23.190492 ], [ 70.5051904, 23.1766308 ], [ 70.582465200000016, 23.177619 ], [ 70.6358603, 23.1854236 ], [ 70.6667236, 23.2289364 ], [ 70.7178819, 23.1892235 ], [ 70.7126471, 23.1548163 ], [ 70.686949, 23.1445847 ], [ 70.6888051, 23.1172892 ], [ 70.6382401, 23.0815332 ], [ 70.6290126, 23.0628343 ], [ 70.5934198, 23.0553457 ], [ 70.547830100000013, 23.0003808 ], [ 70.5391273, 22.9643193 ], [ 70.4789129, 22.9752323 ], [ 70.4830766, 22.9126325 ], [ 70.4612809, 22.8527267 ], [ 70.4283838, 22.8300981 ], [ 70.407884, 22.8625076 ], [ 70.4265477, 22.9040578 ], [ 70.414079, 22.9270312 ], [ 70.3761116, 22.9083537 ], [ 70.3294173, 22.8445882 ], [ 70.2924928, 22.7659637 ], [ 70.2488189, 22.7469824 ], [ 70.2223751, 22.7088045 ], [ 70.2231323, 22.6730709 ], [ 70.177311, 22.6049847 ], [ 70.1206479, 22.5535778 ], [ 70.0378014, 22.5616938 ], [ 69.972656, 22.5403037 ], [ 69.9104396, 22.5025249 ], [ 69.8621811, 22.4622439 ], [ 69.8447889, 22.4719972 ], [ 69.7437253, 22.4587641 ], [ 69.7307486, 22.484377 ], [ 69.7005448, 22.4606952 ], [ 69.7006067, 22.396068 ], [ 69.6631688, 22.3934116 ], [ 69.6558008, 22.3596204 ], [ 69.5918851, 22.3588378 ], [ 69.5435059, 22.3767917 ], [ 69.4995387, 22.3661417 ], [ 69.4896346, 22.3376517 ], [ 69.4244497, 22.3165511 ], [ 69.357777, 22.3189789 ], [ 69.2922356, 22.2751514 ], [ 69.2336497, 22.2498114 ], [ 69.2376896, 22.2226922 ], [ 69.1785956, 22.2126472 ], [ 69.1366602, 22.1952182 ], [ 69.1592514, 22.276759 ], [ 69.156860100000017, 22.3157967 ], [ 69.1880913, 22.4145976 ], [ 69.0824899, 22.3881673 ], [ 69.0340076, 22.3935643 ], [ 69.053982, 22.4654829 ], [ 69.0063708, 22.4394012 ], [ 68.9690846, 22.3894614 ], [ 68.955754, 22.3358454 ], [ 68.9364079, 22.3113656 ], [ 68.9559043, 22.2415443 ], [ 69.0482641, 22.1365055 ], [ 69.2172393, 21.9575855 ], [ 69.2820215, 21.895529 ], [ 69.3648766, 21.834379 ], [ 69.4330389, 21.7665063 ], [ 69.4774712, 21.734289 ], [ 69.5844795, 21.6376715 ], [ 69.6027415, 21.6369619 ], [ 69.6988091, 21.5427095 ], [ 69.8152874, 21.4167623 ], [ 69.9598156, 21.2505294 ], [ 70.0985214, 21.1080069 ], [ 70.256017, 20.9747129 ], [ 70.3205519, 20.9277208 ], [ 70.4027501, 20.8863111 ], [ 70.42564, 20.8631125 ], [ 70.5416241, 20.8029249 ], [ 70.6271474, 20.7680271 ], [ 70.6757657, 20.7569904 ], [ 70.7429617, 20.7199207 ], [ 70.8735846, 20.7042077 ], [ 70.8781419, 20.7283929 ], [ 70.9195695, 20.7429519 ], [ 70.9749091, 20.7273836 ], [ 71.0074548, 20.7373828 ], [ 71.0802422, 20.7383905 ], [ 71.0925087, 20.7573207 ], [ 71.1488894, 20.7581291 ], [ 71.1574851, 20.7794552 ], [ 71.2018412, 20.788664 ], [ 71.3215056, 20.8470096 ], [ 71.4407652, 20.8708251 ], [ 71.4769145, 20.8945136 ], [ 71.5113607, 20.9445625 ], [ 71.5654942, 20.9492894 ], [ 71.6127244, 20.9686009 ], [ 71.6494929, 20.9964136 ], [ 71.6798186, 20.9975592 ], [ 71.7109881, 21.0189033 ], [ 71.7416264, 21.0199098 ], [ 71.8049542, 21.0414383 ], [ 71.830785, 21.0981939 ], [ 71.8514871, 21.0811734 ], [ 71.8938524, 21.108765 ], [ 71.9373661, 21.1164315 ], [ 71.9888086, 21.1431332 ], [ 72.0003071, 21.1756681 ], [ 72.0449939, 21.1635318 ], [ 72.1124177, 21.1999653 ], [ 72.084445, 21.2462905 ], [ 72.1325237, 21.3389815 ], [ 72.1764334, 21.392436 ], [ 72.2106665, 21.420922 ], [ 72.2687706, 21.5222291 ], [ 72.2771701, 21.5651804 ], [ 72.3047276, 21.6096889 ], [ 72.3094434, 21.638958 ], [ 72.2798894, 21.6942262 ], [ 72.235315, 21.6966669 ], [ 72.2187714, 21.7363281 ], [ 72.1939279, 21.7503117 ], [ 72.1771836, 21.8036307 ], [ 72.1918609, 21.8266536 ], [ 72.2355336, 21.811926 ], [ 72.24251, 21.829698 ], [ 72.2172788, 21.8668968 ], [ 72.2031977, 21.913713 ], [ 72.2117177, 21.9619517 ], [ 72.2417712, 21.9756598 ], [ 72.2472656, 22.0133289 ], [ 72.2254429, 22.0545212 ], [ 72.2812393, 22.0798235 ], [ 72.3086003, 22.14685 ], [ 72.338602, 22.176739 ], [ 72.3392352, 22.2137339 ], [ 72.3580252, 22.2476304 ], [ 72.3733011, 22.3157959 ], [ 72.4186003, 22.3018152 ], [ 72.4056895, 22.2673234 ], [ 72.4080988, 22.2295949 ], [ 72.4272563, 22.2095136 ], [ 72.4652911, 22.259851 ], [ 72.500342800000013, 22.2777409 ], [ 72.5166613, 22.3055603 ], [ 72.5803342, 22.3010605 ], [ 72.6822385, 22.2760202 ], [ 72.7372155, 22.2753199 ], [ 72.7637689, 22.2339525 ], [ 72.8398165, 22.2812086 ], [ 72.8720145, 22.284861 ], [ 72.9106768, 22.2670419 ], [ 72.9131039, 22.3022103 ], [ 72.9395634, 22.3093011 ], [ 72.9132941, 22.2404397 ], [ 72.8745208, 22.220501 ], [ 72.8443018, 22.2344208 ], [ 72.8090856, 22.2235943 ], [ 72.7581652, 22.1742204 ], [ 72.6965372, 22.1864747 ], [ 72.6482341, 22.2156231 ], [ 72.6051658, 22.2130057 ], [ 72.5667375, 22.1821916 ], [ 72.5437318, 22.1290899 ], [ 72.5227926, 22.0412878 ], [ 72.5218408, 21.9923898 ], [ 72.5089917, 21.9442057 ], [ 72.5218408, 21.8803171 ], [ 72.582986, 21.8903831 ], [ 72.5824854, 21.9184017 ], [ 72.6378396, 21.9606239 ], [ 72.6428364, 21.9417074 ], [ 72.6242766, 21.8796034 ], [ 72.6186956, 21.8103807 ], [ 72.5955333, 21.8040328 ], [ 72.579368800000012, 21.7401418 ], [ 72.5399365, 21.7291615 ], [ 72.5277885, 21.6781641 ], [ 72.5527256, 21.6615869 ], [ 72.623751700000014, 21.6820089 ], [ 72.6929407, 21.6783535 ], [ 72.7276142, 21.6859739 ], [ 72.7898786, 21.6631471 ], [ 72.7822831, 21.6423156 ], [ 72.7310294, 21.6373187 ], [ 72.7000488, 21.6454564 ], [ 72.6350895, 21.6181878 ], [ 72.6122467, 21.5852085 ], [ 72.6354085, 21.5353114 ], [ 72.684557200000015, 21.5442064 ], [ 72.7057533, 21.5268682 ], [ 72.6528103, 21.4599458 ], [ 72.6726159, 21.4262595 ], [ 72.6493263, 21.3728179 ], [ 72.6541202, 21.3461223 ], [ 72.6006202, 21.3231928 ], [ 72.6004004, 21.2897666 ], [ 72.6381183, 21.2110047 ], [ 72.6187543, 21.1141167 ], [ 72.6315037, 21.0819642 ], [ 72.6649841, 21.0995981 ], [ 72.702078900000018, 21.0955791 ], [ 72.6992028, 21.0613986 ], [ 72.722108, 21.0343885 ], [ 72.7465856, 20.9562722 ], [ 72.7650992, 20.9207445 ], [ 72.7856393, 20.9159677 ], [ 72.842557, 20.7772505 ], [ 72.8542312, 20.7147834 ], [ 72.898179, 20.5830235 ], [ 72.8830138, 20.5311912 ], [ 72.8844796, 20.5023069 ], [ 72.8555508, 20.4674844 ], [ 72.87025, 20.4137556 ], [ 72.890737800000011, 20.3725517 ], [ 72.8458382, 20.3747926 ], [ 72.8304619, 20.3678407 ], [ 72.8262294, 20.3663209 ], [ 72.8246288, 20.3668562 ], [ 72.8212365, 20.3676631 ], [ 72.8207426, 20.3678815 ], [ 72.8207425, 20.3678814 ], [ 72.8107252, 20.3550189 ], [ 72.7901227, 20.3516842 ], [ 72.7728641, 20.3032439 ], [ 72.7551343, 20.2915793 ], [ 72.7411751, 20.2471763 ], [ 72.745669, 20.2018365 ], [ 72.737732, 20.1278443 ], [ 72.7772703, 20.1314223 ], [ 72.7852644, 20.1448806 ], [ 72.8106842, 20.1513456 ], [ 72.815148, 20.1444447 ], [ 72.8225007, 20.1479426 ], [ 72.8169584, 20.1561504 ], [ 72.8194348, 20.1639183 ], [ 72.8200637, 20.1762229 ], [ 72.817096, 20.1834035 ], [ 72.8210798, 20.1877217 ], [ 72.8704941, 20.2280847 ], [ 72.8994067, 20.2276021 ], [ 72.9330454, 20.21609 ], [ 72.9495003, 20.215611 ], [ 72.9626578, 20.209681 ], [ 72.9616139, 20.208753 ], [ 72.9616139, 20.2087528 ], [ 72.9616495, 20.2087303 ], [ 72.9624795, 20.2082055 ], [ 72.9631792, 20.2085285 ], [ 72.9647572, 20.2115022 ], [ 72.9656394, 20.2247655 ], [ 72.9539636, 20.2368837 ], [ 72.911865, 20.2689541 ], [ 72.9416529, 20.2925118 ], [ 72.9627733, 20.2712019 ], [ 72.9936426, 20.2924323 ], [ 73.035769, 20.2923291 ], [ 73.0382633, 20.3172925 ], [ 73.1054391, 20.3497822 ], [ 73.1088189, 20.3237503 ], [ 73.1014242, 20.3027942 ], [ 73.124081800000013, 20.3035945 ], [ 73.1293672, 20.3174328 ], [ 73.1514077, 20.3171925 ], [ 73.1657421, 20.282948 ], [ 73.1148621, 20.2565074 ], [ 73.0973308, 20.2360279 ], [ 73.0979147, 20.227542 ], [ 73.0712349, 20.2300199 ], [ 73.0642446, 20.2280929 ], [ 73.0602173, 20.2232594 ], [ 73.0536564, 20.2053132 ], [ 73.0628933, 20.1696743 ], [ 73.0727216, 20.1548935 ], [ 73.0795389, 20.173161 ], [ 73.1069532, 20.1578864 ], [ 73.1421241, 20.1772861 ], [ 73.1332448, 20.2056893 ], [ 73.1990634, 20.1943797 ], [ 73.2146757, 20.169713 ], [ 73.1856333, 20.1557602 ], [ 73.1889493, 20.1275974 ], [ 73.1976974, 20.1262426 ], [ 73.2043785, 20.1191532 ], [ 73.2106576, 20.1204514 ], [ 73.2106577, 20.1204515 ], [ 73.2109995, 20.1211414 ], [ 73.2124605, 20.1213087 ], [ 73.2169937, 20.128373 ], [ 73.2179124, 20.1364094 ], [ 73.2264001, 20.1259178 ], [ 73.2292792, 20.1223901 ], [ 73.2349347, 20.1256819 ], [ 73.2450601, 20.1276006 ], [ 73.2547251, 20.1269819 ], [ 73.2782008, 20.1486567 ], [ 73.2813027, 20.1901688 ], [ 73.3015647, 20.2098669 ], [ 73.3429141, 20.1994533 ], [ 73.3577569, 20.2127062 ], [ 73.3861215, 20.1962655 ], [ 73.4165721, 20.1982039 ], [ 73.4167709, 20.2123627 ], [ 73.4107727, 20.2384971 ], [ 73.427383, 20.2780383 ], [ 73.4137297, 20.3521102 ], [ 73.4065107, 20.3732989 ], [ 73.3994019, 20.3844494 ], [ 73.4231889, 20.4220594 ], [ 73.4448939, 20.4746932 ], [ 73.4677291, 20.4963827 ], [ 73.4742328, 20.5831454 ], [ 73.4291657, 20.5962348 ], [ 73.4202201, 20.6272368 ], [ 73.394178, 20.6406955 ], [ 73.412514, 20.6613855 ], [ 73.4483917, 20.6922159 ], [ 73.4667813, 20.7220459 ], [ 73.4903285, 20.6863038 ], [ 73.4892928, 20.6556545 ], [ 73.5312743, 20.6740956 ], [ 73.550937, 20.6484529 ], [ 73.5995736, 20.6368232 ], [ 73.6218906, 20.6146525 ], [ 73.6269125, 20.5848885 ], [ 73.6275719, 20.5838746 ], [ 73.6292092, 20.5817564 ], [ 73.6297008, 20.581176 ], [ 73.6303697, 20.5805708 ], [ 73.6317557, 20.5798256 ], [ 73.6368385, 20.5774182 ], [ 73.6392386, 20.5775671 ], [ 73.6451147, 20.57387 ], [ 73.6511844, 20.5684723 ], [ 73.6523896, 20.5644818 ], [ 73.6696012, 20.5631985 ], [ 73.7155244, 20.5763668 ], [ 73.7462713, 20.5683172 ], [ 73.7749999, 20.5994929 ], [ 73.838357, 20.6205481 ], [ 73.8306821, 20.6750274 ], [ 73.8626741, 20.7031633 ], [ 73.8744609, 20.7296467 ], [ 73.9049095, 20.7253092 ], [ 73.9422479, 20.7423223 ], [ 73.9235694, 20.8512198 ], [ 73.9255713, 20.8883474 ], [ 73.888205, 20.9352285 ], [ 73.9011356, 20.9821493 ], [ 73.8677418, 20.985926 ], [ 73.8148141, 21.023291 ], [ 73.780146, 21.0643282 ], [ 73.7297357, 21.0822386 ], [ 73.7058422, 21.1081177 ], [ 73.6516807, 21.107409 ], [ 73.6431377, 21.1393824 ], [ 73.7295557, 21.1651877 ], [ 73.815687, 21.1738841 ], [ 73.8258712, 21.1999351 ], [ 73.8116299, 21.2310352 ], [ 73.8282852, 21.239791 ], [ 73.8229579, 21.2652189 ], [ 73.8486822, 21.2746507 ], [ 73.8794258, 21.2657724 ], [ 73.9425416, 21.3001321 ], [ 73.9489879, 21.3509848 ], [ 73.9445628, 21.3809361 ], [ 73.951837, 21.3952011 ], [ 74.0083393, 21.4227963 ], [ 74.0234518, 21.4177153 ], [ 74.0443149, 21.4190959 ], [ 74.0481496, 21.4233042 ], [ 74.0495106, 21.4401405 ], [ 74.0466168, 21.4485704 ], [ 74.2139654, 21.481534 ], [ 74.2557812, 21.4766172 ], [ 74.3206407, 21.4984342 ], [ 74.3207652, 21.5290466 ], [ 74.3030707, 21.5520637 ], [ 74.276102, 21.5619243 ], [ 74.2633746, 21.5398314 ], [ 74.2176255, 21.5445673 ], [ 74.200256, 21.5323437 ], [ 74.1577197, 21.5686966 ], [ 74.1377471, 21.5488862 ], [ 74.0984389, 21.5558201 ], [ 74.043286, 21.5455804 ], [ 74.0109989, 21.5490631 ], [ 73.9675017, 21.5226094 ], [ 73.9287712, 21.522978 ], [ 73.8533886, 21.4972884 ], [ 73.8347657, 21.5202076 ], [ 73.8122254, 21.6025302 ], [ 73.7880927, 21.6340254 ], [ 73.8389144, 21.6332398 ], [ 73.8848553, 21.653504 ], [ 73.8936977, 21.6713327 ], [ 73.8810416, 21.7146225 ], [ 73.8362344, 21.7467522 ], [ 73.8262827, 21.8426095 ], [ 73.8711452, 21.8411541 ], [ 74.028718, 21.9112695 ], [ 74.052606200000014, 21.9271097 ], [ 74.1080439, 21.9443034 ], [ 74.1368445, 21.9510192 ], [ 74.140005, 21.9467515 ], [ 74.1468932, 21.9483314 ], [ 74.1467273, 21.9528207 ], [ 74.1467273, 21.9528209 ], [ 74.1505041, 21.9866733 ], [ 74.1186843, 21.9987672 ], [ 74.1087846, 22.0221221 ], [ 74.1356298, 22.0528225 ], [ 74.1600321, 22.0589059 ], [ 74.170317, 22.0915989 ], [ 74.1525954, 22.1059373 ], [ 74.1244978, 22.0979646 ], [ 74.1306694, 22.144468 ], [ 74.11834, 22.1868529 ], [ 74.1217472, 22.1941122 ], [ 74.117555, 22.2067338 ], [ 74.1222824, 22.2103878 ], [ 74.1164626, 22.2162323 ], [ 74.1062451, 22.2202385 ], [ 74.0722725, 22.2189858 ], [ 74.0745112, 22.2655716 ], [ 74.0630818, 22.3069969 ], [ 74.0717655, 22.3614141 ], [ 74.1124371, 22.3667875 ], [ 74.1280609, 22.3329868 ], [ 74.1901863, 22.3201835 ], [ 74.2703951, 22.4130452 ], [ 74.2440143, 22.4338405 ], [ 74.2036713, 22.4460847 ], [ 74.2025622, 22.4691023 ], [ 74.1797389, 22.4618736 ], [ 74.1850793, 22.4434157 ], [ 74.1604823, 22.4311434 ], [ 74.1361151, 22.4473006 ], [ 74.1194462, 22.4188018 ], [ 74.0863064, 22.469876 ], [ 74.0828871, 22.5065656 ], [ 74.0532586, 22.5085872 ], [ 74.0408866, 22.4889811 ], [ 74.0296957, 22.5076579 ], [ 74.0383992, 22.5347203 ], [ 74.0746687, 22.5513332 ], [ 74.1345365, 22.5197384 ], [ 74.2104035, 22.5649545 ], [ 74.2320004, 22.6122798 ], [ 74.2769261, 22.6458825 ], [ 74.3154294, 22.633936 ], [ 74.3609142, 22.6338105 ], [ 74.3842426, 22.6474428 ], [ 74.4017857, 22.7315192 ], [ 74.4352066, 22.7822704 ], [ 74.4337631, 22.8079803 ], [ 74.4647636, 22.8163677 ], [ 74.4765691, 22.8554565 ], [ 74.4605775, 22.9079391 ], [ 74.4183633, 22.9172975 ], [ 74.378163, 22.9069491 ], [ 74.3395196, 22.9528259 ], [ 74.3642592, 22.9814027 ], [ 74.3464703, 23.0246025 ], [ 74.3221444, 23.0409991 ], [ 74.3188922, 23.0587535 ], [ 74.3208295, 23.0613751 ], [ 74.3229061, 23.0608033 ], [ 74.3244491, 23.061411 ] ] ], [ [ [ 70.0153824, 22.601149 ], [ 69.985517, 22.5886777 ], [ 70.001384, 22.5546239 ], [ 70.0327803, 22.5728003 ], [ 70.0153824, 22.601149 ] ] ], [ [ [ 68.5369941, 23.3473742 ], [ 68.4975934, 23.3327182 ], [ 68.5267813, 23.310238 ], [ 68.5369941, 23.3473742 ] ] ] ] } },
{ "type": "Feature", "properties": { "STATE.NAME": "Haryana", "AREA": 44196.040318 }, "geometry": { "type": "Polygon", "coordinates": [ [ [ 77.585610699999989, 30.3795574 ], [ 77.58561060000001, 30.3795575 ], [ 77.5854666, 30.3795965 ], [ 77.5852959, 30.379692 ], [ 77.5844127, 30.3797222 ], [ 77.58286, 30.3791978 ], [ 77.5810248, 30.3777015 ], [ 77.5557439, 30.3901233 ], [ 77.5184912, 30.4433486 ], [ 77.4679799, 30.3998172 ], [ 77.434115, 30.4311066 ], [ 77.4026268, 30.4292655 ], [ 77.3226479, 30.4459416 ], [ 77.27046, 30.4812432 ], [ 77.2434462, 30.4756336 ], [ 77.2264702, 30.4804558 ], [ 77.207768, 30.4744231 ], [ 77.2068089, 30.5058193 ], [ 77.1929306, 30.5256 ], [ 77.1353101, 30.5454562 ], [ 77.1242748, 30.5650748 ], [ 77.1361231, 30.5699476 ], [ 77.1405583, 30.5795682 ], [ 77.1473596, 30.5781569 ], [ 77.1723046, 30.6013125 ], [ 77.1641003, 30.6860608 ], [ 77.09736, 30.7381938 ], [ 77.0205208, 30.7400553 ], [ 77.0112889, 30.810717 ], [ 76.9817824, 30.8142302 ], [ 76.9647377, 30.8257075 ], [ 76.9489284, 30.8244904 ], [ 76.9439733, 30.837712 ], [ 76.9512276, 30.8505795 ], [ 76.9336889, 30.8746358 ], [ 76.914897, 30.8896974 ], [ 76.8990696, 30.892754 ], [ 76.8953083, 30.8870946 ], [ 76.8759233, 30.8809579 ], [ 76.869555, 30.8731782 ], [ 76.8510627, 30.8900071 ], [ 76.8410165, 30.891714 ], [ 76.8266928, 30.9127257 ], [ 76.8246453, 30.9272199 ], [ 76.8111187, 30.9240614 ], [ 76.7981364, 30.9152913 ], [ 76.7868082, 30.9133943 ], [ 76.7829881, 30.9097115 ], [ 76.7760614, 30.9060261 ], [ 76.776627, 30.905359 ], [ 76.7767334, 30.9042867 ], [ 76.7767643, 30.9039746 ], [ 76.7771283, 30.9008991 ], [ 76.7773259, 30.8969169 ], [ 76.7843323, 30.8779112 ], [ 76.8466757, 30.8339604 ], [ 76.8569633, 30.794802 ], [ 76.8417572, 30.7745127 ], [ 76.8388101, 30.7637101 ], [ 76.8401226, 30.758948 ], [ 76.8394133, 30.7565575 ], [ 76.83862, 30.7552675 ], [ 76.838103, 30.7550689 ], [ 76.8380143, 30.7549199 ], [ 76.8380143, 30.7549198 ], [ 76.8380625, 30.7548658 ], [ 76.8380666, 30.7548613 ], [ 76.8378578, 30.7545276 ], [ 76.8338179, 30.7498798 ], [ 76.8334068, 30.7466053 ], [ 76.8338515, 30.7444 ], [ 76.834923, 30.7418882 ], [ 76.8327359, 30.7401016 ], [ 76.833008, 30.7388748 ], [ 76.8372236, 30.7334956 ], [ 76.8419385, 30.7327798 ], [ 76.8432704, 30.7311746 ], [ 76.8454734, 30.7317525 ], [ 76.8474782, 30.7314642 ], [ 76.8463719, 30.7297322 ], [ 76.8493806, 30.7234459 ], [ 76.8285701, 30.694706 ], [ 76.8273606, 30.6920222 ], [ 76.8276028, 30.687724 ], [ 76.8318629, 30.6832832 ], [ 76.8299432, 30.6823535 ], [ 76.8295522, 30.6813926 ], [ 76.8292171, 30.6810272 ], [ 76.8292171, 30.6810271 ], [ 76.8292528, 30.6809978 ], [ 76.8299858, 30.680396 ], [ 76.8303042, 30.680139 ], [ 76.8312647, 30.6790795 ], [ 76.8300033, 30.6763505 ], [ 76.832545, 30.6631682 ], [ 76.8468367, 30.6567137 ], [ 76.8619803, 30.6636438 ], [ 76.8742353, 30.6739593 ], [ 76.8711945, 30.6421767 ], [ 76.8809061, 30.6454129 ], [ 76.8964388, 30.6358832 ], [ 76.895827, 30.6287527 ], [ 76.9100535, 30.6262016 ], [ 76.9259827, 30.6100772 ], [ 76.9163747, 30.5541454 ], [ 76.9311233, 30.5009194 ], [ 76.8864095, 30.4296735 ], [ 76.9394178, 30.3947821 ], [ 76.9155511, 30.3652528 ], [ 76.8833422, 30.4086968 ], [ 76.8559489, 30.4179148 ], [ 76.8510104, 30.435306 ], [ 76.8233634, 30.4115968 ], [ 76.7903066, 30.4146767 ], [ 76.748832299999989, 30.4292093 ], [ 76.7133668, 30.3880541 ], [ 76.7460627, 30.3672368 ], [ 76.7109978, 30.3258411 ], [ 76.6879756, 30.3268995 ], [ 76.6234068, 30.2645942 ], [ 76.6138921, 30.2722387 ], [ 76.5837902, 30.270266 ], [ 76.5719027, 30.2652802 ], [ 76.561727, 30.2622058 ], [ 76.559568, 30.2648843 ], [ 76.5565725, 30.2622933 ], [ 76.5581396, 30.2499267 ], [ 76.561965, 30.2415296 ], [ 76.555739, 30.2269373 ], [ 76.5476069, 30.2268128 ], [ 76.54803960000001, 30.2224884 ], [ 76.5627697, 30.2258489 ], [ 76.5655844, 30.2319464 ], [ 76.6238539, 30.2278247 ], [ 76.6206022, 30.2054063 ], [ 76.6533059, 30.2010912 ], [ 76.6450219, 30.1888443 ], [ 76.6170589, 30.20105 ], [ 76.6033535, 30.1930991 ], [ 76.6002959, 30.1839222 ], [ 76.6224346, 30.1675983 ], [ 76.6332656, 30.1669645 ], [ 76.6350679, 30.1596662 ], [ 76.6387391, 30.1541751 ], [ 76.6388091, 30.1518145 ], [ 76.6397645, 30.1502843 ], [ 76.6381129, 30.1476131 ], [ 76.6340939, 30.1465874 ], [ 76.6295063, 30.1425979 ], [ 76.6207779, 30.1373691 ], [ 76.5993342, 30.1125408 ], [ 76.5469521, 30.076246 ], [ 76.4625245, 30.1010576 ], [ 76.459935700000017, 30.1294862 ], [ 76.428483, 30.1508963 ], [ 76.4343044, 30.183148 ], [ 76.3871538, 30.1706343 ], [ 76.4090651, 30.1467969 ], [ 76.339881, 30.0987405 ], [ 76.3187042, 30.0972547 ], [ 76.2536585, 30.1216109 ], [ 76.2274063, 30.1445448 ], [ 76.2197058, 30.1160999 ], [ 76.2411713, 30.1017147 ], [ 76.242467, 30.0987801 ], [ 76.2463918, 30.0943693 ], [ 76.2489018, 30.0922217 ], [ 76.252603, 30.0898507 ], [ 76.2489003, 30.0851362 ], [ 76.2493159, 30.08247260000001 ], [ 76.2464704, 30.0820288 ], [ 76.2362964, 30.0675989 ], [ 76.226238, 30.0586566 ], [ 76.2053883, 29.9737625 ], [ 76.1782284, 29.942219 ], [ 76.1934309, 29.8856553 ], [ 76.2300825, 29.8853948 ], [ 76.2437932, 29.8524417 ], [ 76.1958005, 29.8422475 ], [ 76.1848486, 29.822756 ], [ 76.1479571, 29.8199692 ], [ 76.129237, 29.7969608 ], [ 76.0849686, 29.8007586 ], [ 76.0434411, 29.7427265 ], [ 75.9843894, 29.7271332 ], [ 75.8702239, 29.7493257 ], [ 75.836979, 29.7942749 ], [ 75.7885421, 29.8113904 ], [ 75.7578446, 29.8056232 ], [ 75.7377813, 29.8140459 ], [ 75.7325691, 29.8125305 ], [ 75.7240193, 29.8126399 ], [ 75.7216469, 29.8134468 ], [ 75.7210814, 29.8127935 ], [ 75.7141427, 29.8018576 ], [ 75.7160714, 29.7896258 ], [ 75.7027682, 29.7523568 ], [ 75.6782868, 29.7761091 ], [ 75.6344589, 29.7552848 ], [ 75.5721477, 29.7432981 ], [ 75.561077, 29.7706929 ], [ 75.5027357, 29.7778963 ], [ 75.4615865, 29.8077467 ], [ 75.4539485, 29.7820196 ], [ 75.4141017, 29.7700414 ], [ 75.4051169, 29.7576486 ], [ 75.404752, 29.73901 ], [ 75.3931675, 29.7208903 ], [ 75.3456985, 29.6960156 ], [ 75.3165595, 29.6306304 ], [ 75.295706400000014, 29.6250468 ], [ 75.2900589, 29.6073013 ], [ 75.3139918, 29.5892668 ], [ 75.3094415, 29.5608466 ], [ 75.2811346, 29.5614702 ], [ 75.271065, 29.5492243 ], [ 75.2579718, 29.5491017 ], [ 75.2421314, 29.5459321 ], [ 75.2379013, 29.5599119 ], [ 75.2337931, 29.5643289 ], [ 75.2344339, 29.5698198 ], [ 75.2216962, 29.5802904 ], [ 75.2353096, 29.6021101 ], [ 75.1824459, 29.6293336 ], [ 75.1679483, 29.6670306 ], [ 75.206771, 29.6875202 ], [ 75.196937, 29.7160825 ], [ 75.2263208, 29.7288851 ], [ 75.2415784, 29.7546499 ], [ 75.2085322, 29.7931653 ], [ 75.2102742, 29.8328902 ], [ 75.1640367, 29.8241061 ], [ 75.1590599, 29.8013415 ], [ 75.1649, 29.7823846 ], [ 75.1400703, 29.7864688 ], [ 75.1368197, 29.8059686 ], [ 75.10072, 29.8067933 ], [ 75.1186537, 29.830879 ], [ 75.1180899, 29.8335659 ], [ 75.1110365, 29.8420478 ], [ 75.1028673, 29.8419467 ], [ 75.0907733, 29.852663 ], [ 75.1071311, 29.8682698 ], [ 75.114704, 29.8786666 ], [ 75.1102759, 29.9020006 ], [ 75.0990053, 29.9110916 ], [ 75.0988226, 29.9127418 ], [ 75.0941479, 29.9151092 ], [ 75.0887692, 29.9172012 ], [ 75.0887646, 29.9172033 ], [ 75.0887609, 29.9172001 ], [ 75.0883673, 29.9168683 ], [ 75.0878622, 29.9163029 ], [ 75.0868926, 29.9153842 ], [ 75.0861227, 29.9137219 ], [ 75.0820696, 29.9072814 ], [ 75.0811228, 29.9021815 ], [ 75.0752818, 29.8963577 ], [ 75.0699497, 29.8770621 ], [ 74.9904796, 29.8680324 ], [ 74.9516809, 29.9026073 ], [ 74.9228215, 29.95203 ], [ 74.8879698, 29.9671345 ], [ 74.85616370000001, 29.956466 ], [ 74.8064176, 29.9921052 ], [ 74.7794355, 29.9719569 ], [ 74.7313937, 29.9614731 ], [ 74.7021754, 29.9719396 ], [ 74.6582176, 29.9322609 ], [ 74.646841400000014, 29.9043455 ], [ 74.5966878, 29.9122689 ], [ 74.5824367, 29.9243484 ], [ 74.5644783, 29.9276318 ], [ 74.5317429, 29.9491978 ], [ 74.5297032, 29.9470136 ], [ 74.5271745, 29.9428111 ], [ 74.527159700000013, 29.9427864 ], [ 74.527159, 29.9427853 ], [ 74.5257006, 29.9405559 ], [ 74.518829, 29.929946 ], [ 74.5100194, 29.9081928 ], [ 74.5107664, 29.9073677 ], [ 74.5220009, 29.9022487 ], [ 74.543621, 29.9014385 ], [ 74.5610361, 29.8696439 ], [ 74.5391175, 29.8405916 ], [ 74.4844457, 29.81427 ], [ 74.4736391, 29.7866952 ], [ 74.4772478, 29.7453118 ], [ 74.5350163, 29.7407265 ], [ 74.5464093, 29.7530085 ], [ 74.6160919, 29.7521558 ], [ 74.5854006, 29.6538526 ], [ 74.5758827, 29.5601097 ], [ 74.6230387, 29.5309823 ], [ 74.5846125, 29.4584981 ], [ 74.5433077, 29.4678965 ], [ 74.5365843, 29.4245447 ], [ 74.5661352, 29.4206405 ], [ 74.602601, 29.3652755 ], [ 74.6042434, 29.3273477 ], [ 74.6544747, 29.332929 ], [ 74.6581933, 29.3719636 ], [ 74.719426, 29.3699773 ], [ 74.7396493, 29.3540159 ], [ 74.7818624, 29.3579097 ], [ 74.8203429, 29.3972071 ], [ 74.850519, 29.4036071 ], [ 74.938437900000011, 29.3618021 ], [ 74.9608138, 29.3180484 ], [ 74.9616777, 29.2803444 ], [ 74.998641, 29.2706903 ], [ 75.0499943, 29.28615 ], [ 75.0751216, 29.2299049 ], [ 75.1195817, 29.2228701 ], [ 75.1241253, 29.2395151 ], [ 75.1570306, 29.2420208 ], [ 75.1957087, 29.2633923 ], [ 75.2101155, 29.2346541 ], [ 75.3229337, 29.289478 ], [ 75.3400004, 29.2828074 ], [ 75.3295979, 29.2326557 ], [ 75.3894929, 29.2612491 ], [ 75.411838500000016, 29.2424216 ], [ 75.3968004, 29.217542 ], [ 75.4109986, 29.207463 ], [ 75.4067495, 29.169746 ], [ 75.382031700000013, 29.1676227 ], [ 75.3749851, 29.1352056 ], [ 75.4021433, 29.1278951 ], [ 75.391236, 29.0627145 ], [ 75.441806, 29.0575253 ], [ 75.4502943, 29.0423766 ], [ 75.4429237, 29.0209115 ], [ 75.4582285, 29.0135091 ], [ 75.5205664, 29.0043709 ], [ 75.5273958, 28.9710138 ], [ 75.5056679, 28.9359226 ], [ 75.4733668, 28.9233893 ], [ 75.4965147, 28.8963234 ], [ 75.4970507, 28.8549311 ], [ 75.5077995, 28.8392237 ], [ 75.5196081, 28.8345142 ], [ 75.5202579, 28.8300147 ], [ 75.5189781, 28.8262849 ], [ 75.5185083, 28.8166757 ], [ 75.5081432, 28.7886057 ], [ 75.538012, 28.7266321 ], [ 75.5411834, 28.6604939 ], [ 75.5614939, 28.6132211 ], [ 75.6188914, 28.6032978 ], [ 75.6337422, 28.5444611 ], [ 75.654196, 28.5364244 ], [ 75.6636956, 28.5367653 ], [ 75.6684316, 28.5330622 ], [ 75.6708961, 28.5173258 ], [ 75.700874400000018, 28.4925813 ], [ 75.7356476, 28.4688474 ], [ 75.7882751, 28.4535608 ], [ 75.7696942, 28.422779 ], [ 75.7702098, 28.4122356 ], [ 75.776956, 28.4003983 ], [ 75.7945472, 28.3996159 ], [ 75.7995454, 28.4071532 ], [ 75.8220296, 28.4031225 ], [ 75.8247943, 28.4029697 ], [ 75.8282834, 28.4053594 ], [ 75.832828, 28.405361 ], [ 75.8871695, 28.3848368 ], [ 75.9295399, 28.3591363 ], [ 75.9329705, 28.3366002 ], [ 75.9988899, 28.2861515 ], [ 76.026318, 28.2750291 ], [ 76.0132147, 28.2440407 ], [ 76.0402705, 28.2219665 ], [ 76.0514997, 28.196284 ], [ 76.0719319, 28.1943255 ], [ 76.0703236, 28.1652426 ], [ 76.0261167, 28.1646438 ], [ 75.9459747, 28.1076514 ], [ 75.9834327, 28.0813406 ], [ 75.9925835, 28.046227 ], [ 75.9769418, 28.0313594 ], [ 75.967416, 27.9815474 ], [ 75.9819816, 27.9653257 ], [ 75.9727086, 27.9326571 ], [ 75.9516816, 27.9477127 ], [ 75.9369471, 27.9384654 ], [ 75.9327158, 27.9294553 ], [ 75.9423572, 27.9131719 ], [ 75.9873404, 27.9042882 ], [ 75.9713721, 27.8519565 ], [ 76.0476682, 27.8351325 ], [ 76.0878476, 27.8606488 ], [ 76.123330200000012, 27.8510187 ], [ 76.1322654, 27.8244693 ], [ 76.1811716, 27.7975278 ], [ 76.225182, 27.8332467 ], [ 76.1938058, 27.8595008 ], [ 76.2012505, 27.892806 ], [ 76.1681589, 27.9033727 ], [ 76.186638, 27.9654715 ], [ 76.1604055, 27.9983786 ], [ 76.189492199999989, 28.0564516 ], [ 76.2280641, 28.0483893 ], [ 76.2609597, 28.0675283 ], [ 76.2935556, 28.0492003 ], [ 76.292156, 28.0258622 ], [ 76.3207658, 28.0159685 ], [ 76.3423107, 28.0305632 ], [ 76.3565298, 28.0674743 ], [ 76.3290631, 28.087494 ], [ 76.3598583, 28.1249145 ], [ 76.3014336, 28.1600435 ], [ 76.3073824, 28.1790574 ], [ 76.3321971, 28.1701495 ], [ 76.3441381, 28.1699518 ], [ 76.3578363, 28.1610528 ], [ 76.3565567, 28.1437442 ], [ 76.3906707, 28.1348216 ], [ 76.3997315, 28.1451063 ], [ 76.4757214, 28.1485859 ], [ 76.4991661, 28.1002405 ], [ 76.454655, 28.042324 ], [ 76.5438058, 28.0342203 ], [ 76.5447043, 27.9636817 ], [ 76.6049195, 28.003931 ], [ 76.6681454, 28.0138443 ], [ 76.6516326, 28.0616411 ], [ 76.657142, 28.0891861 ], [ 76.6633578, 28.0912196 ], [ 76.6873419, 28.087671 ], [ 76.6849858, 28.0915944 ], [ 76.7160309, 28.127862 ], [ 76.7435474, 28.1210431 ], [ 76.7624348, 28.1426517 ], [ 76.7948006, 28.1484119 ], [ 76.8050888, 28.2055676 ], [ 76.8381644, 28.219967 ], [ 76.8748889, 28.2177891 ], [ 76.9319741, 28.1530653 ], [ 76.970537, 28.1384484 ], [ 76.9538325, 28.062615 ], [ 76.9307609, 27.9929217 ], [ 76.9315121, 27.9226435 ], [ 76.9429794, 27.8538669 ], [ 76.9022566, 27.7756285 ], [ 76.8942099, 27.7179435 ], [ 76.8983001, 27.6775492 ], [ 76.9154511, 27.6525993 ], [ 76.9420582, 27.6738305 ], [ 76.9790865, 27.6536121 ], [ 77.0000884, 27.7369854 ], [ 77.0449269, 27.7434398 ], [ 77.0856519, 27.7381065 ], [ 77.0781819, 27.7512144 ], [ 77.0800756, 27.7575234 ], [ 77.0774005, 27.7636358 ], [ 77.0759239, 27.7648265 ], [ 77.0762093, 27.7663943 ], [ 77.0745482, 27.7670233 ], [ 77.0572896, 27.7705578 ], [ 77.035757500000017, 27.7815502 ], [ 77.0322236, 27.7971219 ], [ 77.0447885, 27.8218332 ], [ 77.1084697, 27.7863284 ], [ 77.156006600000012, 27.7854104 ], [ 77.1682802, 27.8139549 ], [ 77.1789224, 27.8052342 ], [ 77.1690882, 27.7917511 ], [ 77.1832871, 27.7876353 ], [ 77.198561, 27.7996753 ], [ 77.1913421, 27.8099348 ], [ 77.196633, 27.8153286 ], [ 77.2016777, 27.8230415 ], [ 77.2067006, 27.8146283 ], [ 77.2131153, 27.8089167 ], [ 77.2134242, 27.8016385 ], [ 77.2523646, 27.7907064 ], [ 77.2687489, 27.8149586 ], [ 77.2765302, 27.8072445 ], [ 77.280044, 27.8043142 ], [ 77.2824766, 27.801938 ], [ 77.2836948, 27.8010825 ], [ 77.2837154, 27.801068 ], [ 77.2837155, 27.8010681 ], [ 77.2988052, 27.816337 ], [ 77.331171, 27.8310741 ], [ 77.3493148, 27.855746 ], [ 77.4132274, 27.8517371 ], [ 77.4794882, 27.8978837 ], [ 77.4922329, 27.9385013 ], [ 77.5293833, 27.9255104 ], [ 77.5411363, 27.9820388 ], [ 77.5001958, 28.0624955 ], [ 77.4742535, 28.0874625 ], [ 77.5123516, 28.1248838 ], [ 77.5073429, 28.1311064 ], [ 77.4935341, 28.1329718 ], [ 77.4929607, 28.13923 ], [ 77.505019, 28.1475144 ], [ 77.5020967, 28.161222 ], [ 77.5222812, 28.1612366 ], [ 77.5486117, 28.1759503 ], [ 77.5155693, 28.1929162 ], [ 77.515990800000012, 28.2055361 ], [ 77.5242709, 28.1958694 ], [ 77.5352477, 28.2102972 ], [ 77.522539, 28.2194652 ], [ 77.5258369, 28.2290309 ], [ 77.5467552, 28.2380198 ], [ 77.5475597, 28.2467402 ], [ 77.537421, 28.2482957 ], [ 77.5188217, 28.2424764 ], [ 77.4926874, 28.2520021 ], [ 77.5062001, 28.3040985 ], [ 77.4724764, 28.3366963 ], [ 77.496303, 28.34915950000001 ], [ 77.5052018, 28.3626593 ], [ 77.4776276, 28.41907 ], [ 77.4364438, 28.4310466 ], [ 77.4334384, 28.4549314 ], [ 77.3747482, 28.476493 ], [ 77.3717325, 28.4984535 ], [ 77.3580992, 28.5018603 ], [ 77.3516349, 28.5000969 ], [ 77.3477303, 28.5042067 ], [ 77.347607, 28.5104805 ], [ 77.3460957, 28.5121848 ], [ 77.3454329, 28.5132656 ], [ 77.3454328, 28.5132656 ], [ 77.3451121, 28.5132466 ], [ 77.3445483, 28.5128931 ], [ 77.3432625, 28.5110825 ], [ 77.3361119, 28.5052103 ], [ 77.3268287, 28.4901236 ], [ 77.3140955, 28.4836226 ], [ 77.2902605, 28.4965557 ], [ 77.243297, 28.478835 ], [ 77.2495189, 28.4244822 ], [ 77.1743969, 28.4046921 ], [ 77.1659017, 28.4256911 ], [ 77.1288373, 28.4406939 ], [ 77.121846, 28.4585188 ], [ 77.1130063, 28.4713131 ], [ 77.1146488, 28.480762 ], [ 77.1206891, 28.4962834 ], [ 77.0803884, 28.518052 ], [ 77.0599457, 28.5123103 ], [ 77.0319487, 28.5312909 ], [ 77.0066346, 28.5413455 ], [ 77.0004704, 28.532065 ], [ 76.951664, 28.5042368 ], [ 76.9079801, 28.5137364 ], [ 76.8796062, 28.5047487 ], [ 76.8647259, 28.5433291 ], [ 76.8424933, 28.5560843 ], [ 76.8882632, 28.6319173 ], [ 76.9558866, 28.6712316 ], [ 76.9677893, 28.6996071 ], [ 76.9446034, 28.7540079 ], [ 76.9558716, 28.7673826 ], [ 76.9508044, 28.8182957 ], [ 76.991807400000013, 28.8383587 ], [ 77.039998, 28.8318271 ], [ 77.0451114, 28.8409581 ], [ 77.0450848, 28.8462261 ], [ 77.061667, 28.8708333 ], [ 77.0692273, 28.8672168 ], [ 77.0792255, 28.8719803 ], [ 77.1098041, 28.870101 ], [ 77.1404601, 28.8618808 ], [ 77.1541099, 28.8374764 ], [ 77.1730405, 28.8572604 ], [ 77.1971151, 28.8592477 ], [ 77.205858, 28.8579426 ], [ 77.2076532, 28.857786 ], [ 77.2093939, 28.8577338 ], [ 77.2098988, 28.8577472 ], [ 77.2098583, 28.8578373 ], [ 77.2098449, 28.8578669 ], [ 77.2097883, 28.8579921 ], [ 77.209743, 28.8580315 ], [ 77.2089861, 28.8588578 ], [ 77.2088134, 28.8610621 ], [ 77.1907231, 28.8665141 ], [ 77.1982312, 28.8875384 ], [ 77.2280822, 28.881227 ], [ 77.232877, 28.9187313 ], [ 77.1966521, 28.9376798 ], [ 77.2023287, 28.9872451 ], [ 77.1880234, 29.0299063 ], [ 77.1682048, 29.0329396 ], [ 77.1650857, 29.0765919 ], [ 77.1340687, 29.095184 ], [ 77.1490166, 29.1168725 ], [ 77.135938, 29.1420004 ], [ 77.147263, 29.179634 ], [ 77.1325295, 29.2224629 ], [ 77.1388066, 29.2662906 ], [ 77.1611472, 29.332404 ], [ 77.1346546, 29.3400363 ], [ 77.1232776, 29.3703821 ], [ 77.1458305, 29.4440706 ], [ 77.133368500000017, 29.4826576 ], [ 77.096363599999989, 29.5195228 ], [ 77.108345, 29.5478579 ], [ 77.1130481, 29.6096527 ], [ 77.1559255, 29.6983281 ], [ 77.1342227, 29.7184583 ], [ 77.1252985, 29.7695284 ], [ 77.1791958, 29.812699 ], [ 77.1776387, 29.8417711 ], [ 77.2469221, 29.9767337 ], [ 77.2764027, 29.9966809 ], [ 77.2969085, 30.0533723 ], [ 77.3342865, 30.053791 ], [ 77.3825391, 30.0925415 ], [ 77.4057875, 30.0893552 ], [ 77.429740099999989, 30.1640369 ], [ 77.4772373, 30.1824372 ], [ 77.5453373, 30.2808039 ], [ 77.5867949, 30.3139192 ], [ 77.5782706, 30.3298755 ], [ 77.6035203, 30.3692233 ], [ 77.5905627, 30.3735301 ], [ 77.5874275, 30.3777534 ], [ 77.585610699999989, 30.3795574 ] ] ] } },
{ "type": "Feature", "properties": { "STATE.NAME": "Mizoram", "AREA": 21094.497111000001 }, "geometry": { "type": "Polygon", "coordinates": [ [ [ 92.292282, 24.2504925 ], [ 92.2923553, 24.2490481 ], [ 92.2929605, 24.2461541 ], [ 92.2947074, 24.2418641 ], [ 92.294868, 24.238438 ], [ 92.2970322, 24.2320749 ], [ 92.3214157, 24.2031994 ], [ 92.3242934, 24.0863026 ], [ 92.3163692, 24.067452 ], [ 92.3260473, 23.9975412 ], [ 92.3084985, 23.968185 ], [ 92.3238731, 23.9049735 ], [ 92.3090203, 23.8570591 ], [ 92.2690738, 23.8470166 ], [ 92.2569964, 23.8128738 ], [ 92.2670757, 23.7517481 ], [ 92.2654206, 23.7429103 ], [ 92.2653881, 23.7251123 ], [ 92.2653882, 23.7251122 ], [ 92.2663601, 23.7240769 ], [ 92.2667778, 23.7236218 ], [ 92.2674168, 23.7221639 ], [ 92.2690701, 23.7207879 ], [ 92.27989, 23.7183522 ], [ 92.2916595, 23.6818861 ], [ 92.2741863, 23.6482158 ], [ 92.2885126, 23.6291175 ], [ 92.3117617, 23.5604386 ], [ 92.332721, 23.4351448 ], [ 92.3465292, 23.4332547 ], [ 92.3562672, 23.3712227 ], [ 92.3776128, 23.3625867 ], [ 92.3671801, 23.3179505 ], [ 92.3841839, 23.3079234 ], [ 92.4004545, 23.2364346 ], [ 92.3474603, 23.2367092 ], [ 92.3671916, 23.1251445 ], [ 92.3609487, 23.0987828 ], [ 92.3917965, 23.0569592 ], [ 92.3715767, 22.9367558 ], [ 92.4194037, 22.9115992 ], [ 92.463427, 22.8554257 ], [ 92.4543274, 22.843083 ], [ 92.4780626, 22.7509211 ], [ 92.5074237, 22.737789 ], [ 92.5260952, 22.6728901 ], [ 92.5246867, 22.6410884 ], [ 92.537723700000015, 22.5770207 ], [ 92.5221723, 22.5602718 ], [ 92.5481368, 22.507321 ], [ 92.543954, 22.490029 ], [ 92.5622986, 22.3723411 ], [ 92.5835034, 22.2991729 ], [ 92.5809808, 22.2686231 ], [ 92.5957531, 22.1751636 ], [ 92.574759, 22.115279 ], [ 92.6000169, 22.0519114 ], [ 92.5990199, 22.0063039 ], [ 92.6346342, 21.9835435 ], [ 92.6525786, 22.016506 ], [ 92.6796354, 22.0115229 ], [ 92.6819203, 22.1038453 ], [ 92.6967729, 22.1433723 ], [ 92.7252346, 22.1482812 ], [ 92.7736941, 22.1073792 ], [ 92.8100248, 22.0962687 ], [ 92.8183421, 22.0752183 ], [ 92.8571679, 22.0666288 ], [ 92.864466, 22.0241673 ], [ 92.8914106, 22.0110524 ], [ 92.9154953, 21.9798154 ], [ 92.9564669, 22.0295528 ], [ 92.9944547, 22.0314232 ], [ 93.0052548, 22.1051222 ], [ 93.048921, 22.0995856 ], [ 93.0566857, 22.1220249 ], [ 93.037005, 22.1441746 ], [ 93.0626672, 22.207753 ], [ 93.1108999, 22.2043083 ], [ 93.1276797, 22.1733725 ], [ 93.1612126, 22.1965135 ], [ 93.14174, 22.2456576 ], [ 93.1993127, 22.2560205 ], [ 93.1817692, 22.394869 ], [ 93.1852255, 22.4276901 ], [ 93.1395253, 22.4537431 ], [ 93.1345963, 22.4928508 ], [ 93.1092674, 22.5245753 ], [ 93.1149266, 22.5628611 ], [ 93.1401559, 22.5927152 ], [ 93.1094343, 22.6351339 ], [ 93.0908542, 22.7042026 ], [ 93.1062118, 22.7433696 ], [ 93.0942099, 22.8062083 ], [ 93.1100419, 22.8181807 ], [ 93.136222, 22.9132799 ], [ 93.1547173, 22.9177594 ], [ 93.1229009, 23.0078898 ], [ 93.1265009, 23.0440139 ], [ 93.1830716, 23.0596872 ], [ 93.2103004, 23.0473813 ], [ 93.2413329, 23.0067235 ], [ 93.2943958, 23.0070334 ], [ 93.3270382, 23.0390658 ], [ 93.3679037, 23.1463981 ], [ 93.38549, 23.2194683 ], [ 93.3678191, 23.2688585 ], [ 93.3726367, 23.3285518 ], [ 93.3553382, 23.3522295 ], [ 93.3890608, 23.3644414 ], [ 93.4019127, 23.3896777 ], [ 93.388421, 23.4487135 ], [ 93.3975604, 23.5103506 ], [ 93.4180463, 23.539171 ], [ 93.409613, 23.5626887 ], [ 93.427995, 23.5882151 ], [ 93.4222568, 23.6596184 ], [ 93.435524, 23.6781624 ], [ 93.4060901, 23.7122284 ], [ 93.3915826, 23.7571247 ], [ 93.4020702, 23.8122072 ], [ 93.3886857, 23.825497 ], [ 93.3848363, 23.8724812 ], [ 93.3930739, 23.9210361 ], [ 93.353676, 23.9466433 ], [ 93.3334482, 23.9789058 ], [ 93.3386185, 24.0214512 ], [ 93.3261743, 24.0485249 ], [ 93.2863744, 24.0474506 ], [ 93.261124, 24.0699026 ], [ 93.220327, 24.0834488 ], [ 93.2118776, 24.0485553 ], [ 93.1688671, 24.0511934 ], [ 93.1611949, 24.0733257 ], [ 93.1398447, 24.0846621 ], [ 93.1242735, 24.0607117 ], [ 93.0784112, 24.1017746 ], [ 93.0520366, 24.0895 ], [ 92.9909971, 24.1155624 ], [ 92.9875541, 24.1476547 ], [ 93.0059639, 24.1617621 ], [ 93.0204913, 24.2318559 ], [ 93.0040875, 24.2581739 ], [ 93.00791, 24.2869184 ], [ 93.0336075, 24.3210272 ], [ 93.0177326, 24.3499467 ], [ 93.0246204, 24.3925503 ], [ 93.009569900000017, 24.4061744 ], [ 93.0086518, 24.4079395 ], [ 93.0086399, 24.4097159 ], [ 93.0086954, 24.4117506 ], [ 93.0086978, 24.4117792 ], [ 93.0086977, 24.4117793 ], [ 93.0073728, 24.4118043 ], [ 93.0068423, 24.4118038 ], [ 93.0060809, 24.4110713 ], [ 93.0073529, 24.4091854 ], [ 93.0061079, 24.4073748 ], [ 93.0038967, 24.407161 ], [ 92.9994285, 24.4007924 ], [ 92.9763536, 24.408337 ], [ 92.933897, 24.392384 ], [ 92.9220665, 24.4025719 ], [ 92.9127815, 24.4088493 ], [ 92.90697, 24.4113882 ], [ 92.861672, 24.3986697 ], [ 92.8260763, 24.3764799 ], [ 92.8018137, 24.4208893 ], [ 92.796595, 24.4329345 ], [ 92.7718098, 24.5006847 ], [ 92.7637413, 24.52108 ], [ 92.762897, 24.521234 ], [ 92.7624784, 24.520236 ], [ 92.7608862, 24.518533 ], [ 92.76109, 24.516863 ], [ 92.7520514, 24.5063337 ], [ 92.7404052, 24.4686513 ], [ 92.6896607, 24.3537067 ], [ 92.6225288, 24.3316391 ], [ 92.6122018, 24.2535706 ], [ 92.550554, 24.2471039 ], [ 92.5243314, 24.171597 ], [ 92.4648786, 24.1362383 ], [ 92.4568163, 24.143935 ], [ 92.4566247, 24.144468 ], [ 92.4560689, 24.1444909 ], [ 92.4544508, 24.1450831 ], [ 92.4530678, 24.1442081 ], [ 92.4476822, 24.1461338 ], [ 92.4427034, 24.1545642 ], [ 92.4406607, 24.1529536 ], [ 92.4367986, 24.1528558 ], [ 92.4357421, 24.1652344 ], [ 92.4376283, 24.1686012 ], [ 92.4344671, 24.1740062 ], [ 92.4293945, 24.1865939 ], [ 92.4187969, 24.1927999 ], [ 92.422433, 24.2549585 ], [ 92.2952626, 24.2525751 ], [ 92.292282, 24.2504927 ], [ 92.292282, 24.2504925 ] ] ] } },
{ "type": "Feature", "properties": { "STATE.NAME": "Uttar Pradesh", "AREA": 241061.36187699999 }, "geometry": { "type": "MultiPolygon", "coordinates": [ [ [ [ 79.3648363, 25.1445701 ], [ 79.3521515, 25.1198725 ], [ 79.3739375, 25.1040675 ], [ 79.373814, 25.0453302 ], [ 79.4073882, 25.0647825 ], [ 79.3648363, 25.1445701 ] ] ], [ [ [ 77.5760212, 30.3974436 ], [ 77.5762124, 30.3970604 ], [ 77.576764, 30.3961965 ], [ 77.579106600000017, 30.3919916 ], [ 77.584686, 30.385346 ], [ 77.5849175, 30.3822915 ], [ 77.5856105, 30.3795574 ], [ 77.5856228, 30.3795089 ], [ 77.5856229, 30.3795088 ], [ 77.5905626, 30.3735299 ], [ 77.6035202, 30.3692232 ], [ 77.5782704, 30.3298756 ], [ 77.5867947, 30.3139192 ], [ 77.5453372, 30.2808041 ], [ 77.477237100000011, 30.1824373 ], [ 77.42974, 30.1640371 ], [ 77.4057874, 30.0893554 ], [ 77.3825391, 30.0925417 ], [ 77.334286400000011, 30.0537911 ], [ 77.2969085, 30.0533725 ], [ 77.2764026, 29.996681 ], [ 77.246922, 29.9767339 ], [ 77.1776385, 29.8417711 ], [ 77.1791956, 29.8126991 ], [ 77.1252984, 29.7695286 ], [ 77.1342226, 29.7184581 ], [ 77.1559253, 29.6983281 ], [ 77.1130479, 29.6096528 ], [ 77.1083449, 29.547858 ], [ 77.0963634, 29.5195228 ], [ 77.1333683, 29.4826575 ], [ 77.1458303, 29.4440705 ], [ 77.1232774, 29.3703821 ], [ 77.1346545, 29.3400361 ], [ 77.161147, 29.3324039 ], [ 77.1388064, 29.2662906 ], [ 77.1325293, 29.2224631 ], [ 77.1472628, 29.179634 ], [ 77.1359379, 29.1420002 ], [ 77.1490164, 29.1168726 ], [ 77.1340685, 29.0951839 ], [ 77.1650855, 29.0765918 ], [ 77.1682047, 29.0329394 ], [ 77.1880232, 29.0299062 ], [ 77.2023285, 28.9872451 ], [ 77.1966519, 28.9376797 ], [ 77.2328768, 28.9187312 ], [ 77.2280821, 28.8812271 ], [ 77.1982311, 28.8875386 ], [ 77.1907229, 28.8665139 ], [ 77.2088132, 28.861062 ], [ 77.2089859, 28.8588577 ], [ 77.2098447, 28.8578669 ], [ 77.2098448, 28.8578668 ], [ 77.2099535, 28.8578412 ], [ 77.2099664, 28.8578372 ], [ 77.2109509, 28.8569826 ], [ 77.2115292, 28.8565729 ], [ 77.214222, 28.8558479 ], [ 77.2173066, 28.8513652 ], [ 77.2166351, 28.8415356 ], [ 77.2242695, 28.8261489 ], [ 77.1993911, 28.7980608 ], [ 77.235549, 28.7609448 ], [ 77.304772, 28.7129295 ], [ 77.3166438, 28.7129496 ], [ 77.3259849, 28.7098916 ], [ 77.325823, 28.7036379 ], [ 77.3232578, 28.6986051 ], [ 77.3329096, 28.6819899 ], [ 77.3238901, 28.6772252 ], [ 77.3162526, 28.6412439 ], [ 77.3425504, 28.6220024 ], [ 77.297082, 28.5659972 ], [ 77.3043913, 28.5519233 ], [ 77.333980200000013, 28.5254423 ], [ 77.3376086, 28.5231266 ], [ 77.3466289, 28.5210292 ], [ 77.3454148, 28.5136598 ], [ 77.3454327, 28.5132655 ], [ 77.3454344, 28.5132289 ], [ 77.3460955, 28.5121847 ], [ 77.3476068, 28.5104804 ], [ 77.3477302, 28.5042066 ], [ 77.3516348, 28.5000967 ], [ 77.3580993, 28.5018601 ], [ 77.3717323, 28.4984533 ], [ 77.374748, 28.4764929 ], [ 77.4334383, 28.4549312 ], [ 77.4364438, 28.4310464 ], [ 77.4776275, 28.4190698 ], [ 77.5052016, 28.3626593 ], [ 77.4724763, 28.3366965 ], [ 77.4717453, 28.3281281 ], [ 77.4819456, 28.3250732 ], [ 77.5061999, 28.3040986 ], [ 77.4926872, 28.252002 ], [ 77.5188216, 28.2424762 ], [ 77.5374211, 28.2482955 ], [ 77.5467551, 28.23802 ], [ 77.5258368, 28.229031 ], [ 77.5159909, 28.2055363 ], [ 77.4972908, 28.2060438 ], [ 77.4984787, 28.1846384 ], [ 77.5155694, 28.192916 ], [ 77.5486115, 28.1759503 ], [ 77.5222812, 28.1612368 ], [ 77.5020965, 28.1612222 ], [ 77.5050188, 28.1475145 ], [ 77.4929606, 28.1392302 ], [ 77.4935339, 28.1329717 ], [ 77.5073428, 28.1311062 ], [ 77.5123514, 28.1248838 ], [ 77.4742533, 28.0874625 ], [ 77.5001956, 28.0624955 ], [ 77.541136100000017, 27.982039 ], [ 77.5293833, 27.9255106 ], [ 77.4922329, 27.9385015 ], [ 77.4794879, 27.8978836 ], [ 77.4132274, 27.8517373 ], [ 77.3493149, 27.8557462 ], [ 77.33117080000001, 27.8310742 ], [ 77.298805, 27.816337 ], [ 77.2906085, 27.8108502 ], [ 77.2849717, 27.8035371 ], [ 77.2836949, 27.8010826 ], [ 77.2836948, 27.8010826 ], [ 77.2834037, 27.8006492 ], [ 77.2831679, 27.8003323 ], [ 77.2828947, 27.799371 ], [ 77.2857793, 27.7962145 ], [ 77.3014785, 27.7948567 ], [ 77.3115773, 27.7739892 ], [ 77.3079631, 27.7528079 ], [ 77.3193675, 27.7334877 ], [ 77.3044139, 27.7098587 ], [ 77.3412217, 27.7032054 ], [ 77.3525746, 27.6512382 ], [ 77.3170509, 27.6067515 ], [ 77.3345203, 27.5912995 ], [ 77.3399848, 27.5266188 ], [ 77.3989705, 27.5001904 ], [ 77.4018943, 27.4767798 ], [ 77.4336647, 27.459996 ], [ 77.4210943, 27.4220172 ], [ 77.4395218, 27.3907149 ], [ 77.5071811, 27.3770898 ], [ 77.5482724, 27.3366459 ], [ 77.57755, 27.3276548 ], [ 77.6125303, 27.3319211 ], [ 77.6168221, 27.2864502 ], [ 77.6217698, 27.2750458 ], [ 77.6130647, 27.2652454 ], [ 77.6273008, 27.2595001 ], [ 77.6450556, 27.2168767 ], [ 77.6811241, 27.1944039 ], [ 77.658396200000013, 27.1701056 ], [ 77.6217571, 27.1721709 ], [ 77.6100466, 27.1628544 ], [ 77.6136814, 27.1506019 ], [ 77.5975351, 27.1388979 ], [ 77.6037114, 27.1237749 ], [ 77.5375605, 27.0983288 ], [ 77.5203879, 27.1043702 ], [ 77.5054363, 27.0922947 ], [ 77.5226481, 27.0891716 ], [ 77.5263639, 27.0782326 ], [ 77.541637, 27.0626064 ], [ 77.5496991, 27.0743104 ], [ 77.5772131, 27.0683239 ], [ 77.572943, 27.0632524 ], [ 77.5753418, 27.0598653 ], [ 77.5728964, 27.04882970000001 ], [ 77.601811, 27.0225252 ], [ 77.641932200000014, 27.0255974 ], [ 77.6655775, 27.0172501 ], [ 77.6896165, 27.0266675 ], [ 77.7113576, 26.9974132 ], [ 77.7300534, 26.9938869 ], [ 77.7328453, 27.0235275 ], [ 77.7622368, 27.0009584 ], [ 77.7453229, 26.9845265 ], [ 77.6608771, 26.9712161 ], [ 77.5831905, 26.9241572 ], [ 77.4902498, 26.9004863 ], [ 77.4266323, 26.8589946 ], [ 77.3978652, 26.8303605 ], [ 77.4370775, 26.7842804 ], [ 77.4863569, 26.7488467 ], [ 77.4874598, 26.7881477 ], [ 77.5006804, 26.8170065 ], [ 77.5559942, 26.8177275 ], [ 77.6076112, 26.8277909 ], [ 77.7226044, 26.8743156 ], [ 77.7323728, 26.9201454 ], [ 77.774749, 26.9321516 ], [ 77.8775561, 26.902368 ], [ 77.9678009, 26.9037483 ], [ 77.9870183, 26.8893236 ], [ 78.0569278, 26.9067538 ], [ 78.0717209, 26.9063759 ], [ 78.0960399, 26.893782 ], [ 78.0980125, 26.8979257 ], [ 78.0948215, 26.9038286 ], [ 78.1046846, 26.9027781 ], [ 78.1057157, 26.898047 ], [ 78.1111933, 26.8958795 ], [ 78.1123546, 26.9035796 ], [ 78.1218129, 26.9225816 ], [ 78.1245061, 26.949288 ], [ 78.1687378, 26.9478269 ], [ 78.2106203, 26.9313343 ], [ 78.2386165, 26.9266488 ], [ 78.2572843, 26.9345751 ], [ 78.2722535, 26.9191901 ], [ 78.2326407, 26.8742797 ], [ 78.2086174, 26.8688659 ], [ 78.2026045, 26.8817267 ], [ 78.1964928, 26.8809196 ], [ 78.2127236, 26.8461364 ], [ 78.2206026, 26.8392764 ], [ 78.2190929, 26.8334794 ], [ 78.2218216, 26.8318688 ], [ 78.2225314, 26.831248 ], [ 78.2226234, 26.8311403 ], [ 78.2229537, 26.8306284 ], [ 78.2240091, 26.8307172 ], [ 78.2252447, 26.8306501 ], [ 78.2280208, 26.8302223 ], [ 78.2357325, 26.827824 ], [ 78.2454011, 26.8232455 ], [ 78.2518762, 26.8171385 ], [ 78.2622883, 26.813121 ], [ 78.2711098, 26.8142045 ], [ 78.2749426, 26.8234584 ], [ 78.2730394, 26.8404559 ], [ 78.2835091, 26.8544553 ], [ 78.3069806, 26.8626249 ], [ 78.361456, 26.8690648 ], [ 78.395232, 26.8171036 ], [ 78.4268595, 26.8255685 ], [ 78.4595901, 26.7883174 ], [ 78.5190567, 26.7809008 ], [ 78.5775404, 26.7484981 ], [ 78.613039200000017, 26.75195 ], [ 78.6299756, 26.7732309 ], [ 78.6745366, 26.7656989 ], [ 78.6806461, 26.7858623 ], [ 78.7215044, 26.7963579 ], [ 78.7718986, 26.7701022 ], [ 78.8158638, 26.7623584 ], [ 78.8694448, 26.6993966 ], [ 78.9151197, 26.7062438 ], [ 78.9933264, 26.6773464 ], [ 78.9938093, 26.640468 ], [ 79.0165397, 26.6006621 ], [ 78.98759, 26.5930704 ], [ 79.0188688, 26.5409637 ], [ 79.0679399, 26.4969251 ], [ 79.0526146, 26.4537432 ], [ 79.0997174, 26.4525953 ], [ 79.1294971, 26.4403859 ], [ 79.1243187, 26.4226188 ], [ 79.1247848, 26.4171356 ], [ 79.123246100000017, 26.4161833 ], [ 79.123727500000015, 26.4115529 ], [ 79.1143859, 26.4077257 ], [ 79.0913835, 26.4045628 ], [ 79.0844688, 26.3581408 ], [ 79.120462, 26.3483491 ], [ 79.1155302, 26.3205128 ], [ 79.0836348, 26.2798721 ], [ 79.0620969, 26.2735864 ], [ 79.0653479, 26.2297804 ], [ 79.0352223, 26.2257299 ], [ 79.0182147, 26.2476605 ], [ 78.9965903, 26.2280458 ], [ 79.0252291, 26.2207181 ], [ 78.9943001, 26.1462037 ], [ 78.9799985, 26.1511113 ], [ 78.9644196, 26.1484634 ], [ 78.9629355, 26.1365364 ], [ 78.9516092, 26.1343221 ], [ 78.952091, 26.1293393 ], [ 78.9756284, 26.1052116 ], [ 79.001329, 26.0905603 ], [ 79.0027482, 26.0666511 ], [ 78.9696572, 26.0458093 ], [ 78.9605313, 26.0349112 ], [ 78.9545805, 26.0333891 ], [ 78.9478971, 26.0263383 ], [ 78.9524774, 25.9879878 ], [ 78.9333172, 25.9485423 ], [ 78.8841633, 25.9130342 ], [ 78.8916618, 25.8969889 ], [ 78.8918888, 25.8803169 ], [ 78.8645592, 25.8716069 ], [ 78.82873450000001, 25.7955825 ], [ 78.8083107, 25.8009406 ], [ 78.771276, 25.749683 ], [ 78.7633299, 25.7199295 ], [ 78.7836317, 25.7087191 ], [ 78.799981, 25.702938 ], [ 78.7959474, 25.700571 ], [ 78.7955664, 25.6967207 ], [ 78.8048993, 25.6918872 ], [ 78.8069222, 25.6843861 ], [ 78.8167024, 25.6763214 ], [ 78.8197419, 25.6519458 ], [ 78.8104623, 25.6194501 ], [ 78.7407441, 25.5969793 ], [ 78.7162017, 25.6044707 ], [ 78.6788661, 25.5853023 ], [ 78.6582798, 25.5598509 ], [ 78.5979415, 25.5705048 ], [ 78.5867794, 25.5568627 ], [ 78.5822698, 25.5613748 ], [ 78.5692167, 25.5646154 ], [ 78.5609993, 25.5592636 ], [ 78.5245308, 25.5668841 ], [ 78.515124, 25.5691971 ], [ 78.5088557, 25.5726359 ], [ 78.5018019, 25.5750268 ], [ 78.4976602, 25.5777871 ], [ 78.4937941, 25.5785575 ], [ 78.4911355, 25.5775756 ], [ 78.4871664, 25.5744103 ], [ 78.483119, 25.5725538 ], [ 78.4665822, 25.5588304 ], [ 78.4646964, 25.545508 ], [ 78.4539478, 25.549346 ], [ 78.4194827, 25.5335494 ], [ 78.4286853, 25.4878509 ], [ 78.369074, 25.4385863 ], [ 78.3009714, 25.3620218 ], [ 78.3279244, 25.3523198 ], [ 78.338617, 25.2918815 ], [ 78.3725119, 25.2599027 ], [ 78.3820545, 25.2225822 ], [ 78.4166358, 25.1835201 ], [ 78.4111783, 25.1294612 ], [ 78.3860627, 25.1037683 ], [ 78.33951, 25.0872347 ], [ 78.3471818, 25.0244907 ], [ 78.3339745, 24.9949066 ], [ 78.1722951, 24.877777 ], [ 78.2357429, 24.7717344 ], [ 78.2255681, 24.7530132 ], [ 78.2768342, 24.6618731 ], [ 78.2772736, 24.6176001 ], [ 78.2644681, 24.5521873 ], [ 78.226611300000016, 24.5339137 ], [ 78.2641578, 24.4556859 ], [ 78.3237985, 24.4076518 ], [ 78.35735, 24.366694 ], [ 78.3296937, 24.3257443 ], [ 78.3479025, 24.2994842 ], [ 78.3949858, 24.2689943 ], [ 78.4401835, 24.2966307 ], [ 78.438492, 24.3123092 ], [ 78.4780145, 24.3389848 ], [ 78.4776827, 24.3613482 ], [ 78.5020182, 24.3903073 ], [ 78.5843045, 24.3463303 ], [ 78.6031989, 24.3153538 ], [ 78.6602027, 24.2674417 ], [ 78.6686329, 24.2400297 ], [ 78.7030573, 24.226916 ], [ 78.7255708, 24.2364325 ], [ 78.7278942, 24.2482177 ], [ 78.7412603, 24.2473325 ], [ 78.7389972, 24.2380755 ], [ 78.7486469, 24.2330426 ], [ 78.7645141, 24.2321174 ], [ 78.7673745, 24.2201566 ], [ 78.7810985, 24.2060137 ], [ 78.7893667, 24.1770777 ], [ 78.8123348, 24.1807411 ], [ 78.8470786, 24.2138638 ], [ 78.8880172, 24.2270163 ], [ 78.8845781, 24.2504635 ], [ 78.9167446, 24.269021 ], [ 78.9095627, 24.2960674 ], [ 78.9630105, 24.3442036 ], [ 78.993647, 24.4227429 ], [ 78.9857605, 24.4416766 ], [ 78.9474345, 24.436585 ], [ 78.9412102, 24.4519583 ], [ 78.9151156, 24.4581923 ], [ 78.9122895, 24.4737665 ], [ 78.9163417, 24.4823242 ], [ 78.9184917, 24.4951482 ], [ 78.9408814, 24.4786933 ], [ 78.9500526, 24.5007207 ], [ 78.935009, 24.5607585 ], [ 78.8830972, 24.6413949 ], [ 78.8347586, 24.6048166 ], [ 78.7837781, 24.5885524 ], [ 78.7570464, 24.5989159 ], [ 78.7465377, 24.6620253 ], [ 78.781202, 24.7069168 ], [ 78.7700959, 24.7577167 ], [ 78.7809593, 24.8196594 ], [ 78.7712688, 24.8574477 ], [ 78.6765585, 24.8986245 ], [ 78.663392, 24.9384358 ], [ 78.6501895, 24.9411377 ], [ 78.6527992, 24.9441706 ], [ 78.6521614, 24.9479713 ], [ 78.639191, 24.9565494 ], [ 78.6361314, 24.9592669 ], [ 78.6317296, 24.9576873 ], [ 78.6319526, 24.962061 ], [ 78.6340921, 24.9668681 ], [ 78.639950399999989, 24.9720089 ], [ 78.644008, 24.9842861 ], [ 78.6526894, 25.0498994 ], [ 78.6273356, 25.0868919 ], [ 78.6071474, 25.0903844 ], [ 78.6031227, 25.1468593 ], [ 78.570541800000015, 25.2051855 ], [ 78.5607917, 25.2645962 ], [ 78.4773352, 25.28913 ], [ 78.5329928, 25.3009428 ], [ 78.5380402, 25.3595006 ], [ 78.5671142, 25.3405581 ], [ 78.6077716, 25.4149433 ], [ 78.6448015, 25.4146184 ], [ 78.6581824, 25.4410202 ], [ 78.7114854, 25.4280814 ], [ 78.6745046, 25.3998029 ], [ 78.6678591, 25.4087327 ], [ 78.6591903, 25.408924 ], [ 78.6647826, 25.3932746 ], [ 78.6590164, 25.3850432 ], [ 78.6627221, 25.3821942 ], [ 78.6946993, 25.3737471 ], [ 78.6997667, 25.3819232 ], [ 78.7051815, 25.3732679 ], [ 78.7096868, 25.3720829 ], [ 78.7152754, 25.371687 ], [ 78.7108502, 25.3664494 ], [ 78.7086167, 25.3620634 ], [ 78.7094735, 25.3513116 ], [ 78.7267378, 25.3434156 ], [ 78.7527772, 25.345903 ], [ 78.774631, 25.3530467 ], [ 78.7700168, 25.3642012 ], [ 78.7658743, 25.3691584 ], [ 78.7697165, 25.3725103 ], [ 78.7710562, 25.3745468 ], [ 78.77358430000001, 25.3752302 ], [ 78.7737127, 25.3761196 ], [ 78.7688662, 25.3790635 ], [ 78.7585387, 25.3825717 ], [ 78.7456149, 25.3961742 ], [ 78.7482623, 25.4097847 ], [ 78.7752468, 25.4198342 ], [ 78.7937322, 25.4167991 ], [ 78.8029642, 25.4371421 ], [ 78.7851402, 25.4357736 ], [ 78.7706918, 25.4228056 ], [ 78.7318474, 25.4599607 ], [ 78.7327789, 25.4841704 ], [ 78.7967462, 25.4827612 ], [ 78.8050995, 25.4752822 ], [ 78.8183025, 25.4716501 ], [ 78.8063294, 25.4544711 ], [ 78.8091688, 25.4534567 ], [ 78.8142631, 25.45614 ], [ 78.8206064, 25.4677874 ], [ 78.8354466, 25.4557866 ], [ 78.8480701, 25.4297373 ], [ 78.8661697, 25.4656674 ], [ 78.8545961, 25.4896961 ], [ 78.8328166, 25.4995036 ], [ 78.8415361, 25.512537 ], [ 78.8843807, 25.5155787 ], [ 78.8841051, 25.5543583 ], [ 78.9164528, 25.5455473 ], [ 78.9393648, 25.5572199 ], [ 78.9528459, 25.5375305 ], [ 78.9204805, 25.5137578 ], [ 78.9763376, 25.4199568 ], [ 78.9437687, 25.3491217 ], [ 78.9013377, 25.361615 ], [ 78.9137638, 25.3842525 ], [ 78.8802412, 25.385891 ], [ 78.8410404, 25.3449669 ], [ 78.8192976, 25.3069377 ], [ 78.7884625, 25.3000843 ], [ 78.8094558, 25.2705301 ], [ 78.8518502, 25.2302448 ], [ 78.866416, 25.2799342 ], [ 78.8640563, 25.3102055 ], [ 78.8812516, 25.3249215 ], [ 78.8841335, 25.3441357 ], [ 78.9118402, 25.3325589 ], [ 78.9209082, 25.3435876 ], [ 78.9321346, 25.3361545 ], [ 78.9300556, 25.3295023 ], [ 78.9267222, 25.3272421 ], [ 78.9310318, 25.3245955 ], [ 78.9463129, 25.3338961 ], [ 78.9531808, 25.3404689 ], [ 78.9615071, 25.3434524 ], [ 78.9572678, 25.3249401 ], [ 78.9638639, 25.2993577 ], [ 78.9375932, 25.2596919 ], [ 78.9123321, 25.269233 ], [ 78.87171, 25.1880126 ], [ 78.8746218, 25.1720701 ], [ 78.878683900000013, 25.1669336 ], [ 78.8803945, 25.1576128 ], [ 78.8819072, 25.1568906 ], [ 78.8924962, 25.1637235 ], [ 78.8980618, 25.1686156 ], [ 78.9028147, 25.174582 ], [ 78.9094123, 25.1777266 ], [ 78.9343188, 25.2118918 ], [ 78.970293200000015, 25.2164368 ], [ 79.0058722, 25.1950456 ], [ 79.0057577, 25.211078 ], [ 78.9992321, 25.2315103 ], [ 79.000326, 25.2342286 ], [ 78.9946607, 25.2322172 ], [ 78.9869061, 25.2338527 ], [ 78.9845989, 25.2395821 ], [ 78.9747165, 25.2372917 ], [ 78.9943735, 25.273162 ], [ 79.022234, 25.2413139 ], [ 79.0636375, 25.2220233 ], [ 79.030947, 25.1849262 ], [ 79.0310025, 25.13839 ], [ 79.0511167, 25.1345379 ], [ 79.0707914, 25.1687604 ], [ 79.0947848, 25.176039 ], [ 79.1159568, 25.1399144 ], [ 79.1657948, 25.1074649 ], [ 79.1863213, 25.1440563 ], [ 79.2403875, 25.113073 ], [ 79.282405, 25.1173348 ], [ 79.3136449, 25.1360914 ], [ 79.3084705, 25.1982156 ], [ 79.2818077, 25.2052603 ], [ 79.2861566, 25.226386 ], [ 79.2994628, 25.2397515 ], [ 79.3069996, 25.2249253 ], [ 79.3247335, 25.2184253 ], [ 79.338855099999989, 25.1992043 ], [ 79.3446714, 25.2172654 ], [ 79.3449884, 25.2508337 ], [ 79.2807271, 25.2616735 ], [ 79.2689856, 25.3051178 ], [ 79.29983, 25.3376574 ], [ 79.3420931, 25.3290072 ], [ 79.3462903, 25.3045898 ], [ 79.3361464, 25.2880991 ], [ 79.3570334, 25.2818836 ], [ 79.36861, 25.2924418 ], [ 79.4081987, 25.2733054 ], [ 79.4087399, 25.2560902 ], [ 79.4367224, 25.2546686 ], [ 79.4328443, 25.2205733 ], [ 79.4382499, 25.1967887 ], [ 79.4124521, 25.1982378 ], [ 79.4118084, 25.1826427 ], [ 79.4087549, 25.179883 ], [ 79.3956111, 25.1730857 ], [ 79.3934485, 25.1731834 ], [ 79.3907375, 25.1708027 ], [ 79.3902769, 25.1701206 ], [ 79.3875097, 25.1533864 ], [ 79.3848424, 25.1472322 ], [ 79.3844777, 25.1448802 ], [ 79.3839789, 25.1427946 ], [ 79.3841626, 25.1426501 ], [ 79.3961548, 25.1283552 ], [ 79.3933035, 25.1172089 ], [ 79.4053394, 25.1062307 ], [ 79.4262562, 25.1190527 ], [ 79.4827008, 25.0796836 ], [ 79.5249818, 25.0973883 ], [ 79.5187415, 25.1198669 ], [ 79.5691932, 25.1718249 ], [ 79.6082632, 25.1281196 ], [ 79.6757971, 25.1237152 ], [ 79.7469628, 25.1393468 ], [ 79.8257984, 25.1070964 ], [ 79.8437865, 25.0943772 ], [ 79.857576, 25.0962799 ], [ 79.8480063, 25.1105419 ], [ 79.8516169, 25.1285567 ], [ 79.8661433, 25.1410658 ], [ 79.8762341, 25.1434133 ], [ 79.8664552, 25.1498271 ], [ 79.8658196, 25.1620681 ], [ 79.8701289, 25.1722737 ], [ 79.86315, 25.1771031 ], [ 79.856798, 25.1974499 ], [ 79.8676762, 25.2170719 ], [ 79.8513255, 25.2274559 ], [ 79.8771787, 25.250938 ], [ 79.9020762, 25.240798 ], [ 79.9546517, 25.2647846 ], [ 80.0033432, 25.2670667 ], [ 80.0220857, 25.2976437 ], [ 80.0223167, 25.2976079 ], [ 80.022296, 25.2987814 ], [ 80.022055, 25.298946 ], [ 80.0225925, 25.3003479 ], [ 80.0218112, 25.3024551 ], [ 80.0226569, 25.3034352 ], [ 80.0219715, 25.3066821 ], [ 80.0242662, 25.3118181 ], [ 80.0195578, 25.3245588 ], [ 80.0342691, 25.3421491 ], [ 80.07266, 25.3368443 ], [ 80.0819175, 25.3444099 ], [ 80.0889721, 25.3558086 ], [ 80.1311264, 25.3342389 ], [ 80.1689918, 25.376868 ], [ 80.196578, 25.3811769 ], [ 80.1958847, 25.4019216 ], [ 80.227482, 25.3994658 ], [ 80.2362305, 25.4079042 ], [ 80.2535436, 25.4008489 ], [ 80.2638732, 25.4240612 ], [ 80.3162968, 25.3858352 ], [ 80.3221272, 25.3345588 ], [ 80.3108288, 25.2864166 ], [ 80.3482433, 25.2784574 ], [ 80.4079659, 25.2176833 ], [ 80.4316941, 25.1776266 ], [ 80.396528800000013, 25.160416 ], [ 80.3746925, 25.1456575 ], [ 80.3574957, 25.1421221 ], [ 80.3527325, 25.1302548 ], [ 80.3759763, 25.1152306 ], [ 80.350633, 25.090421 ], [ 80.3303611, 25.047513 ], [ 80.2878994, 25.0381277 ], [ 80.3310197, 24.9922075 ], [ 80.3477443, 25.0176811 ], [ 80.3773966, 25.0069456 ], [ 80.3943372, 25.0087951 ], [ 80.3833229, 25.0352739 ], [ 80.3934243, 25.0644815 ], [ 80.4490094, 25.0786604 ], [ 80.4665339, 25.0649335 ], [ 80.4363807, 25.0284372 ], [ 80.4562948, 25.0039015 ], [ 80.456864, 24.9810118 ], [ 80.465269, 24.9757754 ], [ 80.4796052, 24.9758701 ], [ 80.4804161, 24.9860075 ], [ 80.4921514, 24.9892216 ], [ 80.5008217, 25.004478 ], [ 80.530865, 25.0012594 ], [ 80.5464625, 25.0321294 ], [ 80.5032187, 25.045298 ], [ 80.5091419, 25.0587675 ], [ 80.5018606, 25.0707004 ], [ 80.5067442, 25.0840108 ], [ 80.4926078, 25.0881884 ], [ 80.4826394, 25.0929217 ], [ 80.4830572, 25.1001974 ], [ 80.499754, 25.100304 ], [ 80.5204012, 25.0928184 ], [ 80.521505499999989, 25.0762132 ], [ 80.552255700000018, 25.0628303 ], [ 80.5923634, 25.0901981 ], [ 80.6018541, 25.1504626 ], [ 80.6325495, 25.1225698 ], [ 80.6213176, 25.1096736 ], [ 80.614841, 25.0927735 ], [ 80.6763307, 25.0785531 ], [ 80.6838065, 25.0672405 ], [ 80.6740606, 25.0605163 ], [ 80.6811866, 25.0530471 ], [ 80.6910912, 25.0517705 ], [ 80.692669100000018, 25.0539815 ], [ 80.712285, 25.0586725 ], [ 80.7290674, 25.067193 ], [ 80.7749897, 25.0546355 ], [ 80.7834253, 25.0758954 ], [ 80.7232355, 25.0946429 ], [ 80.7305823, 25.1128509 ], [ 80.7184212, 25.1305339 ], [ 80.7349397, 25.1371514 ], [ 80.7481034, 25.1308199 ], [ 80.7604662, 25.1347133 ], [ 80.7869022, 25.1294217 ], [ 80.8037861, 25.137578 ], [ 80.8254115, 25.1214596 ], [ 80.8400523, 25.1562013 ], [ 80.8822772, 25.1831383 ], [ 80.9043396, 25.1588796 ], [ 80.8688226, 25.1165392 ], [ 80.8780671, 25.06548 ], [ 80.8354571, 25.0241102 ], [ 80.8551522, 25.0039964 ], [ 80.852234, 24.9887409 ], [ 80.83363, 24.9823049 ], [ 80.8239592, 24.9677833 ], [ 80.8113008, 24.9702113 ], [ 80.8058545, 24.9531127 ], [ 80.8121655, 24.9225258 ], [ 80.8753208, 24.9357651 ], [ 80.9289909, 24.9611811 ], [ 80.9476965, 24.9409819 ], [ 80.9964121, 24.9280639 ], [ 81.0338724, 24.9526182 ], [ 81.0896931, 24.9462596 ], [ 81.0966739, 24.9209161 ], [ 81.1396342, 24.8875295 ], [ 81.1602273, 24.913553 ], [ 81.1722367, 24.9572978 ], [ 81.2010014, 24.9380031 ], [ 81.1993983, 24.9310843 ], [ 81.2096097, 24.9226199 ], [ 81.2152651, 24.9328767 ], [ 81.2207426, 24.9742784 ], [ 81.2089548, 24.9926161 ], [ 81.2236592, 24.9988315 ], [ 81.2629911, 25.0518823 ], [ 81.2662338, 25.1396361 ], [ 81.2920333, 25.1618919 ], [ 81.3564993, 25.1633979 ], [ 81.3691645, 25.1434594 ], [ 81.4451556, 25.1160946 ], [ 81.4474906, 25.1077747 ], [ 81.4313215, 25.1060177 ], [ 81.4134498, 25.1079691 ], [ 81.4224945, 25.0990041 ], [ 81.4545336, 25.0904068 ], [ 81.4648431, 25.0901437 ], [ 81.4722387, 25.0780468 ], [ 81.4911953, 25.0722784 ], [ 81.4992426, 25.0769769 ], [ 81.5007741, 25.0769872 ], [ 81.5015858, 25.078157 ], [ 81.5011191, 25.0800256 ], [ 81.503006700000014, 25.0897224 ], [ 81.5066789, 25.095548 ], [ 81.5137781, 25.0997693 ], [ 81.5133406, 25.1018914 ], [ 81.5092518, 25.1056835 ], [ 81.4841624, 25.1159631 ], [ 81.4995515, 25.148691 ], [ 81.5272705, 25.1381049 ], [ 81.5365517, 25.1605575 ], [ 81.5186063, 25.1860613 ], [ 81.5786508, 25.1908433 ], [ 81.6063174, 25.1166558 ], [ 81.6378372, 25.0986616 ], [ 81.6054412, 25.078713 ], [ 81.6116581, 25.0563347 ], [ 81.6422022, 25.0571381 ], [ 81.6685742, 25.0715092 ], [ 81.7083599, 25.035292 ], [ 81.7458281, 25.0334837 ], [ 81.7927096, 25.0044561 ], [ 81.8351935, 25.0172884 ], [ 81.907882, 24.9801329 ], [ 81.9196441, 24.9278013 ], [ 81.9079098, 24.8813612 ], [ 81.9342832, 24.8698655 ], [ 81.9598023, 24.8372434 ], [ 82.0107442, 24.8469246 ], [ 82.0976768, 24.8161636 ], [ 82.1128614, 24.799058 ], [ 82.138684, 24.7994778 ], [ 82.1443753, 24.7970307 ], [ 82.147109300000011, 24.7947238 ], [ 82.1490868, 24.7925072 ], [ 82.1497492, 24.7919202 ], [ 82.1499176, 24.7919609 ], [ 82.1524145, 24.7923531 ], [ 82.1588073, 24.7896977 ], [ 82.1628067, 24.7872863 ], [ 82.165946, 24.7858275 ], [ 82.1670435, 24.7854571 ], [ 82.1671129, 24.7855429 ], [ 82.1868255, 24.7941035 ], [ 82.2148513, 24.7543173 ], [ 82.2556091, 24.7493674 ], [ 82.2351155, 24.6709101 ], [ 82.2635967, 24.6661044 ], [ 82.2729608, 24.6752223 ], [ 82.3029618, 24.6556126 ], [ 82.299754, 24.6469627 ], [ 82.3037879, 24.6253516 ], [ 82.2996371, 24.6115642 ], [ 82.2955451, 24.6091352 ], [ 82.2989207, 24.6048441 ], [ 82.301118699999989, 24.6076769 ], [ 82.3160777, 24.607632 ], [ 82.3298569, 24.6184594 ], [ 82.3610007, 24.5991398 ], [ 82.4019083, 24.5913716 ], [ 82.4179551, 24.6415136 ], [ 82.4072648, 24.6829479 ], [ 82.4277406, 24.7022071 ], [ 82.4568845, 24.6733269 ], [ 82.5239487, 24.6726399 ], [ 82.53911, 24.6477703 ], [ 82.6710388, 24.6969831 ], [ 82.702053, 24.6720076 ], [ 82.698232, 24.6469712 ], [ 82.7286523, 24.6356577 ], [ 82.7738031, 24.641783 ], [ 82.777559, 24.6112916 ], [ 82.8008038, 24.5800881 ], [ 82.7481724, 24.561312 ], [ 82.7206792, 24.5138125 ], [ 82.743377900000013, 24.4987087 ], [ 82.7133768, 24.3813154 ], [ 82.7264368, 24.3681168 ], [ 82.7650343, 24.3754843 ], [ 82.7727855, 24.3076444 ], [ 82.7364064, 24.2229074 ], [ 82.744343, 24.165615 ], [ 82.7281154, 24.1355963 ], [ 82.6969177, 24.1411987 ], [ 82.6645622, 24.1297841 ], [ 82.712256, 24.0885858 ], [ 82.7742198, 24.0748198 ], [ 82.7481806, 24.0282079 ], [ 82.7512563, 24.0119323 ], [ 82.8038409, 24.0035703 ], [ 82.802307399999989, 23.9798812 ], [ 82.8077977, 23.9658158 ], [ 82.8103127, 23.9628799 ], [ 82.8104388, 23.9627327 ], [ 82.812590899999989, 23.9599117 ], [ 82.8276157, 23.962193 ], [ 82.861119, 23.9389432 ], [ 82.866665, 23.924765 ], [ 82.9542934, 23.8708388 ], [ 83.054262, 23.8793135 ], [ 83.0750589, 23.8701339 ], [ 83.1414938, 23.8849357 ], [ 83.154226799999989, 23.9040581 ], [ 83.2079296, 23.9214109 ], [ 83.2425991, 24.0116022 ], [ 83.279123, 24.0182913 ], [ 83.2821262, 24.049751 ], [ 83.322789899999989, 24.1062943 ], [ 83.3270444, 24.1023681 ], [ 83.3293677, 24.1013461 ], [ 83.3298365, 24.1016665 ], [ 83.3298775, 24.1016945 ], [ 83.3298775, 24.1016947 ], [ 83.3342382, 24.1041258 ], [ 83.337733899999989, 24.1065832 ], [ 83.34017, 24.1090319 ], [ 83.344923, 24.1108686 ], [ 83.3547298, 24.1268249 ], [ 83.3820621, 24.1951622 ], [ 83.3784555, 24.2290614 ], [ 83.407954600000011, 24.2627503 ], [ 83.407182, 24.2888004 ], [ 83.3800484, 24.3131499 ], [ 83.4114317, 24.3398827 ], [ 83.4336355, 24.3390629 ], [ 83.447852, 24.3711396 ], [ 83.4300349, 24.3999641 ], [ 83.4050866, 24.4048032 ], [ 83.4049108, 24.4360173 ], [ 83.3859275, 24.4580329 ], [ 83.4015221, 24.5034521 ], [ 83.430868, 24.5112474 ], [ 83.4676509, 24.5165157 ], [ 83.4800899, 24.520875 ], [ 83.4930982, 24.5239475 ], [ 83.49926, 24.5243253 ], [ 83.5009475, 24.5246261 ], [ 83.5028454, 24.5251663 ], [ 83.5032948, 24.5254397 ], [ 83.5032949, 24.5254398 ], [ 83.5032697, 24.5256196 ], [ 83.5026071, 24.5269914 ], [ 83.5007687, 24.5299782 ], [ 83.4989317, 24.5314256 ], [ 83.4982297, 24.537677 ], [ 83.5222829, 24.5476803 ], [ 83.5226614, 24.5985672 ], [ 83.530131, 24.6120103 ], [ 83.5415313, 24.6125948 ], [ 83.5437037, 24.6283004 ], [ 83.5265524, 24.629617 ], [ 83.529916, 24.6418883 ], [ 83.5206615, 24.6409659 ], [ 83.5019415, 24.6485621 ], [ 83.5203845, 24.6775197 ], [ 83.4849284, 24.7040418 ], [ 83.4280929, 24.7682177 ], [ 83.391229, 24.7891209 ], [ 83.4013594, 24.8193627 ], [ 83.3770254, 24.8600359 ], [ 83.3628142, 24.9093323 ], [ 83.3617135, 24.9536843 ], [ 83.3556143, 24.9563632 ], [ 83.3518652, 24.961604 ], [ 83.343638, 24.9662548 ], [ 83.3451702, 24.972392 ], [ 83.3433683, 24.9808328 ], [ 83.352643700000016, 24.9966291 ], [ 83.350566, 25.0087955 ], [ 83.3202381, 25.0172821 ], [ 83.343388, 25.0509165 ], [ 83.353577199999989, 25.1886318 ], [ 83.38356, 25.2033163 ], [ 83.4093206, 25.245556 ], [ 83.537235, 25.3035891 ], [ 83.629788300000016, 25.3300699 ], [ 83.701707900000017, 25.396183 ], [ 83.7422585, 25.4099499 ], [ 83.7711856, 25.3969014 ], [ 83.8078605, 25.409123 ], [ 83.914214199999989, 25.5452392 ], [ 84.0173865, 25.6147961 ], [ 84.0813084, 25.6364694 ], [ 84.0749906, 25.6953428 ], [ 84.1050573, 25.7212384 ], [ 84.1544287, 25.7274491 ], [ 84.1989138, 25.7022257 ], [ 84.2232317, 25.6624786 ], [ 84.2940909, 25.6602337 ], [ 84.3239638, 25.670364 ], [ 84.328536, 25.7311386 ], [ 84.3770011, 25.7409584 ], [ 84.4000057, 25.7288443 ], [ 84.4066256, 25.6979016 ], [ 84.4296579, 25.7110558 ], [ 84.4620772, 25.7089138 ], [ 84.5201812, 25.6750297 ], [ 84.5610946, 25.6839419 ], [ 84.5603195, 25.7369436 ], [ 84.6302534, 25.7422268 ], [ 84.6099951, 25.7551678 ], [ 84.6248386, 25.7919388 ], [ 84.5507845, 25.8406514 ], [ 84.5340212, 25.876277 ], [ 84.510906, 25.8714262 ], [ 84.4275886, 25.891279 ], [ 84.4118992, 25.930788 ], [ 84.3539862, 25.9588271 ], [ 84.311898, 25.9438128 ], [ 84.244946399999989, 25.9758347 ], [ 84.2375013, 25.9859818 ], [ 84.2065652, 25.9989327 ], [ 84.1760703, 25.9965591 ], [ 84.1725287, 26.0246276 ], [ 84.0887367, 26.1003204 ], [ 84.0559549, 26.1000826 ], [ 84.0261639, 26.1966269 ], [ 84.02796, 26.2147751 ], [ 84.0122833, 26.2320464 ], [ 84.0269134, 26.2398375 ], [ 84.0599035, 26.2236027 ], [ 84.176930399999989, 26.2650241 ], [ 84.186121300000011, 26.3136843 ], [ 84.1727896, 26.3335419 ], [ 84.1755317, 26.3732369 ], [ 84.0682786, 26.3884293 ], [ 84.0225634, 26.4311319 ], [ 83.9462712, 26.4386474 ], [ 83.942979, 26.4409823 ], [ 83.92945, 26.4432896 ], [ 83.9221719, 26.4451424 ], [ 83.920132, 26.4467091 ], [ 83.910758, 26.4497398 ], [ 83.9116476, 26.4558274 ], [ 83.9096131, 26.4755177 ], [ 83.9152291, 26.5028813 ], [ 83.94022, 26.5252875 ], [ 84.0068735, 26.5255598 ], [ 84.0477925, 26.5362653 ], [ 84.0831136, 26.5923431 ], [ 84.0900212, 26.6069621 ], [ 84.086891799999989, 26.6127917 ], [ 84.0883208, 26.6186814 ], [ 84.0873897, 26.6258789 ], [ 84.0882501, 26.6362 ], [ 84.100628, 26.6359769 ], [ 84.1086024, 26.6327019 ], [ 84.1125443, 26.6344261 ], [ 84.1305811, 26.633488 ], [ 84.1363459, 26.6360554 ], [ 84.1451936, 26.6347458 ], [ 84.1462231, 26.6357384 ], [ 84.1540266, 26.635913 ], [ 84.1561809, 26.6364181 ], [ 84.159289, 26.636106 ], [ 84.1588761, 26.632153 ], [ 84.1569775, 26.6301136 ], [ 84.1569412, 26.6259618 ], [ 84.1693017, 26.6226687 ], [ 84.2012261, 26.6247944 ], [ 84.284697, 26.5995726 ], [ 84.3528234, 26.6198623 ], [ 84.4195472, 26.6260579 ], [ 84.4106188, 26.6701909 ], [ 84.330331, 26.6839814 ], [ 84.3061187, 26.7495663 ], [ 84.2549176, 26.7266932 ], [ 84.2326244, 26.7537157 ], [ 84.260039, 26.8069681 ], [ 84.2540978, 26.8565887 ], [ 84.2188133, 26.8713528 ], [ 84.1901695, 26.8585348 ], [ 84.1822126, 26.8339894 ], [ 84.1406459, 26.8527139 ], [ 84.129781, 26.8929989 ], [ 84.0797708, 26.877924 ], [ 84.0524082, 26.9064456 ], [ 84.0596802, 26.9174915 ], [ 84.0533852, 26.9297403 ], [ 84.0442767, 26.9314772 ], [ 84.0467292, 26.9378412 ], [ 84.0449049, 26.9403538 ], [ 84.0339957, 26.9385105 ], [ 84.0327437, 26.9427198 ], [ 84.0415118, 26.9466692 ], [ 84.0459991, 26.9525247 ], [ 84.0535303, 26.9556559 ], [ 84.0564051, 26.9902328 ], [ 84.0494549, 27.0345408 ], [ 84.0056431, 27.0602634 ], [ 84.0288156, 27.0872569 ], [ 84.0164869, 27.1054558 ], [ 83.9647491, 27.0842791 ], [ 83.9474402, 27.111815 ], [ 83.9787788, 27.1649071 ], [ 83.9869996, 27.197562 ], [ 83.9556738, 27.2353342 ], [ 83.9118143, 27.2459836 ], [ 83.9047334, 27.2724306 ], [ 83.9292462, 27.2916413 ], [ 83.9043037, 27.3266061 ], [ 83.871485, 27.3072766 ], [ 83.8367591, 27.3222775 ], [ 83.8586393, 27.3331257 ], [ 83.8638806, 27.33762 ], [ 83.8635128, 27.3440977 ], [ 83.8635141, 27.3441057 ], [ 83.8637765, 27.3457586 ], [ 83.8640615, 27.3472143 ], [ 83.8307831, 27.3699239 ], [ 83.6148587, 27.4692602 ], [ 83.4094534, 27.4787233 ], [ 83.3849526, 27.4360906 ], [ 83.4048277, 27.4187336 ], [ 83.388227, 27.3764468 ], [ 83.3384641, 27.3336523 ], [ 83.2962396, 27.3340046 ], [ 83.265867899999989, 27.3659718 ], [ 83.2722908, 27.3833717 ], [ 83.2111719, 27.4232092 ], [ 83.1883437, 27.4539183 ], [ 83.1621241, 27.4573118 ], [ 83.0348821, 27.448822 ], [ 82.9688083, 27.4637062 ], [ 82.9292291, 27.5010596 ], [ 82.8328422, 27.5023268 ], [ 82.8020949, 27.4964452 ], [ 82.7350533, 27.5026671 ], [ 82.7377603, 27.5484884 ], [ 82.7538622, 27.5847614 ], [ 82.7353311, 27.6095266 ], [ 82.7393216, 27.6377017 ], [ 82.7143693, 27.6746472 ], [ 82.7086285, 27.7160267 ], [ 82.6050283, 27.7058348 ], [ 82.5407912, 27.6858127 ], [ 82.5166792, 27.6912735 ], [ 82.449236, 27.6796695 ], [ 82.4024427, 27.7039748 ], [ 82.3677741, 27.7433876 ], [ 82.3037225, 27.7736727 ], [ 82.2080041, 27.8429807 ], [ 82.1532763, 27.8667852 ], [ 82.1209608, 27.8658809 ], [ 82.069948599999989, 27.9233297 ], [ 81.9678965, 27.9287934 ], [ 81.9250677, 27.8742396 ], [ 81.8992539, 27.8536153 ], [ 81.8332077, 27.897738 ], [ 81.8045559, 27.9038443 ], [ 81.6988023, 27.9877022 ], [ 81.6438894, 27.9931166 ], [ 81.5510557, 28.0472063 ], [ 81.4781166, 28.0826138 ], [ 81.4838704, 28.1186113 ], [ 81.449972699999989, 28.140615 ], [ 81.4444208, 28.1618299 ], [ 81.3906485, 28.173634 ], [ 81.3638664, 28.141306 ], [ 81.3180771, 28.1450309 ], [ 81.3206681, 28.1971578 ], [ 81.232746300000017, 28.2889254 ], [ 81.2339041, 28.3260102 ], [ 81.210632600000011, 28.3607145 ], [ 81.1231182, 28.3755221 ], [ 81.0166545, 28.4158456 ], [ 80.9051509, 28.4662947 ], [ 80.9083916, 28.4978846 ], [ 80.8754258, 28.5109136 ], [ 80.8438093, 28.4996136 ], [ 80.7842161, 28.5292624 ], [ 80.7686603, 28.5659163 ], [ 80.714425, 28.5686134 ], [ 80.6516309, 28.6343488 ], [ 80.6111282, 28.638666 ], [ 80.5799332, 28.660642 ], [ 80.590432, 28.679883 ], [ 80.5396647, 28.6901833 ], [ 80.5034461, 28.6644332 ], [ 80.5234832, 28.5550339 ], [ 80.4721317, 28.590834 ], [ 80.4622992, 28.6216498 ], [ 80.4161164, 28.6395208 ], [ 80.377009, 28.6289033 ], [ 80.3255721, 28.6664175 ], [ 80.3194355, 28.69772 ], [ 80.2767566, 28.7115182 ], [ 80.2505282, 28.7573205 ], [ 80.2160594, 28.7546412 ], [ 80.1713402, 28.7819928 ], [ 80.1184781, 28.8280055 ], [ 80.0650892, 28.8367328 ], [ 80.0681064, 28.8029108 ], [ 80.0301388, 28.7486993 ], [ 79.9544031, 28.7229281 ], [ 79.9246055, 28.7750949 ], [ 79.9398261, 28.7877814 ], [ 79.9265303, 28.7900698 ], [ 79.9064735, 28.7820208 ], [ 79.874082199999989, 28.7962983 ], [ 79.8460546, 28.8732193 ], [ 79.7998047, 28.8875437 ], [ 79.7490759, 28.8718319 ], [ 79.7066739, 28.8410719 ], [ 79.6825138, 28.8506911 ], [ 79.6657176, 28.8656295 ], [ 79.656053300000011, 28.8698321 ], [ 79.6206471, 28.8635218 ], [ 79.5843654, 28.8463341 ], [ 79.5842735, 28.8792419 ], [ 79.5564826, 28.8993216 ], [ 79.5330443, 28.8697697 ], [ 79.425572699999989, 28.8664789 ], [ 79.427644500000014, 28.9127508 ], [ 79.4080328, 28.9519897 ], [ 79.3106003, 28.9738324 ], [ 79.2607335, 28.9913644 ], [ 79.2449489, 29.0101391 ], [ 79.2044524, 29.0209909 ], [ 79.1425036, 29.0670062 ], [ 79.1528963, 29.1140894 ], [ 79.1264739, 29.1329369 ], [ 79.1192532, 29.1258705 ], [ 79.0748687, 29.1516999 ], [ 79.0359476, 29.1531475 ], [ 79.0154847, 29.1354887 ], [ 78.9823425, 29.1431041 ], [ 78.9564657, 29.1199704 ], [ 78.9346425, 29.1297006 ], [ 78.908686, 29.1773474 ], [ 78.8995574, 29.1886388 ], [ 78.8866497, 29.1953234 ], [ 78.8906227, 29.2012346 ], [ 78.8777186, 29.2060709 ], [ 78.8815405, 29.2107745 ], [ 78.883234500000015, 29.2113597 ], [ 78.878536, 29.2143187 ], [ 78.8805279, 29.2171595 ], [ 78.8791178, 29.2191068 ], [ 78.8758301, 29.2190763 ], [ 78.8735471, 29.2216804 ], [ 78.8733075, 29.2236615 ], [ 78.8759885, 29.2247861 ], [ 78.8761163, 29.2263577 ], [ 78.868133899999989, 29.2279319 ], [ 78.8584506, 29.2334271 ], [ 78.8621646, 29.2394899 ], [ 78.858336799999989, 29.2418991 ], [ 78.8492685, 29.2328799 ], [ 78.841931, 29.2349012 ], [ 78.8381747, 29.2411486 ], [ 78.789949, 29.2476711 ], [ 78.7361325, 29.2968157 ], [ 78.754263, 29.3314522 ], [ 78.7668835, 29.3365502 ], [ 78.7771734, 29.3258984 ], [ 78.795396200000013, 29.3250699 ], [ 78.7895482, 29.3153543 ], [ 78.7954445, 29.3147689 ], [ 78.803097, 29.3291892 ], [ 78.801274, 29.3356263 ], [ 78.8098714, 29.3394724 ], [ 78.822149700000011, 29.3591967 ], [ 78.8274501, 29.3542656 ], [ 78.8357573, 29.3505182 ], [ 78.840235600000014, 29.3460334 ], [ 78.9122047, 29.3942781 ], [ 78.9254653, 29.4255975 ], [ 78.9396999, 29.4346291 ], [ 78.9363374, 29.4382786 ], [ 78.9253432, 29.4338956 ], [ 78.9001989, 29.4415485 ], [ 78.8808695, 29.4434461 ], [ 78.8112115, 29.465669 ], [ 78.7996702, 29.4646353 ], [ 78.7463671, 29.5002198 ], [ 78.710918, 29.5005109 ], [ 78.6504671, 29.5460591 ], [ 78.617728, 29.5580861 ], [ 78.5650638, 29.6011484 ], [ 78.521482, 29.657875 ], [ 78.5165371, 29.7194621 ], [ 78.4274258, 29.7646149 ], [ 78.3772764, 29.7743599 ], [ 78.3356514, 29.7966649 ], [ 78.2926687, 29.7591212 ], [ 78.2623024, 29.743698 ], [ 78.2602458, 29.7387383 ], [ 78.2459136, 29.7345763 ], [ 78.2407428, 29.7414026 ], [ 78.2039136, 29.7373219 ], [ 78.1805016, 29.6968817 ], [ 78.1305293, 29.652592 ], [ 78.0574625, 29.6307399 ], [ 78.0182742, 29.5982512 ], [ 77.9674872, 29.5801163 ], [ 77.9332923, 29.6005658 ], [ 77.9484109, 29.6169657 ], [ 77.9669335, 29.6114716 ], [ 77.9759589, 29.6174312 ], [ 77.9825994, 29.6405999 ], [ 77.9264331, 29.7142722 ], [ 77.8789945, 29.7002912 ], [ 77.8300376, 29.6683501 ], [ 77.810472, 29.702422 ], [ 77.7697193, 29.7176528 ], [ 77.7803442, 29.7650673 ], [ 77.7415344, 29.8520844 ], [ 77.7173411, 29.8875097 ], [ 77.7471858, 29.910084 ], [ 77.7304591, 29.931748100000011 ], [ 77.7441357, 29.9837436 ], [ 77.7854797, 30.0279479 ], [ 77.7700414, 30.0426035 ], [ 77.8011826, 30.0955337 ], [ 77.8280415, 30.085974 ], [ 77.8660784, 30.1191927 ], [ 77.9120073, 30.1825905 ], [ 77.9369821, 30.2492239 ], [ 77.8463305, 30.2721081 ], [ 77.7657683, 30.3142108 ], [ 77.7208288, 30.3308824 ], [ 77.6765349, 30.3878377 ], [ 77.585441, 30.4049747 ], [ 77.5809128, 30.39973920000001 ], [ 77.5775629, 30.3978311 ], [ 77.5760212, 30.3974438 ], [ 77.5760212, 30.3974436 ] ] ] ] } },
{ "type": "Feature", "properties": { "STATE.NAME": "Uttarakhand", "AREA": 53414.49824 }, "geometry": { "type": "Polygon", "coordinates": [ [ [ 77.5760212, 30.3974436 ], [ 77.5760213, 30.3974436 ], [ 77.577563, 30.3978309 ], [ 77.5809128, 30.399739 ], [ 77.5854411, 30.4049745 ], [ 77.6765347, 30.3878376 ], [ 77.7208287, 30.3308822 ], [ 77.7657682, 30.3142107 ], [ 77.8463303, 30.272108 ], [ 77.9369819, 30.2492237 ], [ 77.9120071, 30.1825907 ], [ 77.8660782, 30.1191928 ], [ 77.8280415, 30.0859742 ], [ 77.8011824, 30.0955339 ], [ 77.7700412, 30.0426033 ], [ 77.7854794, 30.0279479 ], [ 77.7441356, 29.9837438 ], [ 77.7304589, 29.9317481 ], [ 77.7471856, 29.910084099999988 ], [ 77.717341, 29.8875099 ], [ 77.723479, 29.8556185 ], [ 77.7415344, 29.8520842 ], [ 77.780344, 29.7650672 ], [ 77.7697191, 29.7176527 ], [ 77.8104718, 29.7024218 ], [ 77.8300377, 29.6683499 ], [ 77.8789947, 29.7002912 ], [ 77.9264331, 29.7142719 ], [ 77.9825992, 29.6406 ], [ 77.9759587, 29.6174311 ], [ 77.9484109, 29.6169659 ], [ 77.9332921, 29.6005657 ], [ 77.9674873, 29.5801161 ], [ 78.0182743, 29.5982511 ], [ 78.0574627, 29.6307398 ], [ 78.1305295, 29.6525919 ], [ 78.1805017, 29.6968815 ], [ 78.2039137, 29.7373217 ], [ 78.2459134, 29.7345762 ], [ 78.2602459, 29.7387381 ], [ 78.2623025, 29.7436978 ], [ 78.2926688, 29.759121 ], [ 78.3356515, 29.7966647 ], [ 78.3772763, 29.7743597 ], [ 78.4274258, 29.7646147 ], [ 78.5165369, 29.7194621 ], [ 78.521481799999989, 29.6578749 ], [ 78.5650636, 29.6011483 ], [ 78.6177279, 29.558086 ], [ 78.650467, 29.546059 ], [ 78.710918, 29.5005107 ], [ 78.746367, 29.5002197 ], [ 78.7996702, 29.4646351 ], [ 78.8112114, 29.46566880000001 ], [ 78.8808695, 29.4434459 ], [ 78.900198800000013, 29.4415484 ], [ 78.9253433, 29.4338954 ], [ 78.9254651, 29.4255976 ], [ 78.9122045, 29.3942783 ], [ 78.8402357, 29.3460335 ], [ 78.8357574, 29.3505183 ], [ 78.8274502, 29.3542658 ], [ 78.8275984, 29.3638246 ], [ 78.8221495, 29.3591967 ], [ 78.8098712, 29.3394726 ], [ 78.8012739, 29.3356264 ], [ 78.7953964, 29.3250699 ], [ 78.7771735, 29.3258986 ], [ 78.7668837, 29.3365504 ], [ 78.754263, 29.3314524 ], [ 78.7361324, 29.2968156 ], [ 78.7899488, 29.247671 ], [ 78.8381746, 29.2411484 ], [ 78.8419309, 29.234901 ], [ 78.8492684, 29.2328797 ], [ 78.8583369, 29.24189890000001 ], [ 78.8584504, 29.2334272 ], [ 78.868134, 29.2279317 ], [ 78.8733075, 29.2236617 ], [ 78.8720071, 29.2223292 ], [ 78.873547, 29.2216802 ], [ 78.87583, 29.2190761 ], [ 78.8805277, 29.2171596 ], [ 78.8785359, 29.2143186 ], [ 78.8815404, 29.2107747 ], [ 78.8777185, 29.2060711 ], [ 78.8791514, 29.2009652 ], [ 78.8852972, 29.203197 ], [ 78.890622600000015, 29.2012345 ], [ 78.8866495, 29.1953234 ], [ 78.8995572, 29.1886388 ], [ 78.9086859, 29.1773475 ], [ 78.9346425, 29.1297003 ], [ 78.9564656, 29.1199702 ], [ 78.9823425, 29.1431039 ], [ 79.0154849, 29.1354885 ], [ 79.0359478, 29.1531474 ], [ 79.0748686, 29.1516997 ], [ 79.1192532, 29.1258703 ], [ 79.1528961, 29.1140895 ], [ 79.1425034, 29.0670062 ], [ 79.2044525, 29.0209907 ], [ 79.2449489, 29.0101389 ], [ 79.2607334, 28.9913642 ], [ 79.3106005, 28.9738323 ], [ 79.4080327, 28.9519895 ], [ 79.4276443, 28.9127509 ], [ 79.4255726, 28.8664787 ], [ 79.5330445, 28.8697695 ], [ 79.5564826, 28.8993214 ], [ 79.5842732, 28.8792419 ], [ 79.5843654, 28.8463339 ], [ 79.6206472, 28.8635216 ], [ 79.6448616, 28.8634888 ], [ 79.6560535, 28.869832 ], [ 79.6825136, 28.850691 ], [ 79.706674, 28.8410717 ], [ 79.7490761, 28.8718317 ], [ 79.7998047, 28.8875435 ], [ 79.8460544, 28.8732192 ], [ 79.8740821, 28.7962981 ], [ 79.9064736, 28.7820207 ], [ 79.9265304, 28.7900696 ], [ 79.9246053, 28.775095 ], [ 79.9437809, 28.7343282 ], [ 79.9544031, 28.7229279 ], [ 80.0301389, 28.7486992 ], [ 80.0681066, 28.8029109 ], [ 80.0650892, 28.8367328 ], [ 80.0589199, 28.9157623 ], [ 80.0966745, 28.975724 ], [ 80.126889, 29.005545 ], [ 80.1294517, 29.0612868 ], [ 80.1450956, 29.1031993 ], [ 80.1861615, 29.1360491 ], [ 80.2329989, 29.119257 ], [ 80.2705113, 29.1469066 ], [ 80.2581158, 29.1659357 ], [ 80.2904933, 29.230062 ], [ 80.3183628, 29.3014488 ], [ 80.271697, 29.3629065 ], [ 80.2732763, 29.3932891 ], [ 80.2429455, 29.4110211 ], [ 80.2423054, 29.441871 ], [ 80.2956682, 29.4870665 ], [ 80.3419645, 29.510765199999987 ], [ 80.3482869, 29.5544548 ], [ 80.4059179, 29.5914839 ], [ 80.4204797, 29.6295693 ], [ 80.3921223, 29.6654218 ], [ 80.3685693, 29.7227611 ], [ 80.3690324, 29.7497112 ], [ 80.3975936, 29.765157 ], [ 80.4070887, 29.7938107 ], [ 80.463418800000014, 29.8009812 ], [ 80.5530182, 29.8490046 ], [ 80.5713767, 29.9145918 ], [ 80.6043536, 29.9582244 ], [ 80.677855900000012, 29.9586816 ], [ 80.7361396, 29.9996719 ], [ 80.7558722, 30.0398325 ], [ 80.8040831, 30.0887585 ], [ 80.8780925, 30.133657 ], [ 80.8715334, 30.1603096 ], [ 80.894091, 30.2103973 ], [ 80.9528733, 30.1849414 ], [ 81.0345316, 30.1975501 ], [ 81.0322745, 30.2463022 ], [ 80.9984869, 30.2679898 ], [ 80.9269331, 30.2672496 ], [ 80.9076265, 30.3040849 ], [ 80.8267413, 30.3144193 ], [ 80.7150695, 30.4142471 ], [ 80.689296399999989, 30.4147033 ], [ 80.6583045, 30.4425295 ], [ 80.6055942, 30.4707153 ], [ 80.5294274, 30.4562136 ], [ 80.4974181, 30.4877146 ], [ 80.4661399, 30.4904857 ], [ 80.4173068, 30.5173161 ], [ 80.3469127, 30.5208462 ], [ 80.3154369, 30.5649659 ], [ 80.2544402, 30.5645377 ], [ 80.2094215, 30.5879966 ], [ 80.2194675, 30.6431264 ], [ 80.1942938, 30.6652644 ], [ 80.2323761, 30.6920176 ], [ 80.2487709, 30.7431271 ], [ 80.2089646, 30.7524507 ], [ 80.1737127, 30.8082597 ], [ 80.1249361, 30.7809014 ], [ 80.0877295, 30.7955691 ], [ 80.0503973, 30.8450153 ], [ 79.9627894, 30.8887325 ], [ 79.9305233, 30.8816063 ], [ 79.8888676, 30.9182691 ], [ 79.8744219, 30.967304 ], [ 79.8181469, 30.971506 ], [ 79.7753891, 30.9869279 ], [ 79.6648687, 30.9684356 ], [ 79.6009077, 30.9393304 ], [ 79.5552638, 30.9558651 ], [ 79.5240786, 30.9898567 ], [ 79.5069261, 31.0321155 ], [ 79.4712044, 31.0355803 ], [ 79.4270447, 31.0236667 ], [ 79.4101725, 31.1073428 ], [ 79.3183606, 31.1359108 ], [ 79.3052685, 31.1569592 ], [ 79.2967978, 31.2166319 ], [ 79.2224447, 31.2629433 ], [ 79.2467945, 31.2914043 ], [ 79.217045900000016, 31.3135711 ], [ 79.2115663, 31.3498724 ], [ 79.166887, 31.3609727 ], [ 79.1736552, 31.3837043 ], [ 79.1391059, 31.4333135 ], [ 79.0960948, 31.451691 ], [ 79.0505121, 31.4266388 ], [ 79.0228864, 31.4273212 ], [ 78.9986546, 31.3398947 ], [ 78.9423587, 31.3649974 ], [ 78.916431, 31.316341 ], [ 78.8820456, 31.2869107 ], [ 78.8820455, 31.2869106 ], [ 78.8819947, 31.2867749 ], [ 78.8815104, 31.2854803 ], [ 78.8811666, 31.2842867 ], [ 78.8825655, 31.2795036 ], [ 78.8874719, 31.267285 ], [ 78.9160973, 31.2486828 ], [ 78.9220527, 31.2254006 ], [ 78.957529, 31.1866833 ], [ 78.9859065, 31.1739211 ], [ 78.9909145, 31.138048500000011 ], [ 79.0064737, 31.1192068 ], [ 78.9591752, 31.0995333 ], [ 78.8899839, 31.0971393 ], [ 78.8435519, 31.1279796 ], [ 78.8107201, 31.171958 ], [ 78.769463700000017, 31.186484 ], [ 78.6617158, 31.1893112 ], [ 78.6485789, 31.21289190000001 ], [ 78.6067931, 31.2293239 ], [ 78.5797111, 31.2259831 ], [ 78.5519705, 31.2002815 ], [ 78.4837451, 31.1990205 ], [ 78.4617326, 31.2361104 ], [ 78.4126687, 31.2396944 ], [ 78.3841251, 31.2817145 ], [ 78.2828572, 31.2662927 ], [ 78.243161700000016, 31.2293808 ], [ 78.2124323, 31.2196493 ], [ 78.1602153, 31.225557 ], [ 78.1036098, 31.1854583 ], [ 78.0659439, 31.1872443 ], [ 78.0290838, 31.1625208 ], [ 77.9847072, 31.1570296 ], [ 77.968576, 31.1725731 ], [ 77.8638056, 31.1085794 ], [ 77.8512215, 31.0734394 ], [ 77.8171338, 31.0559465 ], [ 77.8099253, 31.0110575 ], [ 77.8241591, 30.9884928 ], [ 77.821877, 30.9761549 ], [ 77.8162819, 30.9728542 ], [ 77.8100707, 30.955657 ], [ 77.7936505, 30.9688227 ], [ 77.7687537, 30.9740189 ], [ 77.7489917, 30.9535494 ], [ 77.7623348, 30.919294 ], [ 77.7774104, 30.9170729 ], [ 77.804146, 30.9236036 ], [ 77.8056685, 30.8532823 ], [ 77.7792139, 30.8604379 ], [ 77.7571787, 30.8600513 ], [ 77.744005800000011, 30.8466613 ], [ 77.748358, 30.8217021 ], [ 77.70412, 30.7656461 ], [ 77.7073882, 30.7403962 ], [ 77.723097, 30.7407428 ], [ 77.7558061, 30.7069902 ], [ 77.7473929, 30.679915500000011 ], [ 77.773289800000015, 30.6685927 ], [ 77.7867061, 30.6143729 ], [ 77.7428258, 30.5956704 ], [ 77.7717775, 30.5593331 ], [ 77.80636, 30.5545573 ], [ 77.8277851, 30.5310657 ], [ 77.8185114, 30.5081323 ], [ 77.720965, 30.4730662 ], [ 77.688002900000015, 30.4474854 ], [ 77.5986981, 30.4282153 ], [ 77.5861739, 30.4216425 ], [ 77.5742584, 30.4134411 ], [ 77.5723002, 30.4105089 ], [ 77.5726049, 30.4065702 ], [ 77.5745528, 30.4006353 ], [ 77.5751015, 30.3992707 ], [ 77.5760212, 30.3974436 ] ] ] } },
{ "type": "Feature", "properties": { "STATE.NAME": "Himachal Pradesh", "AREA": 55690.599236999995 }, "geometry": { "type": "Polygon", "coordinates": [ [ [ 77.585610699999989, 30.3795574 ], [ 77.5846862, 30.385346 ], [ 77.5791067, 30.3919918 ], [ 77.5767642, 30.3961966 ], [ 77.5762125, 30.3970605 ], [ 77.5760214, 30.3974437 ], [ 77.5757909, 30.3979057 ], [ 77.5751017, 30.3992708 ], [ 77.574553, 30.4006354 ], [ 77.5726051, 30.4065702 ], [ 77.5723004, 30.4105089 ], [ 77.5742585, 30.4134409 ], [ 77.5787725, 30.4155905 ], [ 77.5861739, 30.4216423 ], [ 77.5986981, 30.4282151 ], [ 77.688002900000015, 30.4474852 ], [ 77.7209651, 30.473066 ], [ 77.8185116, 30.5081323 ], [ 77.8277853, 30.5310657 ], [ 77.8165702, 30.5613594 ], [ 77.8063599, 30.554557400000011 ], [ 77.7717777, 30.5593332 ], [ 77.7428259, 30.5956703 ], [ 77.7867061, 30.6143727 ], [ 77.7869269, 30.6413571 ], [ 77.77329, 30.6685929 ], [ 77.7473931, 30.6799157 ], [ 77.7558062, 30.7069903 ], [ 77.7041201, 30.7656459 ], [ 77.7213499, 30.7758588 ], [ 77.7483582, 30.821702 ], [ 77.744006, 30.8466614 ], [ 77.7571789, 30.8600513 ], [ 77.8056688, 30.8532822 ], [ 77.804146, 30.9236037 ], [ 77.762335, 30.919294 ], [ 77.7489919, 30.9535494 ], [ 77.7687539, 30.9740188 ], [ 77.8100706, 30.9556568 ], [ 77.814742099999989, 30.9614243 ], [ 77.8162821, 30.9728541 ], [ 77.8218771, 30.9761547 ], [ 77.8241593, 30.9884927 ], [ 77.8099254, 31.0110577 ], [ 77.817134, 31.0559465 ], [ 77.8512216, 31.0734392 ], [ 77.8638057, 31.1085792 ], [ 77.9685759, 31.172573 ], [ 77.9847072, 31.1570294 ], [ 78.029084, 31.1625208 ], [ 78.0659439, 31.1872441 ], [ 78.1036099, 31.1854581 ], [ 78.1602154, 31.2255568 ], [ 78.2124323, 31.2196491 ], [ 78.2431616, 31.2293806 ], [ 78.2828571, 31.2662924 ], [ 78.3841249, 31.2817144 ], [ 78.4126686, 31.2396942 ], [ 78.4617325, 31.2361102 ], [ 78.4837448, 31.1990203 ], [ 78.5519707, 31.2002814 ], [ 78.5797112, 31.2259829 ], [ 78.6067931, 31.2293237 ], [ 78.6485788, 31.2128918 ], [ 78.6617159, 31.189311 ], [ 78.769463700000017, 31.1864838 ], [ 78.8107199, 31.1719579 ], [ 78.8435518, 31.1279794 ], [ 78.8899838, 31.0971391 ], [ 78.9591752, 31.0995331 ], [ 78.9900396, 31.1086101 ], [ 79.0064739, 31.1192069 ], [ 78.9859066, 31.1739212 ], [ 78.9575292, 31.1866833 ], [ 78.922052900000011, 31.2254007 ], [ 78.9160975, 31.248683 ], [ 78.887472, 31.2672851 ], [ 78.8825657, 31.2795036 ], [ 78.8811668, 31.2842867 ], [ 78.8819949, 31.2867749 ], [ 78.880414700000017, 31.2874311 ], [ 78.8800408, 31.2879099 ], [ 78.879184, 31.2942254 ], [ 78.8759634, 31.3031949 ], [ 78.8272416, 31.2963178 ], [ 78.7699566, 31.32372950000001 ], [ 78.7527549, 31.3854274 ], [ 78.797745, 31.4434527 ], [ 78.7204508, 31.5072642 ], [ 78.7435856, 31.5409143 ], [ 78.8180339, 31.5770959 ], [ 78.8469348, 31.6080379 ], [ 78.8098054, 31.6383697 ], [ 78.7985161, 31.6822608 ], [ 78.764, 31.6746002 ], [ 78.7056641, 31.7739526 ], [ 78.7026974, 31.8073546 ], [ 78.7454184, 31.8431006 ], [ 78.7416644, 31.9007822 ], [ 78.7714104, 31.9294093 ], [ 78.7755847, 31.987485 ], [ 78.7342918, 32.0041413 ], [ 78.7057074, 32.0663415 ], [ 78.6633171, 32.1026491 ], [ 78.6117931, 32.1189673 ], [ 78.5898292, 32.1542282 ], [ 78.6097707, 32.1840987 ], [ 78.60853920000001, 32.2143171 ], [ 78.558735, 32.2444437 ], [ 78.4548481, 32.2422418 ], [ 78.4800193, 32.2735662 ], [ 78.4770437, 32.3328432 ], [ 78.5347628, 32.414394 ], [ 78.494128, 32.4217681 ], [ 78.4541516, 32.4523671 ], [ 78.4648367, 32.4861483 ], [ 78.4478488, 32.5063173 ], [ 78.4253066, 32.5080784 ], [ 78.4152121, 32.5224513 ], [ 78.4105411, 32.5246154 ], [ 78.3985909, 32.5257418 ], [ 78.3985908, 32.5257418 ], [ 78.3928375, 32.52214 ], [ 78.3724895, 32.5087553 ], [ 78.3264388, 32.4720193 ], [ 78.2946015, 32.5040869 ], [ 78.3153133, 32.5254238 ], [ 78.312847, 32.5737142 ], [ 78.3480111, 32.5810634 ], [ 78.4051715, 32.6194219 ], [ 78.3795888, 32.6682533 ], [ 78.3943565, 32.7156119 ], [ 78.3877168, 32.7569322 ], [ 78.357173, 32.7577785 ], [ 78.3041965, 32.7342222 ], [ 78.3122244, 32.709168 ], [ 78.2530161, 32.6910562 ], [ 78.219466700000012, 32.6647006 ], [ 78.1429087, 32.6818659 ], [ 78.1105849, 32.6626034 ], [ 78.0989067, 32.630385 ], [ 78.0158376, 32.6197568 ], [ 77.9518038, 32.6589128 ], [ 77.9207208, 32.688604 ], [ 77.9342851, 32.7260042 ], [ 77.9258227, 32.7720251 ], [ 77.8840861, 32.7877074 ], [ 77.8788131, 32.8187749 ], [ 77.8391345, 32.8421298 ], [ 77.7919706, 32.8557882 ], [ 77.7839179, 32.8827693 ], [ 77.803093, 32.8935532 ], [ 77.8000028, 32.9121519 ], [ 77.7130521, 32.9825686 ], [ 77.5650733, 32.9129337 ], [ 77.5402019, 32.8874457 ], [ 77.5016874, 32.8856166 ], [ 77.4690067, 32.8584482 ], [ 77.444911500000018, 32.8796026 ], [ 77.3974073, 32.8785489 ], [ 77.3744041, 32.8547359 ], [ 77.3738874, 32.8244599 ], [ 77.339027, 32.8167782 ], [ 77.3197175, 32.8522197 ], [ 77.2339203, 32.8937381 ], [ 77.1991857, 32.9088653 ], [ 77.1885662, 32.9286619 ], [ 77.164182, 32.9188966 ], [ 77.159493900000015, 32.9381586 ], [ 77.1608916, 32.952984 ], [ 77.1497257, 32.978146 ], [ 77.1161232, 32.9847564 ], [ 77.0954869, 32.9710536 ], [ 77.0489983, 32.9990379 ], [ 77.0102952, 32.9891046 ], [ 76.9729991, 32.9998396 ], [ 76.9415537, 33.02839 ], [ 76.8851712, 33.1216462 ], [ 76.8552896, 33.1142945 ], [ 76.8169569, 33.1597807 ], [ 76.8258279, 33.2147022 ], [ 76.7927211, 33.2566362 ], [ 76.7755412, 33.2536341 ], [ 76.7720245, 33.2513521 ], [ 76.7711703, 33.2497115 ], [ 76.7711703, 33.2497114 ], [ 76.7712334, 33.2496293 ], [ 76.7713997, 33.2494121 ], [ 76.7714144, 33.2492627 ], [ 76.7720176, 33.2488775 ], [ 76.7719181, 33.247492 ], [ 76.7738704, 33.2415488 ], [ 76.7788826, 33.2397143 ], [ 76.7758398, 33.2204944 ], [ 76.7469085, 33.1792108 ], [ 76.6700389, 33.1716934 ], [ 76.6184678, 33.1743728 ], [ 76.6052903, 33.2042506 ], [ 76.5674213, 33.2102842 ], [ 76.4878974, 33.1797369 ], [ 76.4104299, 33.1865581 ], [ 76.3745035, 33.1541814 ], [ 76.2918043, 33.1031887 ], [ 76.2953048, 33.0575546 ], [ 76.2769468, 33.0369556 ], [ 76.1661344, 33.0070094 ], [ 76.1123062, 33.006326 ], [ 76.0973071, 32.9643122 ], [ 76.0456379, 32.9378151 ], [ 76.0320861, 32.9167471 ], [ 75.9539375, 32.8733983 ], [ 75.924537, 32.9062415 ], [ 75.8423473, 32.9293132 ], [ 75.8113187, 32.8778469 ], [ 75.8888079, 32.8032192 ], [ 75.8907182, 32.7827866 ], [ 75.9260983, 32.7456197 ], [ 75.901119, 32.6986066 ], [ 75.9185224, 32.6539783 ], [ 75.9158909, 32.6129795 ], [ 75.8809411, 32.586461899999989 ], [ 75.8761285, 32.5504635 ], [ 75.8412944, 32.523612 ], [ 75.8413392, 32.5150942 ], [ 75.8339281, 32.5154305 ], [ 75.8332995, 32.5133365 ], [ 75.8343627, 32.5117868 ], [ 75.8343628, 32.5117868 ], [ 75.8348948, 32.5117745 ], [ 75.8365056, 32.5127519 ], [ 75.8387344, 32.5126966 ], [ 75.8416274, 32.5112252 ], [ 75.8452499, 32.5066055 ], [ 75.847204, 32.4970672 ], [ 75.8575739, 32.4839063 ], [ 75.901442, 32.4530992 ], [ 75.92059, 32.4291286 ], [ 75.919208, 32.412097 ], [ 75.932204700000014, 32.3990295 ], [ 75.9290573, 32.3944246 ], [ 75.915588, 32.3970216 ], [ 75.8937674, 32.3932557 ], [ 75.8742016, 32.3957781 ], [ 75.8453265, 32.3573874 ], [ 75.8112073, 32.3485525 ], [ 75.7729795, 32.2902666 ], [ 75.6570876, 32.2512087 ], [ 75.6434426, 32.2523607 ], [ 75.6264833, 32.2155055 ], [ 75.6273031, 32.2067443 ], [ 75.6267399, 32.1999146 ], [ 75.6243577, 32.1946472 ], [ 75.6247068, 32.1899421 ], [ 75.6312408, 32.1893166 ], [ 75.6328089, 32.1865646 ], [ 75.637688700000012, 32.1875766 ], [ 75.6518514, 32.1969135 ], [ 75.6631632, 32.191591 ], [ 75.6730587, 32.1587656 ], [ 75.6612666, 32.136873 ], [ 75.6289337, 32.1211752 ], [ 75.6008424, 32.0930832 ], [ 75.5943405, 32.0791494 ], [ 75.6021367, 32.0659244 ], [ 75.6542667, 32.0776468 ], [ 75.7507771, 32.037748 ], [ 75.7797335, 32.0047078 ], [ 75.8924567, 31.9618446 ], [ 75.9611588, 31.8548929 ], [ 75.969374, 31.8238651 ], [ 75.9474638, 31.81305 ], [ 76.0177045, 31.6321828 ], [ 76.0984892, 31.5364578 ], [ 76.1170154, 31.4830675 ], [ 76.169758, 31.3990084 ], [ 76.1493221, 31.3533206 ], [ 76.1787886, 31.3405317 ], [ 76.1807549, 31.3105047 ], [ 76.2139365, 31.299454 ], [ 76.3112088, 31.3195033 ], [ 76.3075612, 31.3426462 ], [ 76.3313619, 31.3465982 ], [ 76.3407661, 31.363524 ], [ 76.331081, 31.4012449 ], [ 76.3721268, 31.4084943 ], [ 76.3926486, 31.3895493 ], [ 76.4317317, 31.3268665 ], [ 76.4861353, 31.3039772 ], [ 76.5491812, 31.2528156 ], [ 76.5877175, 31.2742578 ], [ 76.6453931, 31.209121 ], [ 76.6150293, 31.1900289 ], [ 76.6016382, 31.1285999 ], [ 76.6385357, 31.1078926 ], [ 76.6109613, 31.0458846 ], [ 76.6247138, 30.9988265 ], [ 76.7080894, 30.9704046 ], [ 76.73994, 30.9355013 ], [ 76.7661085, 30.920795 ], [ 76.771226, 30.907433 ], [ 76.775404, 30.9061472 ], [ 76.7760483, 30.9058297 ], [ 76.77651, 30.9051443 ], [ 76.7766549, 30.9046378 ], [ 76.7767334, 30.9042866 ], [ 76.7767336, 30.9042867 ], [ 76.7766272, 30.9053591 ], [ 76.7760616, 30.906026 ], [ 76.7829882, 30.90971140000001 ], [ 76.7868083, 30.9133941 ], [ 76.7981365, 30.9152912 ], [ 76.8111188, 30.9240612 ], [ 76.8246451, 30.9272197 ], [ 76.8266927, 30.9127256 ], [ 76.8410163, 30.8917139 ], [ 76.8510627, 30.8900069 ], [ 76.8695549, 30.873178 ], [ 76.8759236, 30.8809579 ], [ 76.9148969, 30.8896974 ], [ 76.925014, 30.8735253 ], [ 76.9336889, 30.8746356 ], [ 76.9512274, 30.8505795 ], [ 76.9439731, 30.837712 ], [ 76.9489282, 30.8244905 ], [ 76.9485826, 30.8167514 ], [ 76.9578743, 30.823538 ], [ 76.9647377, 30.8257072 ], [ 76.9817824, 30.81423 ], [ 77.0112888, 30.8107168 ], [ 77.0205206, 30.7400553 ], [ 77.0973599, 30.7381936 ], [ 77.1641001, 30.6860607 ], [ 77.1723044, 30.6013125 ], [ 77.1473596, 30.5781571 ], [ 77.1405583, 30.5795684 ], [ 77.136123, 30.5699477 ], [ 77.1242747, 30.565075 ], [ 77.1263166, 30.560229 ], [ 77.1353099, 30.5454561 ], [ 77.1929305, 30.5255998 ], [ 77.2077678, 30.4744231 ], [ 77.212347, 30.4646815 ], [ 77.2203715, 30.4771879 ], [ 77.226470300000017, 30.4804557 ], [ 77.2434461, 30.4756334 ], [ 77.2704599, 30.481243 ], [ 77.322648, 30.4459414 ], [ 77.4026268, 30.4292653 ], [ 77.4341151, 30.4311064 ], [ 77.4679799, 30.399817 ], [ 77.5184912, 30.4433483 ], [ 77.5557438, 30.3901231 ], [ 77.5810248, 30.3777012 ], [ 77.58286, 30.3791976 ], [ 77.5844127, 30.379722 ], [ 77.5852958, 30.3796918 ], [ 77.5854665, 30.3795963 ], [ 77.5854666, 30.3795963 ], [ 77.58561060000001, 30.3795573 ], [ 77.585610699999989, 30.3795574 ] ] ] } },
{ "type": "Feature", "properties": { "STATE.NAME": "Daman and Diu", "AREA": 91.812707 }, "geometry": { "type": "Polygon", "coordinates": [ [ [ 72.8555508, 20.4674844 ], [ 72.8277418, 20.4316666 ], [ 72.8309263, 20.4110194 ], [ 72.8271075, 20.3857592 ], [ 72.8217384, 20.3732048 ], [ 72.8216079, 20.3697946 ], [ 72.8212363, 20.3676631 ], [ 72.8212364, 20.3676629 ], [ 72.8262293, 20.3663207 ], [ 72.8304621, 20.3678406 ], [ 72.8458381, 20.3747924 ], [ 72.8907379, 20.3725516 ], [ 72.8702502, 20.4137558 ], [ 72.8555508, 20.4674844 ] ] ] } },
{ "type": "Feature", "properties": { "STATE.NAME": "Sikkim", "AREA": 7105.886344 }, "geometry": { "type": "Polygon", "coordinates": [ [ [ 88.3382568, 27.1098994 ], [ 88.3418794, 27.1097466 ], [ 88.3500629, 27.0996544 ], [ 88.3566123, 27.0953384 ], [ 88.3818792, 27.0944447 ], [ 88.4306489, 27.079449 ], [ 88.4662099, 27.1122311 ], [ 88.5291204, 27.1477642 ], [ 88.5412559, 27.1817559 ], [ 88.5890465, 27.1893281 ], [ 88.6574065, 27.1597281 ], [ 88.6821801, 27.1768467 ], [ 88.706587, 27.1663964 ], [ 88.7165134, 27.1414695 ], [ 88.7243891, 27.1354114 ], [ 88.734572899999989, 27.1348185 ], [ 88.7388499, 27.1363121 ], [ 88.7434905, 27.14052 ], [ 88.7449338, 27.1422583 ], [ 88.7455328, 27.1420252 ], [ 88.7455329, 27.1420252 ], [ 88.7456155, 27.1421189 ], [ 88.7456156, 27.1421189 ], [ 88.7460089, 27.1427898 ], [ 88.7463787, 27.1446049 ], [ 88.7614443, 27.1526737 ], [ 88.7662305, 27.1779076 ], [ 88.7877472, 27.1816896 ], [ 88.8033241, 27.2479508 ], [ 88.8318471, 27.2624595 ], [ 88.8791039, 27.2612288 ], [ 88.9133581, 27.2903328 ], [ 88.8641377, 27.3794434 ], [ 88.8379766, 27.379322 ], [ 88.8048097, 27.4150727 ], [ 88.7770349, 27.4693155 ], [ 88.7907788, 27.5315384 ], [ 88.7697657, 27.5711916 ], [ 88.8044824, 27.5944241 ], [ 88.8151907, 27.6461692 ], [ 88.8481611, 27.6677561 ], [ 88.8650613, 27.7420101 ], [ 88.8546846, 27.7569917 ], [ 88.8565866, 27.8152701 ], [ 88.8807391, 27.8295777 ], [ 88.882922, 27.889985 ], [ 88.860543, 27.9276541 ], [ 88.8370483, 27.9291794 ], [ 88.8439582, 27.9926327 ], [ 88.7928535, 28.0487658 ], [ 88.7560858, 28.0760793 ], [ 88.6666249, 28.07610750000001 ], [ 88.6195188, 28.0981301 ], [ 88.5561727, 28.0746931 ], [ 88.544983, 28.0335237 ], [ 88.4962004, 28.053997 ], [ 88.4675746, 28.016742 ], [ 88.4150554, 27.9992448 ], [ 88.4107187, 27.9832319 ], [ 88.3518926, 27.9896053 ], [ 88.2864044, 27.9662897 ], [ 88.2534363, 27.9447882 ], [ 88.2124493, 27.9647469 ], [ 88.1843515, 27.9439343 ], [ 88.1449086, 27.9643479 ], [ 88.1203774, 27.9211856 ], [ 88.1347018, 27.8817498 ], [ 88.1963782, 27.8538293 ], [ 88.1763978, 27.8206939 ], [ 88.1975952, 27.791707 ], [ 88.1782264, 27.7464761 ], [ 88.1587812, 27.7405305 ], [ 88.1432446, 27.6626281 ], [ 88.1192904, 27.6432717 ], [ 88.1137089, 27.6096829 ], [ 88.0830687, 27.5887539 ], [ 88.0613531, 27.5410295 ], [ 88.0471242, 27.4751082 ], [ 88.0750156, 27.426835 ], [ 88.047774, 27.4052827 ], [ 88.0423048, 27.3698115 ], [ 88.0683799, 27.3350709 ], [ 88.0327909, 27.2853387 ], [ 88.0315821, 27.2503639 ], [ 88.020347199999989, 27.2349877 ], [ 88.0176176, 27.2226636 ], [ 88.0134787, 27.2174869 ], [ 88.0141184, 27.2125209 ], [ 88.014824499999989, 27.2117098 ], [ 88.0148247, 27.2117098 ], [ 88.01641, 27.2142646 ], [ 88.0185697, 27.2162486 ], [ 88.0400211, 27.2206173 ], [ 88.0788384, 27.2012518 ], [ 88.0781917, 27.1725797 ], [ 88.0961554, 27.1334454 ], [ 88.153614, 27.1097738 ], [ 88.1816943, 27.1325132 ], [ 88.2322037, 27.1185039 ], [ 88.2787159, 27.1305347 ], [ 88.3165867, 27.125637 ], [ 88.3244113, 27.1054797 ], [ 88.3336022, 27.1060839 ], [ 88.3382568, 27.1098994 ] ] ] } },
{ "type": "Feature", "properties": { "STATE.NAME": "Delhi", "AREA": 1485.119514 }, "geometry": { "type": "Polygon", "coordinates": [ [ [ 77.2098447, 28.8578669 ], [ 77.2098987, 28.8577474 ], [ 77.2093939, 28.857734 ], [ 77.205858, 28.8579428 ], [ 77.2037342, 28.8585843 ], [ 77.197115, 28.8592479 ], [ 77.1730404, 28.8572606 ], [ 77.1098042, 28.8701012 ], [ 77.0938235, 28.8716495 ], [ 77.0821697, 28.88210740000001 ], [ 77.0792253, 28.8719803 ], [ 77.0616671, 28.8708334 ], [ 77.0580547, 28.8680847 ], [ 77.0545293, 28.8629991 ], [ 77.0450847, 28.8462262 ], [ 77.0399981, 28.8318273 ], [ 77.0233182, 28.8393939 ], [ 76.9918072, 28.8383588 ], [ 76.9508044, 28.818296 ], [ 76.9462703, 28.7979406 ], [ 76.9558714, 28.7673826 ], [ 76.9446032, 28.7540077 ], [ 76.9677891, 28.699607 ], [ 76.9558865, 28.6712317 ], [ 76.8882631, 28.6319175 ], [ 76.8424931, 28.5560843 ], [ 76.8647258, 28.5433289 ], [ 76.879606, 28.5047486 ], [ 76.9079802, 28.5137362 ], [ 76.951664100000016, 28.5042366 ], [ 77.000470600000014, 28.5320651 ], [ 77.0319486, 28.5312907 ], [ 77.0599457, 28.5123101 ], [ 77.0803884, 28.5180518 ], [ 77.1206889, 28.4962833 ], [ 77.1146486, 28.4807621 ], [ 77.1130063, 28.4713133 ], [ 77.1109256, 28.4711401 ], [ 77.1169075, 28.4627903 ], [ 77.1218458, 28.4585187 ], [ 77.1288373, 28.4406937 ], [ 77.1659015, 28.425691 ], [ 77.1743968, 28.4046919 ], [ 77.249519100000015, 28.4244822 ], [ 77.2432971, 28.4788348 ], [ 77.2902606, 28.4965555 ], [ 77.3140955, 28.4836224 ], [ 77.3268288, 28.4901234 ], [ 77.336112, 28.5052102 ], [ 77.3432626, 28.5110824 ], [ 77.3445484, 28.512893 ], [ 77.3451121, 28.5132464 ], [ 77.3454328, 28.5132654 ], [ 77.3454329, 28.5132656 ], [ 77.345415, 28.5136598 ], [ 77.345993, 28.5157797 ], [ 77.3473964, 28.5184133 ], [ 77.3466289, 28.5210294 ], [ 77.3339803, 28.5254425 ], [ 77.3208847, 28.5409257 ], [ 77.3043914, 28.5519234 ], [ 77.2970822, 28.5659972 ], [ 77.3425506, 28.6220024 ], [ 77.3162528, 28.641244 ], [ 77.3238902, 28.677225 ], [ 77.3329098, 28.6819899 ], [ 77.323258, 28.6986051 ], [ 77.3258232, 28.7036379 ], [ 77.3259851, 28.7098915 ], [ 77.3220508, 28.7121326 ], [ 77.3166437, 28.7129498 ], [ 77.304772, 28.712929700000011 ], [ 77.2355492, 28.760945 ], [ 77.1993913, 28.7980608 ], [ 77.2242697, 28.826149 ], [ 77.2166352, 28.8415357 ], [ 77.217306800000017, 28.8513653 ], [ 77.2142221, 28.8558481 ], [ 77.2115293, 28.856573 ], [ 77.210951, 28.8569827 ], [ 77.2099666, 28.8578374 ], [ 77.2099536, 28.8578414 ], [ 77.2098448, 28.857867 ], [ 77.2098447, 28.8578669 ] ] ] } },
{ "type": "Feature", "properties": { "STATE.NAME": "Tripura", "AREA": 10402.118282 }, "geometry": { "type": "Polygon", "coordinates": [ [ [ 91.7733888, 23.2699556 ], [ 91.7644181, 23.3099027 ], [ 91.8039215, 23.3321205 ], [ 91.8636408, 23.4082956 ], [ 91.9231466, 23.4366007 ], [ 91.9756135, 23.4952507 ], [ 91.9370949, 23.6905317 ], [ 91.9834802, 23.7282154 ], [ 92.0065536, 23.6654073 ], [ 92.0425539, 23.6464255 ], [ 92.0745349, 23.6466465 ], [ 92.1080586, 23.6938572 ], [ 92.1180115, 23.7310642 ], [ 92.1515934, 23.7275563 ], [ 92.1703704, 23.7058026 ], [ 92.2044464, 23.7061916 ], [ 92.2287912, 23.6533508 ], [ 92.265388, 23.7251112 ], [ 92.2653881, 23.7251113 ], [ 92.2653883, 23.7251123 ], [ 92.2656698, 23.7265302 ], [ 92.266087, 23.7284403 ], [ 92.266326, 23.7298771 ], [ 92.2665937, 23.7324888 ], [ 92.2654208, 23.7429103 ], [ 92.2670759, 23.751748 ], [ 92.2569966, 23.8128737 ], [ 92.269074, 23.8470165 ], [ 92.3090204, 23.8570589 ], [ 92.3238733, 23.9049735 ], [ 92.308498700000015, 23.968185 ], [ 92.3260474, 23.9975411 ], [ 92.3163694, 24.067452 ], [ 92.3242936, 24.0863025 ], [ 92.3214159, 24.2031993 ], [ 92.2970324, 24.232075 ], [ 92.2948682, 24.238438 ], [ 92.2947076, 24.2418641 ], [ 92.2929607, 24.2461542 ], [ 92.2923555, 24.2490481 ], [ 92.2924791, 24.2500981 ], [ 92.2924359, 24.2502262 ], [ 92.2922822, 24.2504926 ], [ 92.2922821, 24.2504927 ], [ 92.2911971, 24.2513541 ], [ 92.2896139, 24.251938 ], [ 92.2819036, 24.2520429 ], [ 92.2603917, 24.2483646 ], [ 92.2212407, 24.23494 ], [ 92.2059579, 24.2384613 ], [ 92.2097244, 24.2483106 ], [ 92.2089881, 24.2555923 ], [ 92.2188373, 24.2857263 ], [ 92.2598392, 24.3585499 ], [ 92.246451, 24.4424687 ], [ 92.229973, 24.4522565 ], [ 92.2287414, 24.4756894 ], [ 92.2364827, 24.4888152 ], [ 92.2297661, 24.5024423 ], [ 92.2162427, 24.5034323 ], [ 92.2137714, 24.5038138 ], [ 92.2122558, 24.5043016 ], [ 92.2116987, 24.5044814 ], [ 92.2109842, 24.504712 ], [ 92.2077923, 24.506117 ], [ 92.2046184, 24.5065868 ], [ 92.1689236, 24.5271789 ], [ 92.1498024, 24.4907025 ], [ 92.1679441, 24.424182 ], [ 92.1396267, 24.4254695 ], [ 92.1141772, 24.3867633 ], [ 92.0831153, 24.3750725 ], [ 92.0037879, 24.392722 ], [ 91.965196300000017, 24.3571422 ], [ 91.9220255, 24.3372725 ], [ 91.9423331, 24.2630853 ], [ 91.9105241, 24.1405727 ], [ 91.8843919, 24.1410955 ], [ 91.8605841, 24.1816555 ], [ 91.8217227, 24.2107325 ], [ 91.7468896, 24.2451955 ], [ 91.7571331, 24.1438059 ], [ 91.7264489, 24.1411603 ], [ 91.682249, 24.1630483 ], [ 91.6493422, 24.1952631 ], [ 91.6291339, 24.1382853 ], [ 91.6313031, 24.1035561 ], [ 91.5809696, 24.0744107 ], [ 91.5396937, 24.0732258 ], [ 91.4901584, 24.0965829 ], [ 91.4369615, 24.0946011 ], [ 91.4147448, 24.1082 ], [ 91.3758743, 24.1055725 ], [ 91.3968863, 24.0484967 ], [ 91.3598645, 23.9855132 ], [ 91.3215663, 23.9947142 ], [ 91.2801638, 23.9822563 ], [ 91.2194615, 23.8791833 ], [ 91.2477754, 23.8297869 ], [ 91.2095336, 23.7518189 ], [ 91.165693, 23.7495812 ], [ 91.1531464, 23.6917712 ], [ 91.2019859, 23.6902453 ], [ 91.2019082, 23.6549607 ], [ 91.160332, 23.6526875 ], [ 91.1608359, 23.5945379 ], [ 91.207805100000016, 23.5397433 ], [ 91.2003981, 23.5168964 ], [ 91.2538116, 23.4878585 ], [ 91.2831285, 23.4193188 ], [ 91.283546, 23.3833663 ], [ 91.3100566, 23.3091432 ], [ 91.3236486, 23.2376818 ], [ 91.3247192, 23.1687773 ], [ 91.3468549, 23.1023665 ], [ 91.3964493, 23.0561123 ], [ 91.4161489, 23.0811934 ], [ 91.3846994, 23.1563037 ], [ 91.3862836, 23.2275793 ], [ 91.4154934, 23.2626162 ], [ 91.4485212, 23.2599506 ], [ 91.5031088, 23.1921938 ], [ 91.4909726, 23.15779 ], [ 91.5080425, 23.1398439 ], [ 91.5112482, 23.1042984 ], [ 91.5502574, 23.0385274 ], [ 91.542285, 22.9996346 ], [ 91.5749855, 22.9687544 ], [ 91.6271674, 22.9562704 ], [ 91.6506037, 22.9820033 ], [ 91.712455, 22.9840195 ], [ 91.7614832, 23.0297198 ], [ 91.7840001, 23.0374638 ], [ 91.8221741, 23.0862287 ], [ 91.8136804, 23.1471317 ], [ 91.7733888, 23.2699556 ] ] ] } },
{ "type": "Feature", "properties": { "STATE.NAME": "Punjab", "AREA": 50353.478052 }, "geometry": { "type": "Polygon", "coordinates": [ [ [ 74.5271591, 29.9427852 ], [ 74.531743, 29.9491975 ], [ 74.5419892, 29.9401071 ], [ 74.5644784, 29.9276316 ], [ 74.5824366, 29.9243482 ], [ 74.5966877, 29.9122687 ], [ 74.646841400000014, 29.9043453 ], [ 74.6582178, 29.9322607 ], [ 74.7021755, 29.9719394 ], [ 74.7313938, 29.9614729 ], [ 74.7794356, 29.9719567 ], [ 74.8064177, 29.992105 ], [ 74.8561638, 29.9564658 ], [ 74.8879696, 29.9671343 ], [ 74.9228216, 29.9520298 ], [ 74.9516808, 29.9026072 ], [ 74.9904794, 29.8680323 ], [ 75.0699498, 29.8770619 ], [ 75.075282, 29.8963575 ], [ 75.081123, 29.9021815 ], [ 75.0820698, 29.9072813 ], [ 75.0861229, 29.9137218 ], [ 75.0868928, 29.9153841 ], [ 75.0878624, 29.9163028 ], [ 75.0883674, 29.9168682 ], [ 75.0887647, 29.9172031 ], [ 75.090933, 29.9162312 ], [ 75.0941478, 29.915109 ], [ 75.0988224, 29.9127418 ], [ 75.0990051, 29.9110914 ], [ 75.1102758, 29.9020005 ], [ 75.1147038, 29.8786667 ], [ 75.1071309, 29.8682699 ], [ 75.0933699, 29.857989 ], [ 75.0907732, 29.8526628 ], [ 75.1028671, 29.8419465 ], [ 75.1110365, 29.8420476 ], [ 75.1186536, 29.8308792 ], [ 75.1048505, 29.8244154 ], [ 75.1003025, 29.8194128 ], [ 75.1007199, 29.8067931 ], [ 75.1368195, 29.8059685 ], [ 75.1400701, 29.7864688 ], [ 75.1649001, 29.7823845 ], [ 75.1590601, 29.8013415 ], [ 75.1640369, 29.824106 ], [ 75.2102741, 29.83289 ], [ 75.208532, 29.7931652 ], [ 75.2415782, 29.7546497 ], [ 75.1969368, 29.7160825 ], [ 75.2067708, 29.6875203 ], [ 75.1679481, 29.6670305 ], [ 75.1824457, 29.6293335 ], [ 75.2353094, 29.6021102 ], [ 75.221696, 29.5802902 ], [ 75.2344337, 29.5698198 ], [ 75.2337929, 29.5643288 ], [ 75.2379012, 29.5599118 ], [ 75.2392827, 29.5523228 ], [ 75.2373057, 29.5428053 ], [ 75.2421315, 29.545932 ], [ 75.271065, 29.5492241 ], [ 75.2811348, 29.5614701 ], [ 75.3094416, 29.5608465 ], [ 75.3139919, 29.589267 ], [ 75.290059, 29.6073014 ], [ 75.3165596, 29.6306302 ], [ 75.3456987, 29.6960156 ], [ 75.3931677, 29.7208902 ], [ 75.4047521, 29.7390098 ], [ 75.4141016, 29.7700412 ], [ 75.4539486, 29.7820194 ], [ 75.4615865, 29.8077465 ], [ 75.5027355, 29.7778962 ], [ 75.561077, 29.7706927 ], [ 75.5721476, 29.743298 ], [ 75.6344591, 29.7552847 ], [ 75.6782867, 29.7761089 ], [ 75.7027682, 29.7523566 ], [ 75.7160715, 29.7896259 ], [ 75.7141429, 29.8018574 ], [ 75.7210816, 29.8127936 ], [ 75.7216468, 29.8134466 ], [ 75.7240193, 29.8126397 ], [ 75.7325691, 29.8125303 ], [ 75.7377813, 29.8140457 ], [ 75.7578447, 29.805623 ], [ 75.788541900000013, 29.8113903 ], [ 75.8369788, 29.7942749 ], [ 75.8702238, 29.7493255 ], [ 75.984389600000014, 29.727133 ], [ 76.0434412, 29.7427263 ], [ 76.0849688, 29.8007585 ], [ 76.1292372, 29.7969607 ], [ 76.1479571, 29.819969 ], [ 76.1848487, 29.8227558 ], [ 76.1958007, 29.8422473 ], [ 76.2437934, 29.8524415 ], [ 76.2300826, 29.885395 ], [ 76.193431, 29.8856555 ], [ 76.1782285, 29.9422188 ], [ 76.2053885, 29.9737623 ], [ 76.2262382, 30.0586566 ], [ 76.2362966, 30.0675987 ], [ 76.2464703, 30.0820286 ], [ 76.2493161, 30.0824725 ], [ 76.2489004, 30.0851361 ], [ 76.253518, 30.0894352 ], [ 76.2489019, 30.0922219 ], [ 76.246392, 30.0943695 ], [ 76.2424671, 30.0987802 ], [ 76.2411715, 30.1017148 ], [ 76.2197059, 30.1161001 ], [ 76.2536584, 30.1216108 ], [ 76.318704, 30.0972545 ], [ 76.3398811, 30.0987403 ], [ 76.4090653, 30.146797 ], [ 76.387154, 30.1706343 ], [ 76.4343042, 30.1831478 ], [ 76.4284828, 30.1508964 ], [ 76.459935700000017, 30.129486 ], [ 76.4625243, 30.1010576 ], [ 76.5469522, 30.0762459 ], [ 76.5993343, 30.1125406 ], [ 76.6207781, 30.1373689 ], [ 76.6295064, 30.1425977 ], [ 76.6340941, 30.1465873 ], [ 76.638113, 30.1476129 ], [ 76.6394594, 30.1485829 ], [ 76.6397646, 30.1502845 ], [ 76.6387393, 30.1541752 ], [ 76.635068, 30.1596663 ], [ 76.6332657, 30.1669646 ], [ 76.6224347, 30.1675984 ], [ 76.600296, 30.1839224 ], [ 76.6170588, 30.2010498 ], [ 76.6450217, 30.1888441 ], [ 76.6286231, 30.1785477 ], [ 76.6359046, 30.168628 ], [ 76.6518068, 30.1768791 ], [ 76.6533061, 30.2010912 ], [ 76.6206023, 30.2054065 ], [ 76.6238541, 30.2278248 ], [ 76.6035479, 30.2378011 ], [ 76.6028665, 30.251672 ], [ 76.5853223, 30.2453385 ], [ 76.5655842, 30.2319466 ], [ 76.5627695, 30.2258491 ], [ 76.5557392, 30.2269372 ], [ 76.5619652, 30.2415295 ], [ 76.5581398, 30.2499267 ], [ 76.5565727, 30.2622934 ], [ 76.5617269, 30.2622057 ], [ 76.571902799999989, 30.26528 ], [ 76.5837903, 30.2702658 ], [ 76.6138922, 30.2722386 ], [ 76.6234068, 30.264594 ], [ 76.6879757, 30.3268994 ], [ 76.7109979, 30.3258409 ], [ 76.7460629, 30.3672369 ], [ 76.713367, 30.3880541 ], [ 76.748832299999989, 30.4292091 ], [ 76.7903067, 30.4146765 ], [ 76.8233634, 30.4115966 ], [ 76.8559487, 30.4179148 ], [ 76.883342, 30.4086967 ], [ 76.9155512, 30.3652526 ], [ 76.939418, 30.3947823 ], [ 76.8864097, 30.4296736 ], [ 76.9311235, 30.5009193 ], [ 76.9163749, 30.5541453 ], [ 76.9259828, 30.6100771 ], [ 76.9100536, 30.6262017 ], [ 76.8958271, 30.6287529 ], [ 76.896439, 30.6358833 ], [ 76.8857895, 30.6441245 ], [ 76.8809059, 30.645413 ], [ 76.8742355, 30.6739593 ], [ 76.8752111, 30.6792452 ], [ 76.8682819, 30.6735127 ], [ 76.8619801, 30.6636439 ], [ 76.8468367, 30.6567139 ], [ 76.832545, 30.6631684 ], [ 76.8320199, 30.6709977 ], [ 76.830003499999989, 30.6763505 ], [ 76.8312649, 30.6790796 ], [ 76.8303044, 30.6801391 ], [ 76.8299859, 30.6803961 ], [ 76.829253, 30.680998 ], [ 76.8292173, 30.6810273 ], [ 76.8292172, 30.6810273 ], [ 76.829149, 30.6810079 ], [ 76.8290757, 30.6810008 ], [ 76.8284483, 30.6809126 ], [ 76.8272968, 30.682187 ], [ 76.808571, 30.667369 ], [ 76.7899544, 30.6756361 ], [ 76.7765949, 30.6704014 ], [ 76.752415, 30.6845441 ], [ 76.7128067, 30.7412927 ], [ 76.7116582, 30.7616622 ], [ 76.7714816, 30.7952665 ], [ 76.8150179, 30.7529757 ], [ 76.8264846, 30.7635194 ], [ 76.8312557, 30.7595339 ], [ 76.8356851, 30.756165 ], [ 76.8377457, 30.7544887 ], [ 76.8378561, 30.7545327 ], [ 76.8380626, 30.7548659 ], [ 76.8380626, 30.754866 ], [ 76.8381031, 30.7550687 ], [ 76.8386201, 30.7552673 ], [ 76.8394135, 30.7565574 ], [ 76.8401228, 30.7589479 ], [ 76.8388103, 30.7637102 ], [ 76.8417573, 30.7745126 ], [ 76.8569635, 30.794802 ], [ 76.8466759, 30.8339605 ], [ 76.7843325, 30.8779113 ], [ 76.7773261, 30.8969169 ], [ 76.7771285, 30.9008991 ], [ 76.7767336, 30.9042867 ], [ 76.7766551, 30.9046379 ], [ 76.7765102, 30.9051444 ], [ 76.7760484, 30.9058299 ], [ 76.7754041, 30.9061474 ], [ 76.7712262, 30.907433 ], [ 76.7661087, 30.920795 ], [ 76.7399402, 30.9355015 ], [ 76.7080894, 30.9704048 ], [ 76.624714, 30.9988266 ], [ 76.6109616, 31.0458846 ], [ 76.6385359, 31.1078925 ], [ 76.6016384, 31.1285998 ], [ 76.6150294, 31.1900287 ], [ 76.6453933, 31.2091209 ], [ 76.5877175, 31.274258 ], [ 76.5491812, 31.2528158 ], [ 76.4861355, 31.3039773 ], [ 76.431731900000017, 31.3268667 ], [ 76.3926488, 31.3895494 ], [ 76.3721266, 31.4084945 ], [ 76.3310809, 31.4012451 ], [ 76.340766, 31.3635239 ], [ 76.307561, 31.3426462 ], [ 76.3112087, 31.3195035 ], [ 76.2139365, 31.2994542 ], [ 76.1807551, 31.3105047 ], [ 76.1787888, 31.3405319 ], [ 76.1493223, 31.3533207 ], [ 76.1697582, 31.3990084 ], [ 76.1170156, 31.4830676 ], [ 76.0984894, 31.5364578 ], [ 76.0177047, 31.6321829 ], [ 75.9474639, 31.8130498 ], [ 75.9693739, 31.8238649 ], [ 75.9792127, 31.8231484 ], [ 75.9659343, 31.838317 ], [ 75.961159, 31.8548929 ], [ 75.8924568, 31.9618448 ], [ 75.7797336, 32.004708 ], [ 75.7507772, 32.0377482 ], [ 75.6542667, 32.077647 ], [ 75.6021367, 32.0659246 ], [ 75.6008424, 32.093083 ], [ 75.6203472, 32.0978741 ], [ 75.6289339, 32.121175 ], [ 75.6612668, 32.1368729 ], [ 75.673059, 32.1587655 ], [ 75.6631634, 32.1915911 ], [ 75.6518514, 32.1969136 ], [ 75.6376885, 32.1875766 ], [ 75.632809, 32.1865648 ], [ 75.631241, 32.1893168 ], [ 75.6247068, 32.1899423 ], [ 75.6243579, 32.1946471 ], [ 75.6267401, 32.1999146 ], [ 75.6273033, 32.2067443 ], [ 75.6264835, 32.2155054 ], [ 75.6434426, 32.2523605 ], [ 75.6570876, 32.2512085 ], [ 75.7729797, 32.2902666 ], [ 75.8112074, 32.3485524 ], [ 75.8453267, 32.3573873 ], [ 75.8742016, 32.3957779 ], [ 75.8937674, 32.393255499999988 ], [ 75.9155881, 32.3970214 ], [ 75.9221958, 32.3922678 ], [ 75.9290574, 32.3944245 ], [ 75.9339824, 32.3921483 ], [ 75.9364739, 32.3974202 ], [ 75.9322048, 32.3990297 ], [ 75.9205902, 32.4291286 ], [ 75.9014421, 32.4530994 ], [ 75.857574, 32.4839065 ], [ 75.8472042, 32.4970671 ], [ 75.8452501, 32.5066056 ], [ 75.8416275, 32.5112254 ], [ 75.8387345, 32.5126968 ], [ 75.8365055, 32.5127521 ], [ 75.8348947, 32.5117747 ], [ 75.8343628, 32.511787 ], [ 75.8337441, 32.5118013 ], [ 75.831766, 32.5105956 ], [ 75.8271339, 32.5045475 ], [ 75.8233144, 32.495082 ], [ 75.8016052, 32.4856194 ], [ 75.7777234, 32.4656855 ], [ 75.729523, 32.4531573 ], [ 75.7272611, 32.4457462 ], [ 75.7373452, 32.4296495 ], [ 75.7235321, 32.4101877 ], [ 75.7113761, 32.4110429 ], [ 75.686988700000015, 32.3905085 ], [ 75.5966669, 32.3776771 ], [ 75.5394797, 32.3362274 ], [ 75.5120975, 32.307936 ], [ 75.4656586, 32.3269685 ], [ 75.4190075, 32.3200467 ], [ 75.3414075, 32.3460929 ], [ 75.3316594, 32.3269279 ], [ 75.3210063, 32.2973627 ], [ 75.3717827, 32.2797347 ], [ 75.3655411, 32.2199031 ], [ 75.3313491, 32.2196659 ], [ 75.2994004, 32.1535362 ], [ 75.261153300000018, 32.1016258 ], [ 75.220266, 32.1077131 ], [ 75.1791844, 32.0764117 ], [ 75.1227885, 32.0815043 ], [ 75.1017838, 32.059353 ], [ 75.0688418, 32.0636213 ], [ 75.012280800000013, 32.0357439 ], [ 74.927406, 32.0664496 ], [ 74.8287482, 31.9982539 ], [ 74.8189445, 31.9586615 ], [ 74.7815828, 31.9557859 ], [ 74.707642, 31.92311 ], [ 74.6770699, 31.9262475 ], [ 74.636603, 31.8840309 ], [ 74.6158932, 31.889357900000011 ], [ 74.570610700000017, 31.8370137 ], [ 74.559368800000016, 31.7578781 ], [ 74.5138736, 31.7399843 ], [ 74.4865524, 31.7150553 ], [ 74.524249, 31.686983 ], [ 74.5554208, 31.6079153 ], [ 74.5753572, 31.6039355 ], [ 74.6160411, 31.5574992 ], [ 74.6128342, 31.5273822 ], [ 74.5841212, 31.5207809 ], [ 74.6531661, 31.4552547 ], [ 74.6434678, 31.4161457 ], [ 74.5964477, 31.4163174 ], [ 74.5834103, 31.3790697 ], [ 74.5516475, 31.3644204 ], [ 74.5336711, 31.325019 ], [ 74.5407668, 31.3060773 ], [ 74.5205071, 31.2689404 ], [ 74.5326205, 31.2497307 ], [ 74.5102839, 31.1320125 ], [ 74.5484037, 31.1220945 ], [ 74.5512839, 31.0865255 ], [ 74.6007197, 31.0879914 ], [ 74.6008665, 31.1320662 ], [ 74.6403192, 31.1197263 ], [ 74.6890862, 31.12802 ], [ 74.7023708, 31.091687099999987 ], [ 74.671102, 31.053576 ], [ 74.596886400000017, 31.0376408 ], [ 74.5743672, 31.056845 ], [ 74.5479601, 31.0324903 ], [ 74.5463793, 30.9924289 ], [ 74.5086996, 30.9672834 ], [ 74.4569281, 30.9642281 ], [ 74.4237104, 30.9296196 ], [ 74.3658864, 30.8929359 ], [ 74.3695049, 30.8573602 ], [ 74.3247552, 30.8495205 ], [ 74.2992809, 30.8046422 ], [ 74.303329, 30.7815366 ], [ 74.2735812, 30.7533666 ], [ 74.2653847, 30.7249147 ], [ 74.2325668, 30.7245033 ], [ 74.2191519, 30.6934901 ], [ 74.1490742, 30.6315987 ], [ 74.1285081, 30.6323346 ], [ 74.0722789, 30.5228697 ], [ 74.0500698, 30.5371492 ], [ 73.9927289, 30.5142121 ], [ 73.964134200000018, 30.4564366 ], [ 73.9647932, 30.424693 ], [ 73.8798482, 30.3597671 ], [ 73.9317239, 30.3186105 ], [ 73.9622379, 30.26337 ], [ 73.9678661, 30.2248292 ], [ 73.9696439, 30.2166967 ], [ 73.9708312, 30.2077634 ], [ 73.9722146, 30.2009159 ], [ 73.972588800000011, 30.1981275 ], [ 73.9726498, 30.1979536 ], [ 73.9738707, 30.191916 ], [ 73.9741792, 30.188763 ], [ 73.9737839, 30.1829583 ], [ 73.9720318, 30.1750258 ], [ 73.9681736, 30.1684568 ], [ 73.9707221, 30.1250731 ], [ 73.9298717, 30.0685435 ], [ 73.9040155, 30.0500311 ], [ 73.8862588, 30.0120683 ], [ 73.8861486, 29.9971611 ], [ 73.8948513, 29.9833126 ], [ 73.8961093, 29.9786801 ], [ 73.8956684, 29.9759287 ], [ 73.8946837, 29.9738315 ], [ 73.8955387, 29.9741018 ], [ 73.9637518, 29.9714718 ], [ 74.10168, 29.9670646 ], [ 74.383826, 29.9502918 ], [ 74.4939418, 29.9445384 ], [ 74.5164891, 29.943778 ], [ 74.5271502, 29.9427859 ], [ 74.527159, 29.9427851 ], [ 74.5271591, 29.9427852 ] ] ] } },
{ "type": "Feature", "properties": { "STATE.NAME": "Madhya Pradesh", "AREA": 308254.26127399999 }, "geometry": { "type": "Polygon", "coordinates": [ [ [ 82.810312900000014, 23.96288 ], [ 82.8023075, 23.979881 ], [ 82.806174200000015, 23.9888095 ], [ 82.8038409, 24.0035705 ], [ 82.7512564, 24.0119325 ], [ 82.7481807, 24.0282077 ], [ 82.77422, 24.0748198 ], [ 82.7122562, 24.0885858 ], [ 82.6645624, 24.1297841 ], [ 82.6969175, 24.1411985 ], [ 82.7281155, 24.1355961 ], [ 82.7443432, 24.1656149 ], [ 82.7364066, 24.2229072 ], [ 82.7727857, 24.3076445 ], [ 82.7650345, 24.3754844 ], [ 82.713377, 24.3813153 ], [ 82.7433781, 24.4987088 ], [ 82.7206793, 24.5138126 ], [ 82.7481726, 24.5613119 ], [ 82.8008039, 24.5800879 ], [ 82.8026243, 24.5982426 ], [ 82.7775592, 24.6112915 ], [ 82.7738032, 24.6417832 ], [ 82.7286522, 24.6356578 ], [ 82.6982322, 24.6469712 ], [ 82.7020532, 24.6720076 ], [ 82.6710389, 24.6969833 ], [ 82.53911, 24.6477705 ], [ 82.5239489, 24.67264 ], [ 82.4568845, 24.6733271 ], [ 82.4277405, 24.7022073 ], [ 82.4072647, 24.682948 ], [ 82.4179549, 24.6415136 ], [ 82.4019082, 24.5913717 ], [ 82.3610009, 24.59914 ], [ 82.3298568, 24.6184595 ], [ 82.3160777, 24.6076322 ], [ 82.3011186, 24.6076771 ], [ 82.2996373, 24.6115641 ], [ 82.3037881, 24.6253515 ], [ 82.2997542, 24.6469628 ], [ 82.3029619, 24.6556127 ], [ 82.2855542, 24.6680182 ], [ 82.2807617, 24.6754302 ], [ 82.2729606, 24.6752223 ], [ 82.2351157, 24.6709102 ], [ 82.2556093, 24.7493674 ], [ 82.2148512, 24.7543175 ], [ 82.1868256, 24.7941037 ], [ 82.1887848, 24.8058028 ], [ 82.1781348, 24.810709 ], [ 82.178681, 24.7930595 ], [ 82.1676387, 24.790982 ], [ 82.167163, 24.7879353 ], [ 82.1672072, 24.7870234 ], [ 82.1671127, 24.7855429 ], [ 82.1659461, 24.7858277 ], [ 82.1628068, 24.7872865 ], [ 82.1588073, 24.7896979 ], [ 82.152414600000014, 24.7923532 ], [ 82.1504667, 24.7944841 ], [ 82.1502491, 24.7940057 ], [ 82.1501796, 24.7927869 ], [ 82.1499174, 24.791961 ], [ 82.1490869, 24.7925073 ], [ 82.1471095, 24.7947239 ], [ 82.1443754, 24.7970309 ], [ 82.138684, 24.799478 ], [ 82.1128616, 24.7990581 ], [ 82.0976769, 24.8161638 ], [ 82.0107441, 24.8469248 ], [ 81.9598024, 24.8372436 ], [ 81.9342834, 24.8698656 ], [ 81.9079099, 24.8813614 ], [ 81.9196443, 24.9278012 ], [ 81.9078822, 24.980133 ], [ 81.8351934, 25.0172886 ], [ 81.7927096, 25.0044563 ], [ 81.7458282, 25.0334839 ], [ 81.7083598, 25.0352922 ], [ 81.6685744, 25.0715092 ], [ 81.6547227, 25.0715171 ], [ 81.6422021, 25.0571382 ], [ 81.6116581, 25.0563349 ], [ 81.6054413, 25.0787128 ], [ 81.6378373, 25.0986614 ], [ 81.63296, 25.1171308 ], [ 81.6063175, 25.1166559 ], [ 81.5786509, 25.1908435 ], [ 81.5186063, 25.1860615 ], [ 81.5125078, 25.1773545 ], [ 81.5365515, 25.1605574 ], [ 81.4995515, 25.1486912 ], [ 81.4841622, 25.115963 ], [ 81.5092517, 25.1056833 ], [ 81.513778, 25.0997695 ], [ 81.5066788, 25.0955482 ], [ 81.5030065, 25.0897224 ], [ 81.5011189, 25.0800256 ], [ 81.5015856, 25.078157 ], [ 81.4992428, 25.076977 ], [ 81.4933718, 25.0784741 ], [ 81.4911952, 25.0722786 ], [ 81.4722387, 25.078047 ], [ 81.4648432, 25.0901439 ], [ 81.4545337, 25.090407 ], [ 81.4224946, 25.0990043 ], [ 81.4313215, 25.1060175 ], [ 81.4409021, 25.1069438 ], [ 81.4445301, 25.1059571 ], [ 81.4474908, 25.1077748 ], [ 81.4451558, 25.1160947 ], [ 81.3691646, 25.1434596 ], [ 81.3564994, 25.1633981 ], [ 81.2920332, 25.1618921 ], [ 81.2662337, 25.1396363 ], [ 81.262991, 25.0518825 ], [ 81.2236591, 24.9988317 ], [ 81.2089545, 24.9926161 ], [ 81.2207424, 24.9742785 ], [ 81.2144564, 24.9579559 ], [ 81.2152649, 24.9328766 ], [ 81.1722368, 24.957298 ], [ 81.164737, 24.9468235 ], [ 81.1602272, 24.9135532 ], [ 81.1396341, 24.8875298 ], [ 81.096674, 24.9209163 ], [ 81.0896932, 24.9462598 ], [ 81.0338724, 24.9526184 ], [ 80.996412, 24.9280641 ], [ 80.9476967, 24.9409819 ], [ 80.9289908, 24.9611813 ], [ 80.8753208, 24.9357652 ], [ 80.8121657, 24.922526 ], [ 80.805854599999989, 24.9531129 ], [ 80.8113008, 24.9702111 ], [ 80.8239593, 24.9677831 ], [ 80.83363, 24.9823047 ], [ 80.8522342, 24.9887408 ], [ 80.8551524, 25.0039964 ], [ 80.8354573, 25.0241103 ], [ 80.8780673, 25.0654799 ], [ 80.8688227, 25.1165391 ], [ 80.8886551, 25.1325263 ], [ 80.9129394, 25.1590944 ], [ 80.9043397, 25.1588798 ], [ 80.8822773, 25.1831384 ], [ 80.8400521, 25.1562014 ], [ 80.8254115, 25.1214598 ], [ 80.803786, 25.1375783 ], [ 80.7869022, 25.1294219 ], [ 80.7604661, 25.1347135 ], [ 80.7481033, 25.13082 ], [ 80.7349399, 25.1371514 ], [ 80.7278589, 25.137672 ], [ 80.718421, 25.130534 ], [ 80.7305821, 25.1128508 ], [ 80.7232353, 25.0946429 ], [ 80.7834251, 25.0758953 ], [ 80.7749897, 25.0546357 ], [ 80.7290675, 25.0671932 ], [ 80.7122849, 25.0586727 ], [ 80.6811868, 25.0530471 ], [ 80.6740608, 25.0605161 ], [ 80.6838067, 25.0672403 ], [ 80.6763308, 25.0785533 ], [ 80.642671299999989, 25.0887905 ], [ 80.6148411, 25.0927737 ], [ 80.6325498, 25.1225699 ], [ 80.6018539, 25.1504628 ], [ 80.5923633, 25.0901983 ], [ 80.552255700000018, 25.0628306 ], [ 80.5215057, 25.0762133 ], [ 80.5204014, 25.0928185 ], [ 80.4997539, 25.1003042 ], [ 80.4830572, 25.1001976 ], [ 80.4806364, 25.0982131 ], [ 80.4826394, 25.0929215 ], [ 80.4926077, 25.0881882 ], [ 80.506743899999989, 25.0840108 ], [ 80.5018604, 25.0707002 ], [ 80.5091417, 25.0587674 ], [ 80.5032184, 25.045298 ], [ 80.5464623, 25.0321293 ], [ 80.530865, 25.0012596 ], [ 80.5008218, 25.0044782 ], [ 80.4921513, 24.9892218 ], [ 80.4804159, 24.9860076 ], [ 80.479605, 24.9758701 ], [ 80.4568641, 24.981012 ], [ 80.4562948, 25.0039017 ], [ 80.4363809, 25.028437 ], [ 80.4490905, 25.0406004 ], [ 80.4743805, 25.0305382 ], [ 80.466534, 25.0649337 ], [ 80.4490095, 25.0786606 ], [ 80.3934243, 25.0644817 ], [ 80.3833227, 25.035274 ], [ 80.394337, 25.0087952 ], [ 80.3773968, 25.0069457 ], [ 80.3629811, 25.023619 ], [ 80.3477442, 25.0176813 ], [ 80.3310196, 24.9922077 ], [ 80.2878995, 25.0381276 ], [ 80.330361, 25.0475128 ], [ 80.3459105, 25.0648046 ], [ 80.3506331, 25.0904209 ], [ 80.3759765, 25.1152305 ], [ 80.3527326, 25.1302549 ], [ 80.4316943, 25.1776266 ], [ 80.4079661, 25.2176834 ], [ 80.3482433, 25.2784576 ], [ 80.310829, 25.2864167 ], [ 80.3221274, 25.3345589 ], [ 80.316297, 25.3858352 ], [ 80.2638731, 25.4240614 ], [ 80.2535435, 25.4008491 ], [ 80.236230400000011, 25.4079044 ], [ 80.2274819, 25.399466 ], [ 80.2062075, 25.4044755 ], [ 80.2024021, 25.4140463 ], [ 80.1958845, 25.4019215 ], [ 80.1965778, 25.3811769 ], [ 80.1689917, 25.3768682 ], [ 80.1311265, 25.3342391 ], [ 80.1266121, 25.3402693 ], [ 80.1173987, 25.3415284 ], [ 80.1011578, 25.3508573 ], [ 80.0889719, 25.3558087 ], [ 80.07266, 25.3368445 ], [ 80.0342692, 25.3421493 ], [ 80.0195576, 25.3245589 ], [ 80.024266, 25.311818 ], [ 80.0219714, 25.3066823 ], [ 80.0226567, 25.3034352 ], [ 80.021811, 25.3024552 ], [ 80.0225923, 25.3003478 ], [ 80.0220547, 25.2989461 ], [ 80.0222958, 25.2987814 ], [ 80.0220858, 25.2976439 ], [ 80.0191578, 25.2989892 ], [ 80.0184661, 25.2977271 ], [ 80.011914500000017, 25.2954224 ], [ 79.9990499, 25.2862245 ], [ 80.0033432, 25.2670669 ], [ 79.9546517, 25.2647848 ], [ 79.9020761, 25.2407982 ], [ 79.877178500000014, 25.2509381 ], [ 79.8513253, 25.227456 ], [ 79.8676761, 25.2170718 ], [ 79.856797899999989, 25.19745 ], [ 79.8631498, 25.1771029 ], [ 79.8701287, 25.1722738 ], [ 79.8658194, 25.1620682 ], [ 79.8661434, 25.141066 ], [ 79.8516167, 25.1285567 ], [ 79.8437866, 25.0943774 ], [ 79.8257985, 25.1070966 ], [ 79.7469628, 25.139347 ], [ 79.6757969, 25.1237153 ], [ 79.608263100000016, 25.1281198 ], [ 79.5691933, 25.171825 ], [ 79.5516169, 25.1609483 ], [ 79.5187413, 25.1198669 ], [ 79.5249816, 25.0973884 ], [ 79.4827008, 25.0796839 ], [ 79.4262563, 25.1190529 ], [ 79.4053395, 25.1062309 ], [ 79.3933037, 25.1172089 ], [ 79.396155, 25.1283553 ], [ 79.3909245, 25.1391166 ], [ 79.388219, 25.1424865 ], [ 79.3841626, 25.1426503 ], [ 79.3875099, 25.1533863 ], [ 79.3901463, 25.1665457 ], [ 79.3924901, 25.1689216 ], [ 79.3902771, 25.1701208 ], [ 79.3934486, 25.1731832 ], [ 79.3956112, 25.1730855 ], [ 79.408755, 25.1798829 ], [ 79.4118085, 25.1826426 ], [ 79.4124523, 25.1982377 ], [ 79.4382499, 25.1967885 ], [ 79.448953, 25.2149422 ], [ 79.432844500000016, 25.2205732 ], [ 79.4628959, 25.2716496 ], [ 79.4367224, 25.2546688 ], [ 79.4087401, 25.2560904 ], [ 79.4081989, 25.2733055 ], [ 79.3462904, 25.3045896 ], [ 79.3420931, 25.3290074 ], [ 79.2998299, 25.3376577 ], [ 79.2689854, 25.3051179 ], [ 79.2807271, 25.2616733 ], [ 79.3449882, 25.2508337 ], [ 79.3446712, 25.2172652 ], [ 79.3069998, 25.2249254 ], [ 79.2994629, 25.2397517 ], [ 79.2861564, 25.226386 ], [ 79.2818075, 25.2052603 ], [ 79.3084703, 25.1982154 ], [ 79.3136447, 25.1360915 ], [ 79.2824051, 25.117335 ], [ 79.2403876, 25.1130732 ], [ 79.1863212, 25.1440565 ], [ 79.1657949, 25.1074651 ], [ 79.115957, 25.1399144 ], [ 79.094785, 25.1760391 ], [ 79.0707912, 25.1687605 ], [ 79.0511166, 25.1345381 ], [ 79.0310026, 25.1383902 ], [ 79.030947200000014, 25.1849262 ], [ 79.0636377, 25.2220235 ], [ 79.0222341, 25.2413141 ], [ 79.0132203, 25.2740491 ], [ 78.9943733, 25.2731621 ], [ 78.9747163, 25.2372915 ], [ 78.9845987, 25.239582 ], [ 78.9869061, 25.2338525 ], [ 78.9946607, 25.232217 ], [ 79.0003259, 25.2342284 ], [ 78.9992319, 25.2315104 ], [ 79.0057574, 25.211078 ], [ 79.0058721, 25.1950458 ], [ 78.9702933, 25.216437 ], [ 78.9343187, 25.2118921 ], [ 78.9094122, 25.1777268 ], [ 78.9028145, 25.1745821 ], [ 78.8980617, 25.1686158 ], [ 78.8924961, 25.1637236 ], [ 78.8819071, 25.1568908 ], [ 78.8786841, 25.1669336 ], [ 78.8746219, 25.1720703 ], [ 78.871710100000016, 25.1880125 ], [ 78.9123322, 25.2692329 ], [ 78.9375931, 25.2596917 ], [ 78.9638641, 25.2993578 ], [ 78.9615073, 25.3434524 ], [ 78.9577041, 25.345901 ], [ 78.9531807, 25.3404691 ], [ 78.9463128, 25.3338962 ], [ 78.9310317, 25.3245957 ], [ 78.9300557, 25.3295022 ], [ 78.9321348, 25.3361546 ], [ 78.9209081, 25.3435878 ], [ 78.9118401, 25.3325591 ], [ 78.8841335, 25.3441359 ], [ 78.8812516, 25.3249217 ], [ 78.86757, 25.3255489 ], [ 78.8640562, 25.3102053 ], [ 78.8664158, 25.2799343 ], [ 78.8518501, 25.2302449 ], [ 78.7884627, 25.3000843 ], [ 78.8192976, 25.3069375 ], [ 78.8410406, 25.3449668 ], [ 78.8802414, 25.3858909 ], [ 78.9013376, 25.3616149 ], [ 78.9437689, 25.3491216 ], [ 78.9763377, 25.4199569 ], [ 78.9204807, 25.5137579 ], [ 78.9528461, 25.5375304 ], [ 78.9393648, 25.5572201 ], [ 78.9164529, 25.5455474 ], [ 78.884105, 25.5543585 ], [ 78.8843805, 25.5155788 ], [ 78.841536, 25.5125372 ], [ 78.8328164, 25.4995035 ], [ 78.8545959, 25.489696 ], [ 78.8661695, 25.4656673 ], [ 78.8354467, 25.4557865 ], [ 78.831229, 25.4611294 ], [ 78.8206063, 25.4677876 ], [ 78.814263, 25.4561402 ], [ 78.8063297, 25.4544711 ], [ 78.8151483, 25.4657091 ], [ 78.8179715, 25.4675066 ], [ 78.8183026, 25.4716503 ], [ 78.7967463, 25.4827614 ], [ 78.7327787, 25.4841705 ], [ 78.7318472, 25.4599607 ], [ 78.7706918, 25.4228054 ], [ 78.7482621, 25.4097848 ], [ 78.7456147, 25.396174 ], [ 78.7585386, 25.3825715 ], [ 78.7688661, 25.3790633 ], [ 78.7737126, 25.3761194 ], [ 78.771056, 25.374547 ], [ 78.7697164, 25.3725105 ], [ 78.7658741, 25.3691584 ], [ 78.7746309, 25.3530469 ], [ 78.7599651, 25.3504407 ], [ 78.7527772, 25.3459032 ], [ 78.7267378, 25.3434158 ], [ 78.7152756, 25.3716869 ], [ 78.7147151, 25.3729873 ], [ 78.7096868, 25.3720831 ], [ 78.7051816, 25.373268 ], [ 78.6997667, 25.3819234 ], [ 78.6946991, 25.3737473 ], [ 78.6778256, 25.3806372 ], [ 78.6627221, 25.3821944 ], [ 78.6647828, 25.3932745 ], [ 78.6591905, 25.4089239 ], [ 78.6678589, 25.4087325 ], [ 78.6745045, 25.3998027 ], [ 78.7114856, 25.4280814 ], [ 78.6581822, 25.4410204 ], [ 78.6448013, 25.4146185 ], [ 78.6077714, 25.4149435 ], [ 78.5671141, 25.3405583 ], [ 78.5380402, 25.3595008 ], [ 78.5329926, 25.3009429 ], [ 78.4773351, 25.2891302 ], [ 78.4547043, 25.3012404 ], [ 78.4382854, 25.2745817 ], [ 78.4653439, 25.2668856 ], [ 78.5124891, 25.2766586 ], [ 78.5607917, 25.264596 ], [ 78.5705417, 25.2051854 ], [ 78.6031225, 25.1468593 ], [ 78.6071473, 25.0903842 ], [ 78.6273354, 25.0868917 ], [ 78.6526892, 25.0498994 ], [ 78.6440078, 24.9842861 ], [ 78.639950399999989, 24.9720091 ], [ 78.634092, 24.9668683 ], [ 78.6319525, 24.9620612 ], [ 78.6317295, 24.9576871 ], [ 78.6361313, 24.9592667 ], [ 78.6391908, 24.9565493 ], [ 78.6521612, 24.9479713 ], [ 78.6501894, 24.9411378 ], [ 78.6518621, 24.9383705 ], [ 78.654828, 24.9401438 ], [ 78.6633918, 24.9384357 ], [ 78.6765584, 24.8986243 ], [ 78.7712686, 24.8574476 ], [ 78.7809591, 24.8196593 ], [ 78.7700958, 24.7577166 ], [ 78.7812018, 24.7069168 ], [ 78.7465375, 24.6620253 ], [ 78.7570463, 24.5989157 ], [ 78.7837782, 24.5885523 ], [ 78.8347588, 24.6048165 ], [ 78.8830971, 24.6413947 ], [ 78.9350089, 24.5607583 ], [ 78.9500525, 24.5007205 ], [ 78.9408814, 24.4786935 ], [ 78.9342251, 24.4889947 ], [ 78.9271883, 24.4945136 ], [ 78.9249458, 24.4996198 ], [ 78.9184915, 24.4951481 ], [ 78.9122893, 24.4737666 ], [ 78.9151156, 24.4581921 ], [ 78.9474345, 24.4365848 ], [ 78.9857603, 24.4416764 ], [ 78.9936468, 24.4227429 ], [ 78.9630103, 24.3442038 ], [ 78.9095625, 24.2960674 ], [ 78.916744400000013, 24.2690211 ], [ 78.884578, 24.2504636 ], [ 78.888017, 24.2270164 ], [ 78.8470785, 24.213864 ], [ 78.8123347, 24.1807412 ], [ 78.7893669, 24.1770778 ], [ 78.7810986, 24.2060138 ], [ 78.7645143, 24.2321173 ], [ 78.7682047, 24.2518519 ], [ 78.7486469, 24.2330428 ], [ 78.7389974, 24.2380755 ], [ 78.7412605, 24.2473326 ], [ 78.7342836, 24.252457 ], [ 78.727894, 24.2482177 ], [ 78.7255707, 24.2364327 ], [ 78.7030572, 24.2269162 ], [ 78.668633, 24.2400299 ], [ 78.6602028, 24.2674418 ], [ 78.603199, 24.3153539 ], [ 78.5843046, 24.3463304 ], [ 78.5020181, 24.3903075 ], [ 78.4776825, 24.3613483 ], [ 78.4780143, 24.3389848 ], [ 78.4384919, 24.3123093 ], [ 78.4401833, 24.2966307 ], [ 78.3949857, 24.2689945 ], [ 78.3479027, 24.2994843 ], [ 78.3296939, 24.3257444 ], [ 78.3573501, 24.3666939 ], [ 78.3237986, 24.407652 ], [ 78.264158, 24.4556858 ], [ 78.2266115, 24.5339136 ], [ 78.2644683, 24.5521873 ], [ 78.2772738, 24.6176002 ], [ 78.2768344, 24.6618731 ], [ 78.2255683, 24.7530132 ], [ 78.2357431, 24.7717345 ], [ 78.1722953, 24.8777769 ], [ 78.3339746, 24.9949064 ], [ 78.347182, 25.0244907 ], [ 78.3395101, 25.0872346 ], [ 78.3860628, 25.1037682 ], [ 78.4111783, 25.129461 ], [ 78.4166359, 25.1835203 ], [ 78.3820547, 25.2225824 ], [ 78.3725121, 25.2599028 ], [ 78.338617, 25.2918816 ], [ 78.327924600000017, 25.3523199 ], [ 78.3009715, 25.3620218 ], [ 78.369073899999989, 25.4385861 ], [ 78.4286855, 25.4878509 ], [ 78.4194829, 25.5335493 ], [ 78.4539477, 25.5493458 ], [ 78.4646965, 25.5455078 ], [ 78.4665824, 25.5588304 ], [ 78.493793900000014, 25.5785574 ], [ 78.49766, 25.5777869 ], [ 78.5018019, 25.5750266 ], [ 78.5088558, 25.5726357 ], [ 78.515124, 25.5691969 ], [ 78.524531, 25.5668839 ], [ 78.5609994, 25.5592635 ], [ 78.5692168, 25.5646152 ], [ 78.5867792, 25.5568625 ], [ 78.5911377, 25.5583395 ], [ 78.592435, 25.5631873 ], [ 78.5979416, 25.5705047 ], [ 78.6582798, 25.5598507 ], [ 78.6788662, 25.5853021 ], [ 78.7162019, 25.6044706 ], [ 78.740744, 25.5969792 ], [ 78.8104625, 25.6194499 ], [ 78.819742, 25.651946 ], [ 78.8167026, 25.6763215 ], [ 78.7999811, 25.7029379 ], [ 78.7980811, 25.7060107 ], [ 78.7938667, 25.7056021 ], [ 78.7836318, 25.7087193 ], [ 78.76333, 25.7199296 ], [ 78.7712761, 25.7496828 ], [ 78.8083108, 25.8009404 ], [ 78.8287346, 25.7955822 ], [ 78.8645593, 25.8716067 ], [ 78.8773505, 25.8748432 ], [ 78.887312799999989, 25.868601 ], [ 78.891889, 25.8803171 ], [ 78.8916619, 25.8969891 ], [ 78.8841635, 25.9130341 ], [ 78.9333174, 25.9485422 ], [ 78.9524776, 25.9879876 ], [ 78.9533894, 26.0149578 ], [ 78.9478972, 26.0263384 ], [ 78.9605314, 26.034911 ], [ 78.9696573, 26.0458092 ], [ 79.0027482, 26.0666509 ], [ 79.0125653, 26.0899152 ], [ 79.0013291, 26.0905604 ], [ 78.9756286, 26.1052116 ], [ 78.9768627, 26.1160423 ], [ 78.952091, 26.1293395 ], [ 78.9629357, 26.1365362 ], [ 78.9644198, 26.1484634 ], [ 78.9943001, 26.1462034 ], [ 79.019846, 26.192124 ], [ 79.0252293, 26.2207182 ], [ 79.0653481, 26.2297804 ], [ 79.0620971, 26.2735864 ], [ 79.0836348, 26.2798719 ], [ 79.1155304, 26.3205128 ], [ 79.1349711, 26.3247732 ], [ 79.120462, 26.3483493 ], [ 79.084469, 26.3581409 ], [ 79.0913837, 26.4045627 ], [ 79.1143859, 26.4077255 ], [ 79.1259827, 26.4112596 ], [ 79.123727500000015, 26.4115532 ], [ 79.124785, 26.4171355 ], [ 79.1243189, 26.4226187 ], [ 79.1294972, 26.4403861 ], [ 79.0997173, 26.4525955 ], [ 79.0526148, 26.4537434 ], [ 79.0679401, 26.4969252 ], [ 79.0188687, 26.5409639 ], [ 78.9875902, 26.5930704 ], [ 79.01654, 26.6006621 ], [ 78.9938094, 26.6404681 ], [ 78.9933264, 26.6773466 ], [ 78.9151198, 26.706244 ], [ 78.8694449, 26.6993967 ], [ 78.8158639, 26.7623585 ], [ 78.7718987, 26.7701024 ], [ 78.7215044, 26.7963581 ], [ 78.6806459, 26.7858624 ], [ 78.6745364, 26.765699 ], [ 78.6299756, 26.7732311 ], [ 78.6130391, 26.7519501 ], [ 78.577540500000012, 26.7484983 ], [ 78.5190567, 26.780901 ], [ 78.4595902, 26.7883176 ], [ 78.4268595, 26.8255687 ], [ 78.3952322, 26.8171038 ], [ 78.361456, 26.869065 ], [ 78.3069806, 26.8626251 ], [ 78.283509, 26.8544555 ], [ 78.2730392, 26.8404559 ], [ 78.2749424, 26.8234585 ], [ 78.2711097, 26.8142047 ], [ 78.262288400000017, 26.8131212 ], [ 78.2454012, 26.8232457 ], [ 78.2357326, 26.8278242 ], [ 78.2280208, 26.8302225 ], [ 78.2252447, 26.8306503 ], [ 78.2240091, 26.8307174 ], [ 78.2229537, 26.8306286 ], [ 78.222953600000011, 26.8306286 ], [ 78.2229535, 26.8306286 ], [ 78.2228964, 26.8306238 ], [ 78.2214848, 26.8303647 ], [ 78.2194143, 26.8298549 ], [ 78.2009366, 26.8216723 ], [ 78.1762948, 26.8257668 ], [ 78.1688829, 26.8125921 ], [ 78.1550956, 26.7840701 ], [ 78.1164794, 26.7966277 ], [ 78.101038800000012, 26.7744242 ], [ 78.1237728, 26.7503274 ], [ 78.0927711, 26.7200959 ], [ 78.095204099999989, 26.6792712 ], [ 77.9975059, 26.6939632 ], [ 77.9535708, 26.6592191 ], [ 77.8984458, 26.6554534 ], [ 77.8967028, 26.6174781 ], [ 77.855487, 26.6136096 ], [ 77.827320899999989, 26.596034 ], [ 77.8325012, 26.5614558 ], [ 77.7834419, 26.5520908 ], [ 77.7387828, 26.5294747 ], [ 77.7126592, 26.4982435 ], [ 77.6755371, 26.5030154 ], [ 77.6361203, 26.480738 ], [ 77.6149168, 26.4536373 ], [ 77.5621436, 26.4368328 ], [ 77.5235352, 26.4073067 ], [ 77.4878845, 26.4109213 ], [ 77.4394654, 26.4038618 ], [ 77.43527, 26.3933691 ], [ 77.4485446, 26.3677696 ], [ 77.3897699, 26.3566755 ], [ 77.376507, 26.365272 ], [ 77.320901, 26.3334152 ], [ 77.3167298, 26.3117973 ], [ 77.2706478, 26.2673306 ], [ 77.2038545, 26.2300355 ], [ 77.1351016, 26.2333633 ], [ 77.100407, 26.1858569 ], [ 77.0323906, 26.1728688 ], [ 76.9989864, 26.1300636 ], [ 76.948133400000017, 26.1028439 ], [ 76.9018124, 26.0935265 ], [ 76.8861127, 26.0491907 ], [ 76.8399558, 26.0260827 ], [ 76.8022567, 25.9772932 ], [ 76.8050795, 25.9608692 ], [ 76.730817, 25.9053998 ], [ 76.6710811, 25.9101729 ], [ 76.6317682, 25.8999507 ], [ 76.6238522, 25.8713169 ], [ 76.5914248, 25.8754769 ], [ 76.5305183, 25.8118722 ], [ 76.5155827, 25.7773253 ], [ 76.5205405, 25.72735 ], [ 76.4751585, 25.7127514 ], [ 76.5031749, 25.6728609 ], [ 76.4989107, 25.6375262 ], [ 76.5138787, 25.6041959 ], [ 76.5055558, 25.5803476 ], [ 76.5163462, 25.5282245 ], [ 76.5546405, 25.4838004 ], [ 76.5553135, 25.4533565 ], [ 76.5883811, 25.4304856 ], [ 76.5980663, 25.3938508 ], [ 76.6363019, 25.3838445 ], [ 76.6725931, 25.3479926 ], [ 76.711119, 25.3460372 ], [ 76.7288646, 25.3287891 ], [ 76.78045130000001, 25.3157732 ], [ 76.8572159, 25.3327118 ], [ 76.9020367, 25.3235426 ], [ 76.929473, 25.3029249 ], [ 76.9598434, 25.2967224 ], [ 76.9800014, 25.2980175 ], [ 77.024609, 25.296585 ], [ 77.0302749, 25.2954063 ], [ 77.0314385, 25.2945359 ], [ 77.0314324, 25.2945435 ], [ 77.0400436, 25.3060148 ], [ 77.0456681, 25.3193647 ], [ 77.0835227, 25.3367125 ], [ 77.1251548, 25.3305455 ], [ 77.1635385, 25.3086024 ], [ 77.2091762, 25.3061601 ], [ 77.2342276, 25.3788974 ], [ 77.2942799, 25.4244311 ], [ 77.3310734, 25.4273603 ], [ 77.3709224, 25.4083673 ], [ 77.3502109, 25.3821758 ], [ 77.3618459, 25.3571952 ], [ 77.3496701, 25.3289355 ], [ 77.3533359, 25.320524 ], [ 77.3674314, 25.3285775 ], [ 77.3779582, 25.3155163 ], [ 77.3740515, 25.2744902 ], [ 77.362246399999989, 25.2788121 ], [ 77.3553501, 25.2632957 ], [ 77.3822696, 25.2456319 ], [ 77.3995852, 25.2260285 ], [ 77.4144881, 25.2203978 ], [ 77.3962075, 25.1377723 ], [ 77.3757988, 25.1047939 ], [ 77.3100295, 25.0807199 ], [ 77.2887419, 25.1063646 ], [ 77.1745832, 25.1117097 ], [ 77.1669155, 25.0848731 ], [ 77.0821329, 25.0581534 ], [ 76.9885087, 25.0723861 ], [ 76.9659314, 25.0515062 ], [ 76.8767715, 25.0413981 ], [ 76.8619326, 24.9613512 ], [ 76.922967, 24.9135939 ], [ 76.912453, 24.8882165 ], [ 76.9418172, 24.8587066 ], [ 76.8817742, 24.836995 ], [ 76.8320522, 24.8378415 ], [ 76.8026172, 24.8092748 ], [ 76.8484285, 24.7660711 ], [ 76.8561311, 24.7424556 ], [ 76.9013751, 24.7341945 ], [ 76.9635367, 24.7565116 ], [ 76.9983037, 24.7182465 ], [ 77.030666400000015, 24.7121965 ], [ 77.0651111, 24.6438168 ], [ 77.0713277, 24.5724262 ], [ 77.0547485, 24.5264322 ], [ 77.0289833, 24.4960514 ], [ 76.9778253, 24.4612286 ], [ 76.9169244, 24.4831618 ], [ 76.9176077, 24.5433776 ], [ 76.8767247, 24.5390201 ], [ 76.8709511, 24.5435565 ], [ 76.8664482, 24.5458039 ], [ 76.862946, 24.5495823 ], [ 76.8621473, 24.54837 ], [ 76.8383103, 24.5458492 ], [ 76.8164046, 24.5336109 ], [ 76.8281259, 24.5036895 ], [ 76.8464687, 24.4863589 ], [ 76.8520757, 24.451014 ], [ 76.8395724, 24.413077 ], [ 76.8517935, 24.3707014 ], [ 76.8414981, 24.3225099 ], [ 76.8630512, 24.273113 ], [ 76.9118257, 24.2380837 ], [ 76.922438, 24.2115704 ], [ 76.9007557, 24.1272073 ], [ 76.8546385, 24.1356983 ], [ 76.8019782, 24.1165438 ], [ 76.7563523, 24.1690797 ], [ 76.7005618, 24.1676531 ], [ 76.6779358, 24.2041055 ], [ 76.7022102, 24.2413972 ], [ 76.6954391, 24.2842793 ], [ 76.6647575, 24.2622166 ], [ 76.6401569, 24.2683701 ], [ 76.5957096, 24.2441323 ], [ 76.5703664, 24.2091694 ], [ 76.5617911, 24.1733731 ], [ 76.5276425, 24.1570108 ], [ 76.5048349, 24.2031032 ], [ 76.3925247, 24.2169673 ], [ 76.3398491, 24.2439847 ], [ 76.2867199, 24.2283019 ], [ 76.2855536, 24.2095978 ], [ 76.2375453, 24.2186322 ], [ 76.2045276, 24.2171832 ], [ 76.2037868, 24.3037804 ], [ 76.196558, 24.3094365 ], [ 76.1899184, 24.3233777 ], [ 76.1860713, 24.328602 ], [ 76.1847348, 24.328596 ], [ 76.1844043, 24.326833 ], [ 76.182573300000016, 24.3247 ], [ 76.1825268, 24.3215824 ], [ 76.1748435, 24.3091804 ], [ 76.1720582, 24.3060858 ], [ 76.1679944, 24.295631 ], [ 76.1587226, 24.2827816 ], [ 76.1422018, 24.2815822 ], [ 76.1460017, 24.2244494 ], [ 76.117694, 24.1946688 ], [ 76.1141035, 24.1626456 ], [ 76.1310501, 24.1154056 ], [ 76.1270797, 24.0880235 ], [ 76.0429159, 24.0661468 ], [ 75.9987121, 24.0207142 ], [ 75.9622143, 24.0146419 ], [ 75.9849024, 23.9736864 ], [ 75.9870813, 23.9402523 ], [ 75.9282085, 23.8989894 ], [ 75.9020268, 23.8886941 ], [ 75.8876743, 23.8793873 ], [ 75.8706305, 23.8903703 ], [ 75.7656071, 23.8506134 ], [ 75.7526998, 23.8872922 ], [ 75.7266532, 23.8936317 ], [ 75.7143316, 23.8936433 ], [ 75.709628, 23.8962799 ], [ 75.7081082, 23.8996486 ], [ 75.7059235, 23.8989673 ], [ 75.7017034, 23.8728195 ], [ 75.7101991, 23.8634319 ], [ 75.7313273, 23.8531675 ], [ 75.7221435, 23.8358989 ], [ 75.7241481, 23.8238764 ], [ 75.7209302, 23.8185658 ], [ 75.7206625, 23.8132513 ], [ 75.7011825, 23.8130558 ], [ 75.6949182, 23.8142236 ], [ 75.6900802, 23.8129473 ], [ 75.6930537, 23.7762396 ], [ 75.6211627, 23.8005705 ], [ 75.5835419, 23.7947279 ], [ 75.5591963, 23.8185513 ], [ 75.5659285, 23.8534267 ], [ 75.4929443, 23.906085 ], [ 75.4594344, 23.9205074 ], [ 75.4689329, 23.9743804 ], [ 75.5210946, 24.0245917 ], [ 75.5845619, 23.9905818 ], [ 75.6323722, 23.9956477 ], [ 75.6708539, 24.0180484 ], [ 75.7017726, 23.9665254 ], [ 75.765477, 23.9927375 ], [ 75.7821064, 24.0425777 ], [ 75.8368111, 24.0569791 ], [ 75.8349544, 24.0917234 ], [ 75.792942200000013, 24.091844 ], [ 75.7520082, 24.1480134 ], [ 75.7783607, 24.2101764 ], [ 75.8071061, 24.2173443 ], [ 75.818068200000013, 24.2386517 ], [ 75.8018872, 24.3024332 ], [ 75.766439, 24.2980786 ], [ 75.7382422, 24.3347691 ], [ 75.751903, 24.4275893 ], [ 75.7893857, 24.4715541 ], [ 75.8140053, 24.4613073 ], [ 75.8097778, 24.4339366 ], [ 75.838787, 24.4141307 ], [ 75.8752868, 24.4264641 ], [ 75.9091908, 24.4550284 ], [ 75.9065883, 24.5758308 ], [ 75.8785968, 24.5833723 ], [ 75.8715354, 24.6064846 ], [ 75.8422135, 24.6237811 ], [ 75.8482437, 24.663179 ], [ 75.8251759, 24.6675444 ], [ 75.8375644, 24.7252848 ], [ 75.8025619, 24.756216 ], [ 75.7571996, 24.7615359 ], [ 75.6832485, 24.7241482 ], [ 75.6460348, 24.6851282 ], [ 75.6087049, 24.6818208 ], [ 75.5830963, 24.7132518 ], [ 75.5338874, 24.7122723 ], [ 75.491597, 24.687762 ], [ 75.455436, 24.68065 ], [ 75.3492043, 24.7008394 ], [ 75.2283778, 24.7175641 ], [ 75.187936100000016, 24.7435236 ], [ 75.2110424, 24.7977186 ], [ 75.2503639, 24.8095063 ], [ 75.240528, 24.8458035 ], [ 75.2898648, 24.8338549 ], [ 75.2978334, 24.8070536 ], [ 75.3976213, 24.8418445 ], [ 75.4197391, 24.8559571 ], [ 75.425919, 24.8840027 ], [ 75.4073438, 24.8847128 ], [ 75.373626, 24.8676909 ], [ 75.3266335, 24.8748222 ], [ 75.3182038, 24.860424 ], [ 75.2634285, 24.8748016 ], [ 75.2641598, 24.8953505 ], [ 75.2940614, 24.9074919 ], [ 75.2859323, 24.9242704 ], [ 75.2773282, 24.9249067 ], [ 75.2818659, 24.9530323 ], [ 75.3050077, 24.9284379 ], [ 75.3151785, 24.8959524 ], [ 75.3203372, 24.9016176 ], [ 75.3370623, 24.9553177 ], [ 75.3134839, 24.9800613 ], [ 75.3177649, 25.0079016 ], [ 75.3383456, 25.0186475 ], [ 75.3499533, 25.0335373 ], [ 75.3343344, 25.0410555 ], [ 75.1925234, 25.0334767 ], [ 75.1699757, 25.048923 ], [ 75.1534505, 25.032373 ], [ 75.1614464, 25.0184225 ], [ 75.1515089, 24.989173 ], [ 75.1135511, 24.9667529 ], [ 75.1191899, 24.8823951 ], [ 75.0765268, 24.8806256 ], [ 75.0482752, 24.8498616 ], [ 74.9854741, 24.8533644 ], [ 74.9481785, 24.864503 ], [ 74.9105885, 24.8939446 ], [ 74.9133607, 24.9160664 ], [ 74.8596669, 24.9617111 ], [ 74.8336406, 24.9596089 ], [ 74.8259065, 24.8993294 ], [ 74.8591439, 24.8383979 ], [ 74.8610335, 24.8045318 ], [ 74.8380435, 24.797298 ], [ 74.8493208, 24.7759226 ], [ 74.8609835, 24.7789868 ], [ 74.8609023, 24.7985441 ], [ 74.9069915, 24.7815598 ], [ 74.9815244, 24.7636032 ], [ 75.0070065, 24.7715266 ], [ 75.0152796, 24.7315657 ], [ 75.0075599, 24.7311887 ], [ 74.9962325, 24.7314172 ], [ 74.9933742, 24.7316706 ], [ 74.9923528, 24.7316757 ], [ 74.9923527, 24.7316755 ], [ 74.9937007, 24.7241983 ], [ 74.9922142, 24.7185923 ], [ 74.9934081, 24.7097 ], [ 74.9927097, 24.6926714 ], [ 74.9600709, 24.6787003 ], [ 74.9640705, 24.6710669 ], [ 74.9429685, 24.6404429 ], [ 74.8899625, 24.6339801 ], [ 74.8739158, 24.6490663 ], [ 74.8595743, 24.6777471 ], [ 74.836219, 24.7064146 ], [ 74.817625, 24.745399 ], [ 74.7802093, 24.7297043 ], [ 74.7793148, 24.7311384 ], [ 74.7800171, 24.7275187 ], [ 74.7810491, 24.7256338 ], [ 74.7819761, 24.7191227 ], [ 74.7833976, 24.712931 ], [ 74.7836853, 24.6915515 ], [ 74.7738639, 24.6657001 ], [ 74.7835873, 24.6574718 ], [ 74.8029641, 24.6340179 ], [ 74.7795664, 24.6153287 ], [ 74.7865151, 24.5858141 ], [ 74.7537143, 24.5538017 ], [ 74.7446747, 24.5134134 ], [ 74.7183004, 24.5083502 ], [ 74.7087237, 24.486419 ], [ 74.7274561, 24.4887625 ], [ 74.7444381, 24.468524 ], [ 74.7775127, 24.4606063 ], [ 74.815108600000016, 24.4686368 ], [ 74.8551695, 24.4242639 ], [ 74.8252915, 24.4000605 ], [ 74.7809092, 24.3384961 ], [ 74.7816549, 24.2902466 ], [ 74.7471043, 24.253402 ], [ 74.7775055, 24.2387105 ], [ 74.8677969, 24.2430479 ], [ 74.8968452, 24.227115 ], [ 74.8979789, 24.2142277 ], [ 74.9054097, 24.2128531 ], [ 74.9077934, 24.2108613 ], [ 74.9088267, 24.2103512 ], [ 74.9098894, 24.2099218 ], [ 74.8985115, 24.1900372 ], [ 74.8905663, 24.1879456 ], [ 74.8823448, 24.1796126 ], [ 74.8810384, 24.175317 ], [ 74.8803749, 24.1741487 ], [ 74.8795405, 24.1736516 ], [ 74.8800306, 24.1733359 ], [ 74.881991, 24.1703213 ], [ 74.8843603, 24.1699721 ], [ 74.886676, 24.1655785 ], [ 74.8951602, 24.1592231 ], [ 74.9033482, 24.1091925 ], [ 74.9389849, 24.0543655 ], [ 74.9784696, 24.0365355 ], [ 74.9621179, 23.9773781 ], [ 74.928750800000017, 23.9540939 ], [ 74.9024982, 23.8731559 ], [ 74.908808, 23.8356129 ], [ 74.9403885, 23.7646706 ], [ 74.9039326, 23.6748239 ], [ 74.9365168, 23.6285509 ], [ 74.8700453, 23.5918144 ], [ 74.8399679, 23.54986 ], [ 74.802946, 23.532474 ], [ 74.7728786, 23.544007 ], [ 74.7318886, 23.500399 ], [ 74.7000107, 23.503949 ], [ 74.6519291, 23.4624355 ], [ 74.6388427, 23.4638354 ], [ 74.6162012, 23.4598923 ], [ 74.6130253, 23.4622134 ], [ 74.6073207, 23.4460506 ], [ 74.5997129, 23.4377277 ], [ 74.5991968, 23.4288418 ], [ 74.5750497, 23.4233184 ], [ 74.5688611, 23.3762505 ], [ 74.5424209, 23.3646721 ], [ 74.5351456, 23.3307644 ], [ 74.5141553, 23.3282433 ], [ 74.523165, 23.3210706 ], [ 74.5437549, 23.2803787 ], [ 74.6200544, 23.2768127 ], [ 74.6488508, 23.2559595 ], [ 74.701104, 23.2648372 ], [ 74.7443357, 23.2113675 ], [ 74.7153464, 23.1907595 ], [ 74.6714154, 23.2000629 ], [ 74.5965414, 23.1378812 ], [ 74.5432271, 23.1305324 ], [ 74.5394393, 23.10343 ], [ 74.4641359, 23.0817445 ], [ 74.4050307, 23.1123133 ], [ 74.3845499, 23.1110959 ], [ 74.356404, 23.0886657 ], [ 74.3560011, 23.079893 ], [ 74.3415371, 23.0678553 ], [ 74.3345753, 23.0632981 ], [ 74.327560300000016, 23.0627721 ], [ 74.3252427, 23.0617237 ], [ 74.324449, 23.0614112 ], [ 74.322906, 23.0608035 ], [ 74.3208295, 23.0613753 ], [ 74.318892, 23.0587536 ], [ 74.3221442, 23.0409991 ], [ 74.3464701, 23.0246025 ], [ 74.364259, 22.9814027 ], [ 74.3395195, 22.9528258 ], [ 74.3781629, 22.906949 ], [ 74.4183634, 22.9172973 ], [ 74.4605773, 22.907939 ], [ 74.4765689, 22.8554564 ], [ 74.4647634, 22.8163678 ], [ 74.4337629, 22.8079804 ], [ 74.4352064, 22.7822705 ], [ 74.4017855, 22.7315194 ], [ 74.3842424, 22.6474428 ], [ 74.3609141, 22.6338107 ], [ 74.3154295, 22.6339362 ], [ 74.276926, 22.6458827 ], [ 74.2320004, 22.61228 ], [ 74.2104033, 22.5649545 ], [ 74.1345365, 22.5197386 ], [ 74.0746687, 22.5513334 ], [ 74.038399, 22.5347204 ], [ 74.0296955, 22.5076581 ], [ 74.0334763, 22.4901124 ], [ 74.0408868, 22.488981 ], [ 74.0532588, 22.5085871 ], [ 74.0828869, 22.5065655 ], [ 74.0863063, 22.4698758 ], [ 74.1194461, 22.4188016 ], [ 74.1361152, 22.4473004 ], [ 74.1604822, 22.4311432 ], [ 74.2036711, 22.4460848 ], [ 74.2007714, 22.4355156 ], [ 74.2127505, 22.431132 ], [ 74.2152466, 22.4413285 ], [ 74.2440142, 22.4338403 ], [ 74.2703949, 22.4130453 ], [ 74.1901862, 22.3201837 ], [ 74.1280611, 22.332987 ], [ 74.1124373, 22.3667876 ], [ 74.0717655, 22.3614143 ], [ 74.0630816, 22.3069969 ], [ 74.074511, 22.2655715 ], [ 74.0722724, 22.2189856 ], [ 74.106245, 22.2202383 ], [ 74.1164627, 22.2162321 ], [ 74.1183398, 22.186853 ], [ 74.1306692, 22.1444681 ], [ 74.1244976, 22.0979647 ], [ 74.1285247, 22.0945787 ], [ 74.1525954, 22.1059371 ], [ 74.1703168, 22.0915988 ], [ 74.160032, 22.0589061 ], [ 74.1356297, 22.0528227 ], [ 74.1087845, 22.0221223 ], [ 74.1186842, 21.9987671 ], [ 74.1505039, 21.9866731 ], [ 74.1403882, 21.9725542 ], [ 74.1411668, 21.9643133 ], [ 74.1457068, 21.9587634 ], [ 74.1420904, 21.9553272 ], [ 74.1446604, 21.9528344 ], [ 74.1459818, 21.952762 ], [ 74.1467273, 21.9528207 ], [ 74.1514197, 21.9523046 ], [ 74.1572475, 21.950669 ], [ 74.1816598, 21.9292628 ], [ 74.2809947, 21.9329605 ], [ 74.3088788, 21.9724147 ], [ 74.3505229, 21.977972 ], [ 74.3901163, 22.0215473 ], [ 74.4317233, 22.0302244 ], [ 74.438367, 21.9821611 ], [ 74.4890845, 21.9558134 ], [ 74.509348, 21.9206604 ], [ 74.5101308, 21.8292301 ], [ 74.5002843, 21.8068164 ], [ 74.5140923, 21.7659058 ], [ 74.5129951, 21.7185144 ], [ 74.5478166, 21.7187337 ], [ 74.5821103, 21.6648566 ], [ 74.6641763, 21.6522969 ], [ 74.6870645, 21.6317021 ], [ 74.7836549, 21.6107518 ], [ 74.8289414, 21.6097415 ], [ 74.8689243, 21.6314238 ], [ 74.9793096, 21.5951856 ], [ 75.0516597, 21.5664956 ], [ 75.0898916, 21.5153451 ], [ 75.1076981, 21.46224 ], [ 75.2070902, 21.4127602 ], [ 75.282633, 21.4078079 ], [ 75.3160851, 21.3877873 ], [ 75.3660112, 21.3964408 ], [ 75.3824258, 21.3792809 ], [ 75.4265102, 21.390734 ], [ 75.4963825, 21.3872706 ], [ 75.5415056, 21.3690534 ], [ 75.5714686, 21.3816924 ], [ 75.6012353, 21.3871683 ], [ 75.6069772, 21.3917978 ], [ 75.6075653, 21.3914186 ], [ 75.6071799, 21.3892284 ], [ 75.6080769, 21.3891697 ], [ 75.6107045, 21.3904841 ], [ 75.6163556, 21.3880461 ], [ 75.6243597, 21.3751085 ], [ 75.6701273, 21.3745339 ], [ 75.7032756, 21.3880291 ], [ 75.7543284, 21.379715 ], [ 75.8025351, 21.384494 ], [ 75.8331925, 21.3766247 ], [ 75.8739708, 21.3924945 ], [ 75.9105416, 21.3824303 ], [ 75.9629467, 21.389605 ], [ 75.9865609, 21.3687372 ], [ 76.0293094, 21.3648533 ], [ 76.0477936, 21.3489614 ], [ 76.0956206, 21.3711183 ], [ 76.1203409, 21.3228344 ], [ 76.1284211, 21.2865928 ], [ 76.1427761, 21.2856537 ], [ 76.1463811, 21.268183 ], [ 76.1591684, 21.2534911 ], [ 76.1393365, 21.2372553 ], [ 76.1652631, 21.2211695 ], [ 76.1651962, 21.1693732 ], [ 76.1188709, 21.1715705 ], [ 76.1101758, 21.1611779 ], [ 76.1354159, 21.1206878 ], [ 76.1917377, 21.0865642 ], [ 76.271893, 21.0887538 ], [ 76.27886620000001, 21.0701056 ], [ 76.3803572, 21.075138 ], [ 76.4372593, 21.1001339 ], [ 76.4930736, 21.1938164 ], [ 76.529800200000011, 21.1817826 ], [ 76.5607672, 21.1986971 ], [ 76.6231852, 21.184917 ], [ 76.6415704, 21.2370391 ], [ 76.6614132, 21.2406207 ], [ 76.6626287, 21.2804346 ], [ 76.6214966, 21.3322284 ], [ 76.6826554, 21.37837 ], [ 76.7402077, 21.4112593 ], [ 76.7442812, 21.4397906 ], [ 76.7857966, 21.4650227 ], [ 76.7955503, 21.4894103 ], [ 76.7634502, 21.5205001 ], [ 76.7893649, 21.5397562 ], [ 76.7839216, 21.5740881 ], [ 76.7993741, 21.595015 ], [ 76.8273246, 21.5883017 ], [ 76.854896, 21.6133052 ], [ 76.8974944, 21.5961188 ], [ 77.0083902, 21.6800647 ], [ 77.062357, 21.707084 ], [ 77.1296017, 21.7222131 ], [ 77.2103953, 21.6896403 ], [ 77.22683, 21.7166733 ], [ 77.2599515, 21.7139786 ], [ 77.3240343, 21.7527202 ], [ 77.405808, 21.7524959 ], [ 77.4560055, 21.7601245 ], [ 77.5006917, 21.7467996 ], [ 77.5421279, 21.706116 ], [ 77.5618366, 21.6657277 ], [ 77.5762406, 21.5771387 ], [ 77.6117748, 21.5385408 ], [ 77.5751163, 21.5264106 ], [ 77.5081889, 21.5508613 ], [ 77.4546127, 21.5537396 ], [ 77.422365, 21.5169415 ], [ 77.441729200000012, 21.4714176 ], [ 77.4735208, 21.4541629 ], [ 77.4916583, 21.3740509 ], [ 77.5144242, 21.3759299 ], [ 77.5231687, 21.3888757 ], [ 77.5314109, 21.4189957 ], [ 77.5427586, 21.4111203 ], [ 77.547685199999989, 21.4054283 ], [ 77.5585763, 21.4000548 ], [ 77.5632612, 21.3932467 ], [ 77.5633408, 21.3692188 ], [ 77.6079637, 21.3652572 ], [ 77.603343, 21.3896936 ], [ 77.6545159, 21.3873485 ], [ 77.7370542, 21.362179 ], [ 77.7466709, 21.3796264 ], [ 77.796639200000016, 21.3889523 ], [ 77.8224727, 21.407235 ], [ 77.9018609, 21.377298 ], [ 77.9809691, 21.4024138 ], [ 78.0660667, 21.4374003 ], [ 78.1763374, 21.4991349 ], [ 78.1819785, 21.5566313 ], [ 78.22341, 21.5525528 ], [ 78.2644166, 21.5912613 ], [ 78.3208453, 21.5717571 ], [ 78.35565, 21.5729623 ], [ 78.4165893, 21.6010936 ], [ 78.4339088, 21.5355835 ], [ 78.4570678, 21.495946 ], [ 78.504918, 21.5266161 ], [ 78.5408481, 21.5235412 ], [ 78.5854301, 21.4867193 ], [ 78.6880947, 21.4819206 ], [ 78.7278346, 21.4622513 ], [ 78.7445809, 21.4785167 ], [ 78.7473031, 21.4873781 ], [ 78.7491488, 21.4888958 ], [ 78.749809, 21.490116 ], [ 78.7503632, 21.4915757 ], [ 78.750932, 21.4928411 ], [ 78.75473, 21.4908875 ], [ 78.7566461, 21.4902295 ], [ 78.7660749, 21.4892877 ], [ 78.7802179, 21.478738 ], [ 78.8050215, 21.4903928 ], [ 78.8992749, 21.5004543 ], [ 78.9367104, 21.485715 ], [ 78.9410907, 21.5112284 ], [ 78.9366874, 21.5219659 ], [ 78.9272254, 21.522171 ], [ 78.9123333, 21.5488286 ], [ 78.9165454, 21.5908951 ], [ 78.9448119, 21.5928418 ], [ 78.9753214, 21.6176243 ], [ 79.012273, 21.5994036 ], [ 79.1027534, 21.6013979 ], [ 79.1631442, 21.6585446 ], [ 79.2239058, 21.6486251 ], [ 79.2211844, 21.6939232 ], [ 79.2680836, 21.7154099 ], [ 79.2908773, 21.6924926 ], [ 79.3462812, 21.6835581 ], [ 79.352387, 21.6788157 ], [ 79.352179, 21.6781518 ], [ 79.3533537, 21.6787659 ], [ 79.3559145, 21.6788334 ], [ 79.3569679, 21.6790411 ], [ 79.3595625, 21.6788964 ], [ 79.3630357, 21.6781326 ], [ 79.3774045, 21.6778552 ], [ 79.3910543, 21.6740269 ], [ 79.4007498, 21.6769645 ], [ 79.4151581, 21.6908034 ], [ 79.4961779, 21.6739987 ], [ 79.5120407, 21.5839722 ], [ 79.5433266, 21.5668219 ], [ 79.5402028, 21.5427197 ], [ 79.57804, 21.5412855 ], [ 79.6167975, 21.55684 ], [ 79.652703699999989, 21.5560027 ], [ 79.66059, 21.5766339 ], [ 79.7334139, 21.6033318 ], [ 79.7899371, 21.5874482 ], [ 79.8312109, 21.5467456 ], [ 79.8631422, 21.5307976 ], [ 79.9184483, 21.5244043 ], [ 79.937607, 21.5562991 ], [ 79.9714921, 21.5577211 ], [ 80.0005391, 21.5336456 ], [ 80.0313653, 21.555603 ], [ 80.0722594, 21.5567063 ], [ 80.1286821, 21.6114494 ], [ 80.1546274, 21.6064752 ], [ 80.192784, 21.6354598 ], [ 80.2201879, 21.621581 ], [ 80.2539928, 21.6245408 ], [ 80.3280038, 21.5711225 ], [ 80.330776, 21.547864 ], [ 80.3764967, 21.5232771 ], [ 80.3847737, 21.4893816 ], [ 80.418064, 21.4484271 ], [ 80.3958814, 21.4050028 ], [ 80.4128715, 21.376286 ], [ 80.4461292, 21.3711002 ], [ 80.461127, 21.4029842 ], [ 80.5392076, 21.3827147 ], [ 80.6213672, 21.3202706 ], [ 80.644941, 21.3279424 ], [ 80.6518767, 21.3270067 ], [ 80.6558295, 21.3294538 ], [ 80.6595176, 21.3331337 ], [ 80.6600649, 21.3340003 ], [ 80.6600407, 21.3341072 ], [ 80.6603306, 21.3344866 ], [ 80.6606343, 21.3346762 ], [ 80.6610779, 21.3351594 ], [ 80.6616276, 21.3361482 ], [ 80.664761, 21.3375519 ], [ 80.6711332, 21.3382683 ], [ 80.7072447, 21.4156069 ], [ 80.7352689, 21.4609433 ], [ 80.7275946, 21.4962209 ], [ 80.7407762, 21.5392495 ], [ 80.7170591, 21.6024998 ], [ 80.7188691, 21.6459904 ], [ 80.7474613, 21.7555674 ], [ 80.803886, 21.7447877 ], [ 80.8385889, 21.8003473 ], [ 80.8439436, 21.88071 ], [ 80.8344621, 21.8853047 ], [ 80.8330482, 21.8979344 ], [ 80.8347958, 21.9030757 ], [ 80.8342824, 21.9049179 ], [ 80.8353637, 21.9057694 ], [ 80.834415, 21.9062411 ], [ 80.8324256, 21.9085547 ], [ 80.8355462, 21.9108517 ], [ 80.8358886, 21.9147215 ], [ 80.8400686, 21.9194121 ], [ 80.8402296, 21.9234353 ], [ 80.8465662, 21.9274623 ], [ 80.8516962, 21.9579208 ], [ 80.8758781, 22.0134672 ], [ 80.8757841, 22.0385581 ], [ 80.8968034, 22.0643673 ], [ 80.9079267, 22.1095969 ], [ 80.949585, 22.117156 ], [ 80.9711061, 22.0866912 ], [ 80.9690902, 22.0587522 ], [ 80.980887, 22.0542793 ], [ 80.9835275, 22.0486242 ], [ 80.9948976, 22.0507748 ], [ 81.0085953, 22.0684362 ], [ 81.0113252, 22.0954948 ], [ 80.9804144, 22.1266248 ], [ 81.0219046, 22.1327542 ], [ 81.0291057, 22.191658 ], [ 81.0234884, 22.2291547 ], [ 81.0483894, 22.2438571 ], [ 81.0895006, 22.247091 ], [ 81.1184227, 22.2905008 ], [ 81.121075499999989, 22.3411721 ], [ 81.1057849, 22.3871322 ], [ 81.1100477, 22.4355546 ], [ 81.1564177, 22.4563997 ], [ 81.171768899999989, 22.4872487 ], [ 81.20015, 22.4628051 ], [ 81.2321807, 22.4521819 ], [ 81.2619227, 22.4721969 ], [ 81.2812587, 22.5029816 ], [ 81.3185129, 22.5167016 ], [ 81.382043900000014, 22.509847 ], [ 81.3964003, 22.4401101 ], [ 81.4229427, 22.447722 ], [ 81.427827, 22.4798419 ], [ 81.4825994, 22.4884573 ], [ 81.4863015, 22.4937874 ], [ 81.4893686, 22.5031962 ], [ 81.4974234, 22.5116716 ], [ 81.4964593, 22.5192619 ], [ 81.567466, 22.5504979 ], [ 81.604976, 22.5346409 ], [ 81.6600302, 22.5699523 ], [ 81.6464795, 22.5934381 ], [ 81.683301899999989, 22.6469384 ], [ 81.7131265, 22.6481215 ], [ 81.7286388, 22.6764675 ], [ 81.7429763, 22.6725701 ], [ 81.7545559, 22.646432 ], [ 81.7716133, 22.6764358 ], [ 81.7522518, 22.7267146 ], [ 81.7943774, 22.7664927 ], [ 81.766966599999989, 22.8343947 ], [ 81.7756689, 22.8744691 ], [ 81.8616117, 22.8892943 ], [ 81.9189065, 22.9465792 ], [ 81.9462922, 22.9568128 ], [ 81.9504659, 22.9829612 ], [ 81.9214865, 23.0408478 ], [ 81.9295339, 23.0616761 ], [ 81.9694762, 23.0809718 ], [ 82.0360233, 23.0811001 ], [ 82.067259299999989, 23.1161143 ], [ 82.1110783, 23.1093839 ], [ 82.1613429, 23.143151 ], [ 82.1451479, 23.1634465 ], [ 82.1455356, 23.2266381 ], [ 82.174337400000013, 23.2687388 ], [ 82.1929381, 23.2771708 ], [ 82.1988326, 23.3122422 ], [ 82.191707, 23.3269198 ], [ 82.1681072, 23.3325447 ], [ 82.1464162, 23.3608455 ], [ 82.1194146, 23.3540198 ], [ 82.11257, 23.3864336 ], [ 82.1015028, 23.3980723 ], [ 82.070069, 23.3910476 ], [ 82.056917, 23.3769732 ], [ 81.9848983, 23.4149493 ], [ 81.976449, 23.4523052 ], [ 81.923271, 23.5326928 ], [ 81.8812409, 23.5151012 ], [ 81.8211107, 23.5149765 ], [ 81.80954, 23.5490215 ], [ 81.7582478, 23.549903 ], [ 81.7358153, 23.5660577 ], [ 81.6993862, 23.5219937 ], [ 81.6681042, 23.5329758 ], [ 81.6394018, 23.4783706 ], [ 81.611978, 23.5107142 ], [ 81.6100229, 23.5556732 ], [ 81.5840084, 23.5536057 ], [ 81.5766717, 23.585374 ], [ 81.6114703, 23.6017296 ], [ 81.6203164, 23.6514584 ], [ 81.6551591, 23.6631666 ], [ 81.6840645, 23.6909501 ], [ 81.6958956, 23.721351 ], [ 81.6756946, 23.7572609 ], [ 81.6439763, 23.7730947 ], [ 81.6514334, 23.7990855 ], [ 81.6344075, 23.8357171 ], [ 81.6031688, 23.8537398 ], [ 81.6102319, 23.9041276 ], [ 81.6591776, 23.9175811 ], [ 81.7250302, 23.8446597 ], [ 81.7731428, 23.8164307 ], [ 81.8234157, 23.8079437 ], [ 81.9045366, 23.8447521 ], [ 81.9214592, 23.8709455 ], [ 81.9560664, 23.8529639 ], [ 82.009188, 23.8607972 ], [ 82.0816661, 23.8163706 ], [ 82.1439505, 23.8163786 ], [ 82.2068843, 23.8266311 ], [ 82.2379978, 23.8056519 ], [ 82.2621933, 23.8210752 ], [ 82.33517830000001, 23.8028281 ], [ 82.373936, 23.8120298 ], [ 82.3934621, 23.7999388 ], [ 82.4708288, 23.8106145 ], [ 82.4973848, 23.7849401 ], [ 82.5253211, 23.7841334 ], [ 82.5542327, 23.8262381 ], [ 82.5907986, 23.8221246 ], [ 82.6305134, 23.8388683 ], [ 82.6515519, 23.8555246 ], [ 82.659675299999989, 23.8546968 ], [ 82.668428, 23.8718318 ], [ 82.6615705, 23.9076826 ], [ 82.6989108, 23.9249669 ], [ 82.7523635, 23.9198314 ], [ 82.7554662, 23.9338481 ], [ 82.7782231, 23.9371693 ], [ 82.7986219, 23.9512362 ], [ 82.8016886, 23.9616927 ], [ 82.8056636, 23.9623054 ], [ 82.8103274, 23.9624341 ], [ 82.8103275, 23.9624342 ], [ 82.810312900000014, 23.96288 ] ] ] } },
{ "type": "Feature", "properties": { "STATE.NAME": "Jharkhand", "AREA": 79866.292487999992 }, "geometry": { "type": "Polygon", "coordinates": [ [ [ 87.711367, 25.2576837 ], [ 87.7109934, 25.2602218 ], [ 87.7113936, 25.266765 ], [ 87.7113496, 25.274669 ], [ 87.6932751, 25.2847038 ], [ 87.6919975, 25.311615 ], [ 87.6120377, 25.312822 ], [ 87.5844413, 25.3335976 ], [ 87.574566, 25.3408631 ], [ 87.5711421, 25.3333722 ], [ 87.5518583, 25.3326573 ], [ 87.5431878, 25.2972026 ], [ 87.4872595, 25.2964841 ], [ 87.5008641, 25.2666667 ], [ 87.4739373, 25.2401701 ], [ 87.4629529, 25.1950875 ], [ 87.3918464, 25.2278998 ], [ 87.3708968, 25.2072091 ], [ 87.3345348, 25.2161537 ], [ 87.3183488, 25.1948011 ], [ 87.2955049, 25.0885629 ], [ 87.260813399999989, 25.1044855 ], [ 87.2126515, 25.0911646 ], [ 87.1810864, 25.0658247 ], [ 87.1460972, 25.0089717 ], [ 87.1542227, 24.9754499 ], [ 87.1449621, 24.919242 ], [ 87.157111, 24.8829533 ], [ 87.1093626, 24.8516895 ], [ 87.0894988, 24.8222935 ], [ 87.0768878, 24.8237746 ], [ 87.0743073, 24.8171366 ], [ 87.0772149, 24.8076567 ], [ 87.0804698, 24.7261269 ], [ 87.0542554, 24.6697247 ], [ 87.0510723, 24.608559 ], [ 86.9954354, 24.620354 ], [ 86.9783617, 24.6401182 ], [ 86.9297901, 24.6267737 ], [ 86.9085223, 24.5850496 ], [ 86.859966899999989, 24.5560567 ], [ 86.8112959, 24.568919 ], [ 86.7870157, 24.6164531 ], [ 86.6693826, 24.5661857 ], [ 86.6249142, 24.5901385 ], [ 86.6242219, 24.5999836 ], [ 86.6130813, 24.5988889 ], [ 86.6116217, 24.6040604 ], [ 86.6031843, 24.6019588 ], [ 86.5888932, 24.5890327 ], [ 86.5804632, 24.5667018 ], [ 86.5526276, 24.5443663 ], [ 86.5166736, 24.535366 ], [ 86.500255, 24.4894372 ], [ 86.4912434, 24.4280291 ], [ 86.445280400000016, 24.3678503 ], [ 86.4130233, 24.3802854 ], [ 86.3954539, 24.4153143 ], [ 86.3159239, 24.4422187 ], [ 86.2761333, 24.4659122 ], [ 86.3091636, 24.5111875 ], [ 86.2971661, 24.5333282 ], [ 86.2923757, 24.5878955 ], [ 86.2136297, 24.5943461 ], [ 86.1583051, 24.5867277 ], [ 86.1246056, 24.6112828 ], [ 86.115406800000017, 24.6437338 ], [ 86.1285414, 24.6987478 ], [ 86.0942064, 24.7449161 ], [ 86.0538335, 24.7559472 ], [ 86.0587098, 24.7713308 ], [ 86.0552938, 24.7797387 ], [ 86.0373887, 24.7765477 ], [ 86.0247392, 24.7667437 ], [ 85.980384, 24.7487138 ], [ 85.9702099, 24.7330418 ], [ 85.9203563, 24.7441373 ], [ 85.8896535, 24.7926857 ], [ 85.8200967, 24.808029 ], [ 85.7781164, 24.7965375 ], [ 85.7415641, 24.819835 ], [ 85.7044756, 24.7663243 ], [ 85.7085863, 24.7268412 ], [ 85.6813792, 24.6915884 ], [ 85.6490112, 24.6845867 ], [ 85.6755237, 24.6180394 ], [ 85.669105700000017, 24.5797581 ], [ 85.6152211, 24.5807616 ], [ 85.5679658, 24.5914438 ], [ 85.5720849, 24.5622945 ], [ 85.5238228, 24.5209661 ], [ 85.4910402, 24.5480676 ], [ 85.431955, 24.5315437 ], [ 85.4150894, 24.5396038 ], [ 85.4048083, 24.5415094 ], [ 85.401127699999989, 24.5452431 ], [ 85.3856129, 24.5512803 ], [ 85.3845818, 24.5554514 ], [ 85.3708185, 24.5552592 ], [ 85.3710653, 24.5528015 ], [ 85.3790799, 24.5512118 ], [ 85.3975419, 24.5448178 ], [ 85.3731664, 24.5247966 ], [ 85.2921222, 24.5237465 ], [ 85.2824643, 24.4915269 ], [ 85.2496321, 24.4908392 ], [ 85.2246731, 24.464223 ], [ 85.1615041, 24.4607275 ], [ 85.1739444, 24.420587 ], [ 85.1231709, 24.4019808 ], [ 85.098751299999989, 24.3735432 ], [ 85.0817083, 24.3984502 ], [ 85.078827, 24.4151675 ], [ 85.0618401, 24.4074146 ], [ 85.0314645, 24.415797 ], [ 84.9551926, 24.3715329 ], [ 84.9166002, 24.3733081 ], [ 84.8820359, 24.4246459 ], [ 84.8873809, 24.4631882 ], [ 84.870923499999989, 24.458196 ], [ 84.8329367, 24.4699406 ], [ 84.8387904, 24.5127134 ], [ 84.802188, 24.5306335 ], [ 84.7893937, 24.5073614 ], [ 84.7556425, 24.5000683 ], [ 84.7271814, 24.4692041 ], [ 84.685606299999989, 24.4555766 ], [ 84.6791227, 24.435724 ], [ 84.6771045, 24.4355576 ], [ 84.6725216, 24.4306127 ], [ 84.6712713, 24.4299795 ], [ 84.670702, 24.4280873 ], [ 84.6761441, 24.4247376 ], [ 84.6700415, 24.4082743 ], [ 84.6653419, 24.3915872 ], [ 84.6475147, 24.4016997 ], [ 84.6306992, 24.4050128 ], [ 84.6146454, 24.398726 ], [ 84.5675488, 24.4092098 ], [ 84.5589086, 24.3760442 ], [ 84.5322752, 24.3780767 ], [ 84.5347195, 24.3646583 ], [ 84.5008662, 24.2876069 ], [ 84.4658934, 24.3315793 ], [ 84.4243965, 24.329825 ], [ 84.423138, 24.3340908 ], [ 84.4249173, 24.3429698 ], [ 84.4249449, 24.348987 ], [ 84.427062800000016, 24.354954 ], [ 84.4261182, 24.3572206 ], [ 84.3893295, 24.3801076 ], [ 84.3415735, 24.3935822 ], [ 84.302762, 24.4800346 ], [ 84.327356900000012, 24.4872914 ], [ 84.3000171, 24.5453935 ], [ 84.259017899999989, 24.5342441 ], [ 84.2361289, 24.5495269 ], [ 84.1727831, 24.5451019 ], [ 84.1785796, 24.5052208 ], [ 84.1407163, 24.5005104 ], [ 84.1039151, 24.4809118 ], [ 84.0851104, 24.5135778 ], [ 84.0731278, 24.5673931 ], [ 84.0339851, 24.6297999 ], [ 83.9980383, 24.6382701 ], [ 83.9748213, 24.5913846 ], [ 83.9330074, 24.5473483 ], [ 83.872689600000015, 24.5322013 ], [ 83.8014682, 24.5299499 ], [ 83.7546106, 24.5093778 ], [ 83.7145247, 24.5040375 ], [ 83.6878049, 24.513801 ], [ 83.5959597, 24.5126393 ], [ 83.5520313, 24.5232509 ], [ 83.5376808, 24.5248343 ], [ 83.5198618, 24.524532 ], [ 83.5135614, 24.5255952 ], [ 83.5057699, 24.5256673 ], [ 83.5034466, 24.5255322 ], [ 83.5034465, 24.5255322 ], [ 83.5032947, 24.5254398 ], [ 83.5029653, 24.5252394 ], [ 83.5028454, 24.5251665 ], [ 83.49926, 24.5243255 ], [ 83.4930982, 24.5239477 ], [ 83.4800899, 24.5208752 ], [ 83.4676509, 24.5165159 ], [ 83.430868, 24.5112476 ], [ 83.401522, 24.5034522 ], [ 83.3859274, 24.458033 ], [ 83.4049106, 24.4360172 ], [ 83.4050865, 24.404803 ], [ 83.4300348, 24.3999639 ], [ 83.4478518, 24.3711395 ], [ 83.4336353, 24.339063 ], [ 83.4114316, 24.3398828 ], [ 83.3800482, 24.3131499 ], [ 83.4071819, 24.2888003 ], [ 83.4079544, 24.2627504 ], [ 83.3784553, 24.2290613 ], [ 83.3820619, 24.1951623 ], [ 83.3616787, 24.1556021 ], [ 83.3547296, 24.1268249 ], [ 83.3449229, 24.1108687 ], [ 83.3401699, 24.109032 ], [ 83.3377337, 24.1065834 ], [ 83.3342381, 24.104126 ], [ 83.329646, 24.101789 ], [ 83.329646, 24.1017888 ], [ 83.329877400000015, 24.1016945 ], [ 83.3302524, 24.1015418 ], [ 83.3323145, 24.1008969 ], [ 83.3371054, 24.0989734 ], [ 83.3497948, 24.0964 ], [ 83.3642182, 24.103333 ], [ 83.3878073, 24.1000228 ], [ 83.4066198, 24.0804922 ], [ 83.4341826, 24.0842503 ], [ 83.4542136, 24.0414989 ], [ 83.5082403, 24.0312042 ], [ 83.5238431, 24.0123631 ], [ 83.5151485, 23.9815295 ], [ 83.5488452, 23.933956 ], [ 83.5688956, 23.8667446 ], [ 83.666529900000015, 23.8443336 ], [ 83.707611, 23.817465 ], [ 83.7377086, 23.7605411 ], [ 83.7460405, 23.7195464 ], [ 83.7235775, 23.6839289 ], [ 83.7589006, 23.6535622 ], [ 83.7770885, 23.6080239 ], [ 83.8169592, 23.5946989 ], [ 83.9397252, 23.570539 ], [ 83.9318773, 23.6204668 ], [ 83.9424912, 23.6260457 ], [ 83.9613147, 23.6252337 ], [ 83.969321, 23.626744 ], [ 83.9727176, 23.6259711 ], [ 83.9733864, 23.6241433 ], [ 83.9735632, 23.6241287 ], [ 83.9741936, 23.6248268 ], [ 83.9751062, 23.6256027 ], [ 83.9754746, 23.6257632 ], [ 83.9771985, 23.6257608 ], [ 83.97993910000001, 23.6249839 ], [ 83.9807085, 23.6251796 ], [ 83.9809334, 23.6337387 ], [ 84.0086679, 23.6279055 ], [ 84.0166991, 23.6084682 ], [ 84.0299906, 23.5996029 ], [ 84.0280262, 23.5456563 ], [ 84.0148744, 23.5041832 ], [ 83.9709765, 23.4669765 ], [ 83.9816679, 23.4223271 ], [ 83.9623152, 23.3854004 ], [ 83.969257399999989, 23.3668729 ], [ 84.0116924, 23.3537469 ], [ 84.0231047, 23.3780059 ], [ 84.0744482, 23.3335529 ], [ 84.0537035, 23.2473539 ], [ 84.0634268, 23.2066421 ], [ 84.0318671, 23.1578844 ], [ 84.0722232, 23.1090011 ], [ 84.0900735, 23.1124688 ], [ 84.1334289, 23.0831457 ], [ 84.126065, 23.0334186 ], [ 84.1469242, 22.9905284 ], [ 84.178282, 22.9798524 ], [ 84.1857699, 23.0271483 ], [ 84.2186774, 22.9793462 ], [ 84.2425444, 22.9833759 ], [ 84.280503, 22.964031 ], [ 84.3280737, 22.9819587 ], [ 84.3804368, 22.9721359 ], [ 84.3961504, 22.9259239 ], [ 84.3714744, 22.8647254 ], [ 84.3347436, 22.861606 ], [ 84.3147402, 22.8006297 ], [ 84.289333, 22.7662857 ], [ 84.259835200000012, 22.7676928 ], [ 84.2295406, 22.7368769 ], [ 84.2380786, 22.6919007 ], [ 84.2210245, 22.6680459 ], [ 84.1500186, 22.6365424 ], [ 84.0839841, 22.638173 ], [ 84.049387700000011, 22.5950121 ], [ 84.0244016, 22.5918593 ], [ 84.002814300000011, 22.5459599 ], [ 84.0099853, 22.5317385 ], [ 84.0096004, 22.5280838 ], [ 84.0114717, 22.5276554 ], [ 84.011685899999989, 22.5273283 ], [ 84.0108657, 22.5269826 ], [ 84.010350300000013, 22.5266529 ], [ 84.0098415, 22.5265579 ], [ 84.0091274, 22.5260525 ], [ 84.0090276, 22.5259818 ], [ 84.0088983, 22.5251958 ], [ 84.0115865, 22.5237558 ], [ 84.0256685, 22.5257101 ], [ 84.0397266, 22.5157257 ], [ 84.057586, 22.515949 ], [ 84.1129592, 22.4765364 ], [ 84.142408, 22.4723448 ], [ 84.1410069, 22.4258888 ], [ 84.1968397, 22.3780844 ], [ 84.2504106, 22.3789608 ], [ 84.2689646, 22.3545029 ], [ 84.3169844, 22.3422654 ], [ 84.3674742, 22.3531532 ], [ 84.4004779, 22.3464131 ], [ 84.4288899, 22.3710301 ], [ 84.4771338, 22.3869416 ], [ 84.5029635, 22.419819 ], [ 84.6288138, 22.4345074 ], [ 84.6665617, 22.4195315 ], [ 84.7500647, 22.4192959 ], [ 84.7590385, 22.4466515 ], [ 84.8034041, 22.4480409 ], [ 84.8357792, 22.4320287 ], [ 84.8800719, 22.4489044 ], [ 84.9094268, 22.4226858 ], [ 84.9543196, 22.45873 ], [ 84.9706742, 22.4516411 ], [ 85.0570067, 22.4861985 ], [ 85.0596726, 22.4486425 ], [ 85.0661084, 22.4304975 ], [ 85.0774907, 22.4182089 ], [ 85.0803343, 22.4096054 ], [ 85.0834871, 22.4061505 ], [ 85.0863214, 22.399963 ], [ 85.0856668, 22.3980866 ], [ 85.0866317, 22.3928827 ], [ 85.086072, 22.3894398 ], [ 85.0877005, 22.3884059 ], [ 85.0877949, 22.3875569 ], [ 85.08682970000001, 22.3824653 ], [ 85.0864415, 22.3814719 ], [ 85.0843307, 22.3784073 ], [ 85.0795997, 22.3698825 ], [ 85.076539400000016, 22.3561341 ], [ 85.0956263, 22.344683 ], [ 85.089285, 22.3196276 ], [ 85.1069959, 22.2957086 ], [ 85.0724199, 22.2761308 ], [ 85.0780976, 22.2578367 ], [ 85.0524309, 22.1950999 ], [ 85.02981410000001, 22.1623858 ], [ 85.0554228, 22.1155787 ], [ 85.0998577, 22.1041986 ], [ 85.1266683, 22.0747711 ], [ 85.1530507, 22.0789205 ], [ 85.2142559, 22.0493949 ], [ 85.239126399999989, 22.0093984 ], [ 85.2812647, 22.0904125 ], [ 85.3230504, 22.127488 ], [ 85.3526778, 22.1287367 ], [ 85.371037, 22.1609759 ], [ 85.412316, 22.1616089 ], [ 85.4945109, 22.119431 ], [ 85.5993596, 22.0783375 ], [ 85.6448596, 22.0946534 ], [ 85.6738633, 22.066692 ], [ 85.6902208, 22.0609066 ], [ 85.7301638, 22.065268 ], [ 85.8073795, 22.1160997 ], [ 85.7772433, 22.0556231 ], [ 85.7833084, 22.031499 ], [ 85.7659971, 21.9949065 ], [ 85.8257116, 21.9750569 ], [ 85.8523519, 21.9834188 ], [ 85.88387, 21.97944 ], [ 85.9008223, 21.9826921 ], [ 85.905605799999989, 21.9725527 ], [ 85.9097542, 21.9727157 ], [ 85.9103361, 21.9765944 ], [ 85.9132659, 21.9777388 ], [ 85.9139068, 21.9799801 ], [ 85.930837, 22.0233331 ], [ 85.9435507, 22.0203532 ], [ 86.0093891, 22.1177837 ], [ 85.9967144, 22.1324401 ], [ 86.0314031, 22.1925144 ], [ 85.9738355, 22.247066 ], [ 85.9884888, 22.2672658 ], [ 86.0053016, 22.2786563 ], [ 86.017089, 22.2972624 ], [ 86.0487431, 22.3079836 ], [ 86.0433111, 22.3120636 ], [ 86.0313635, 22.3072419 ], [ 86.0143428, 22.3217642 ], [ 86.0290217, 22.3343108 ], [ 85.9979815, 22.3448297 ], [ 86.0290986, 22.385767 ], [ 86.018067, 22.4257316 ], [ 85.986435899999989, 22.4351023 ], [ 85.9603043, 22.4613807 ], [ 85.9733596, 22.5058431 ], [ 86.0690779, 22.5559171 ], [ 86.1039966, 22.5008657 ], [ 86.1237181, 22.4886102 ], [ 86.2115393, 22.4714507 ], [ 86.225849599999989, 22.4530274 ], [ 86.2833767, 22.4478264 ], [ 86.3228729, 22.3847679 ], [ 86.3677797, 22.3438407 ], [ 86.4109833, 22.3197963 ], [ 86.4993768, 22.34632 ], [ 86.5530028, 22.298955 ], [ 86.58484, 22.300601 ], [ 86.6514816, 22.2632078 ], [ 86.6560475, 22.2357911 ], [ 86.7269564, 22.2167931 ], [ 86.7269565, 22.216793 ], [ 86.7276358, 22.2163506 ], [ 86.7276359, 22.2163506 ], [ 86.7290826, 22.2158019 ], [ 86.7308202, 22.2153982 ], [ 86.7346727, 22.2150612 ], [ 86.7447131, 22.2159445 ], [ 86.7568688, 22.2112924 ], [ 86.7776792, 22.2367625 ], [ 86.7865392, 22.2365937 ], [ 86.7781739, 22.2180985 ], [ 86.7917325, 22.2221908 ], [ 86.8022275, 22.2179308 ], [ 86.819773200000014, 22.2537357 ], [ 86.8230577, 22.266071 ], [ 86.8490527, 22.2639741 ], [ 86.8589486, 22.2583366 ], [ 86.8636926, 22.260545 ], [ 86.8802514, 22.259257 ], [ 86.8836308, 22.2572178 ], [ 86.8871342, 22.2576179 ], [ 86.8901607, 22.2850478 ], [ 86.8880913, 22.2971384 ], [ 86.8331516, 22.3244789 ], [ 86.843903400000016, 22.4015235 ], [ 86.812955699999989, 22.4191343 ], [ 86.7647487, 22.4266419 ], [ 86.7511815, 22.4827044 ], [ 86.7937381, 22.4776872 ], [ 86.8019669, 22.501764 ], [ 86.7658121, 22.5757034 ], [ 86.7101356, 22.5830657 ], [ 86.6585367, 22.5757013 ], [ 86.6331327, 22.6110396 ], [ 86.6412608, 22.6586837 ], [ 86.5427738, 22.7222103 ], [ 86.5028868, 22.7171771 ], [ 86.4695333, 22.7541133 ], [ 86.4193807, 22.7909966 ], [ 86.4646682, 22.8948847 ], [ 86.447328399999989, 22.9083927 ], [ 86.4362026, 22.9229261 ], [ 86.4427799, 22.9307438 ], [ 86.4781813, 22.946094 ], [ 86.52546, 22.947304 ], [ 86.5491824, 22.9784031 ], [ 86.5205824, 22.9705454 ], [ 86.4976628, 22.9928498 ], [ 86.4255618, 22.9968053 ], [ 86.3939342, 22.9810372 ], [ 86.3639726, 23.0008712 ], [ 86.3379378, 22.9905806 ], [ 86.2932151, 23.0138894 ], [ 86.2243959, 22.994582 ], [ 86.1855465, 23.0052472 ], [ 86.1559953, 23.0329042 ], [ 86.1270435, 23.0868346 ], [ 86.0980759, 23.0854307 ], [ 86.0491729, 23.1060685 ], [ 86.0374769, 23.1471296 ], [ 85.8950732, 23.1550474 ], [ 85.8833826, 23.1959756 ], [ 85.82061, 23.2704406 ], [ 85.8394211, 23.3072964 ], [ 85.8679008, 23.3294508 ], [ 85.8636137, 23.4316416 ], [ 85.87608920000001, 23.4807829 ], [ 85.9090691, 23.4842616 ], [ 85.9502797, 23.4709044 ], [ 86.0256363, 23.4862871 ], [ 86.0397457, 23.5149248 ], [ 86.0167782, 23.5475377 ], [ 86.042012, 23.5861916 ], [ 86.0947161, 23.5631057 ], [ 86.1586226, 23.5594995 ], [ 86.1485102, 23.5245714 ], [ 86.1594932, 23.4684688 ], [ 86.2288342, 23.443355 ], [ 86.2305053, 23.4301135 ], [ 86.2456505, 23.4233465 ], [ 86.2497199, 23.4109042 ], [ 86.2593475, 23.4133352 ], [ 86.2603662, 23.4184976 ], [ 86.2885567, 23.4295062 ], [ 86.3101416, 23.4118423 ], [ 86.3195328, 23.443443 ], [ 86.3505156, 23.4416962 ], [ 86.3600293, 23.4522312 ], [ 86.357865, 23.4625375 ], [ 86.364263, 23.4718401 ], [ 86.3792942, 23.4737705 ], [ 86.3781369, 23.4846319 ], [ 86.3681542, 23.4833635 ], [ 86.3648196, 23.490639 ], [ 86.3643753, 23.5016479 ], [ 86.3673549, 23.5397842 ], [ 86.4487086, 23.6013628 ], [ 86.4464062, 23.6175498 ], [ 86.4905777, 23.6376897 ], [ 86.5270684, 23.6296308 ], [ 86.5991434, 23.66572 ], [ 86.7181712, 23.6991222 ], [ 86.7453101, 23.6799749 ], [ 86.7985326, 23.6883902 ], [ 86.8256923, 23.7775566 ], [ 86.8039744, 23.8024151 ], [ 86.8532972, 23.8257644 ], [ 86.8846032, 23.8658318 ], [ 86.9156674, 23.8832212 ], [ 86.9356972, 23.8522091 ], [ 86.9657488, 23.8654013 ], [ 87.0107567, 23.8525389 ], [ 87.0534776, 23.8226713 ], [ 87.1198759, 23.7977543 ], [ 87.1517287, 23.7987244 ], [ 87.1672631, 23.8251194 ], [ 87.1299524, 23.8535535 ], [ 87.1648891, 23.8651445 ], [ 87.2174039, 23.8298799 ], [ 87.240668, 23.825832 ], [ 87.2438632, 23.8585791 ], [ 87.2951273, 23.9012603 ], [ 87.2848339, 23.9386998 ], [ 87.2916301, 23.9585135 ], [ 87.262427699999989, 23.9672549 ], [ 87.2344259, 24.0324949 ], [ 87.2475398, 24.0452818 ], [ 87.2882095, 24.028528 ], [ 87.3369698, 24.0340193 ], [ 87.3605176, 24.0128512 ], [ 87.4402358, 23.9815965 ], [ 87.5090595, 24.0321886 ], [ 87.5091525, 24.0482112 ], [ 87.4932817, 24.054143 ], [ 87.5018044, 24.0755841 ], [ 87.5017532, 24.0851494 ], [ 87.4906214, 24.0889428 ], [ 87.4958426, 24.0932883 ], [ 87.5003027, 24.1016825 ], [ 87.4995798, 24.1156752 ], [ 87.5110045, 24.1107873 ], [ 87.522060599999989, 24.1122491 ], [ 87.5304832, 24.1073609 ], [ 87.5588362, 24.0814466 ], [ 87.5745873, 24.1124308 ], [ 87.6102363, 24.1329031 ], [ 87.6157383, 24.1657835 ], [ 87.6936731, 24.1485864 ], [ 87.6984124, 24.1872914 ], [ 87.6744021, 24.2075506 ], [ 87.6391617, 24.2139526 ], [ 87.653206200000014, 24.239344 ], [ 87.6619514, 24.2371837 ], [ 87.6621415, 24.2453474 ], [ 87.6717348, 24.2433274 ], [ 87.7001403, 24.2628248 ], [ 87.761467, 24.3082517 ], [ 87.7636395, 24.3379673 ], [ 87.8006549, 24.3820928 ], [ 87.7887052, 24.4154989 ], [ 87.8034205, 24.4542916 ], [ 87.8238306, 24.4584173 ], [ 87.8106804, 24.4770836 ], [ 87.8165447, 24.4897406 ], [ 87.8122029, 24.5081877 ], [ 87.8036871, 24.5085493 ], [ 87.8044958, 24.4976265 ], [ 87.7994767, 24.4936253 ], [ 87.7955747, 24.5039863 ], [ 87.8033995, 24.5160557 ], [ 87.7990986, 24.5258231 ], [ 87.7985515, 24.5391829 ], [ 87.8088132, 24.5474819 ], [ 87.7996748, 24.5652317 ], [ 87.8277614, 24.557818 ], [ 87.8918868, 24.5656348 ], [ 87.8925433, 24.5813829 ], [ 87.9083899, 24.5851683 ], [ 87.9133425, 24.5971599 ], [ 87.9057811, 24.6314497 ], [ 87.917058, 24.6657615 ], [ 87.8905353, 24.675455 ], [ 87.9075417, 24.7216203 ], [ 87.859963, 24.7340744 ], [ 87.852064399999989, 24.7618437 ], [ 87.8966733, 24.8297283 ], [ 87.8907506, 24.8551847 ], [ 87.96111, 24.9226931 ], [ 87.9579708, 24.9699421 ], [ 87.939876400000017, 24.9913691 ], [ 87.895997, 25.0110373 ], [ 87.8766704, 25.0343697 ], [ 87.7946174, 25.0896547 ], [ 87.8014217, 25.1151838 ], [ 87.779220099999989, 25.1436265 ], [ 87.7729023, 25.2057833 ], [ 87.7786682, 25.2505436 ], [ 87.7593172, 25.2523874 ], [ 87.7204079, 25.256592 ], [ 87.7172679, 25.2562371 ], [ 87.713583, 25.257772 ], [ 87.7126088, 25.2576051 ], [ 87.7115365, 25.2576103 ], [ 87.7113682, 25.2576832 ], [ 87.7113681, 25.2576833 ], [ 87.7113671, 25.2576837 ], [ 87.711367, 25.2576837 ] ] ] } },
{ "type": "Feature", "properties": { "STATE.NAME": "Nagaland", "AREA": 16575.69269 }, "geometry": { "type": "Polygon", "coordinates": [ [ [ 93.4538937, 25.3249159 ], [ 93.4534925, 25.3236268 ], [ 93.4533137, 25.32183 ], [ 93.4538375, 25.3211563 ], [ 93.4563895, 25.3193074 ], [ 93.4637323, 25.3141253 ], [ 93.4668633, 25.3116838 ], [ 93.4674489, 25.3110217 ], [ 93.4716485, 25.3041906 ], [ 93.473719, 25.2937058 ], [ 93.5063527, 25.2688169 ], [ 93.5006814, 25.2440526 ], [ 93.5353019, 25.2436545 ], [ 93.5473712, 25.2480774 ], [ 93.5836131, 25.2219049 ], [ 93.5925987, 25.2033484 ], [ 93.6053217, 25.1991054 ], [ 93.6373551, 25.2638708 ], [ 93.6813743, 25.3285493 ], [ 93.7422008, 25.4040407 ], [ 93.7653679, 25.4154444 ], [ 93.8048714, 25.4630876 ], [ 93.8007962, 25.496323 ], [ 93.7580632, 25.5052388 ], [ 93.7590103, 25.5118139 ], [ 93.76363, 25.5220674 ], [ 93.7646429, 25.527917 ], [ 93.7671754, 25.534157 ], [ 93.7703434, 25.5336876 ], [ 93.7751443, 25.5346965 ], [ 93.7802358, 25.5336999 ], [ 93.7861668, 25.5374092 ], [ 93.8157657, 25.5423282 ], [ 93.8344087, 25.5606042 ], [ 93.8884292, 25.5650857 ], [ 93.9545842, 25.5504484 ], [ 93.9832814, 25.5683061 ], [ 94.0046702, 25.5654383 ], [ 94.0022112, 25.585094 ], [ 94.0217313, 25.5902448 ], [ 94.0475718, 25.5759054 ], [ 94.0928046, 25.5296275 ], [ 94.1374846, 25.5182951 ], [ 94.1498635, 25.5431633 ], [ 94.1859451, 25.5316022 ], [ 94.2215733, 25.4908072 ], [ 94.2855642, 25.5058915 ], [ 94.3185476, 25.5025021 ], [ 94.4179694, 25.5383779 ], [ 94.4249841, 25.5865235 ], [ 94.4679635, 25.6135656 ], [ 94.5055251, 25.6141147 ], [ 94.5068556, 25.6238789 ], [ 94.5349003, 25.6423915 ], [ 94.5636148, 25.6754818 ], [ 94.5833205, 25.6575217 ], [ 94.5725022, 25.6377734 ], [ 94.5538885, 25.5026213 ], [ 94.6159747, 25.4624691 ], [ 94.675452, 25.4456105 ], [ 94.6834259, 25.4661576 ], [ 94.8055051, 25.4917763 ], [ 94.8230915, 25.5342164 ], [ 94.8469193, 25.5621712 ], [ 94.8853956, 25.5635727 ], [ 94.8815527, 25.589881 ], [ 94.9148347, 25.6074501 ], [ 94.9248435, 25.6496886 ], [ 94.9890092, 25.707207 ], [ 95.0039604, 25.7289943 ], [ 95.0408493, 25.7423326 ], [ 95.0496313, 25.7926833 ], [ 95.0088513, 25.8669051 ], [ 95.012796, 25.8984482 ], [ 95.0484035, 25.9351773 ], [ 95.0956096, 25.9558307 ], [ 95.1588652, 26.0248183 ], [ 95.1856835, 26.0732995 ], [ 95.1647016, 26.0925398 ], [ 95.1180782, 26.1005756 ], [ 95.1171455, 26.162939 ], [ 95.1423618, 26.2119443 ], [ 95.114438, 26.2334191 ], [ 95.1280967, 26.3017344 ], [ 95.12109, 26.3495815 ], [ 95.1321991, 26.3777416 ], [ 95.0964592, 26.4007401 ], [ 95.103999, 26.4205526 ], [ 95.0729457, 26.4725416 ], [ 95.1141001, 26.5183598 ], [ 95.107217, 26.5414754 ], [ 95.1542719, 26.5828213 ], [ 95.1491073, 26.6160143 ], [ 95.2084545, 26.6478113 ], [ 95.2196998, 26.6609009 ], [ 95.2214429, 26.6656183 ], [ 95.2261778, 26.669824 ], [ 95.2292509, 26.6757032 ], [ 95.2318073, 26.6782205 ], [ 95.2339198, 26.6824585 ], [ 95.2339198, 26.6824586 ], [ 95.2339197, 26.6824586 ], [ 95.2333944, 26.6829141 ], [ 95.232845, 26.6833369 ], [ 95.2321726, 26.6876097 ], [ 95.2301827, 26.6940025 ], [ 95.2328201, 26.705792 ], [ 95.210381, 26.7312421 ], [ 95.2310878, 26.7650549 ], [ 95.1815306, 26.8612652 ], [ 95.2302618, 26.8836912 ], [ 95.2319065, 26.9197074 ], [ 95.2121669, 26.930112 ], [ 95.1914928, 26.984857 ], [ 95.1971677, 27.0018259 ], [ 95.1965997, 27.0077845 ], [ 95.1957718, 27.0186348 ], [ 95.1950132, 27.0264626 ], [ 95.1946456, 27.0313194 ], [ 95.1946455, 27.0313195 ], [ 95.1944862, 27.0313943 ], [ 95.1937102, 27.0313586 ], [ 95.193116, 27.0318191 ], [ 95.1941454, 27.0342237 ], [ 95.1917013, 27.0341392 ], [ 95.1500833, 26.9993384 ], [ 95.1082746, 26.9770344 ], [ 95.0808656, 26.9502014 ], [ 94.982028, 26.913353 ], [ 94.9681681, 26.92274 ], [ 94.9614335, 26.9368688 ], [ 94.9552329, 26.9401486 ], [ 94.8905479, 26.9296386 ], [ 94.8440148, 26.8693523 ], [ 94.8175281, 26.8478143 ], [ 94.7996843, 26.799877 ], [ 94.7680657, 26.7868784 ], [ 94.6937363, 26.7329708 ], [ 94.6245315, 26.7155146 ], [ 94.5903212, 26.6967236 ], [ 94.5391734, 26.7062828 ], [ 94.4925834, 26.6659873 ], [ 94.4598509, 26.6608753 ], [ 94.4497787, 26.6356095 ], [ 94.4041774, 26.6119162 ], [ 94.4122092, 26.5825219 ], [ 94.4113827, 26.5727744 ], [ 94.4057554, 26.5679741 ], [ 94.4069474, 26.5598824 ], [ 94.4045666, 26.5519764 ], [ 94.4015854, 26.5490438 ], [ 94.4015048, 26.5479064 ], [ 94.403441, 26.5453293 ], [ 94.4004348, 26.5427891 ], [ 94.4020201, 26.542175 ], [ 94.3979051, 26.5391522 ], [ 94.3954708, 26.5341118 ], [ 94.3895046, 26.5271311 ], [ 94.3808555, 26.5258998 ], [ 94.3757885, 26.5214232 ], [ 94.3742534, 26.5074966 ], [ 94.2933428, 26.4711958 ], [ 94.2811818, 26.5487456 ], [ 94.2705537, 26.5493746 ], [ 94.2562463, 26.5413216 ], [ 94.2365315, 26.5062348 ], [ 94.1851366, 26.4585332 ], [ 94.1718137, 26.4159397 ], [ 94.1715429, 26.3380574 ], [ 94.1196534, 26.3289018 ], [ 94.0473795, 26.2490753 ], [ 94.0317698, 26.1975272 ], [ 94.0077173, 26.182594 ], [ 93.9888833, 26.1334031 ], [ 93.9873492, 26.1292701 ], [ 93.9913578, 26.1280123 ], [ 93.9932824, 26.1181814 ], [ 93.9866645, 26.114003 ], [ 93.9905853, 26.1106013 ], [ 93.994956, 26.1122179 ], [ 93.9970585, 26.1070038 ], [ 93.9891972, 26.0971038 ], [ 93.9893786, 26.0884475 ], [ 93.9816862, 26.0823067 ], [ 93.9849433, 26.0652039 ], [ 93.9623754, 26.0366378 ], [ 93.9540563, 25.96936 ], [ 93.978599, 25.9168288 ], [ 93.9158997, 25.8838009 ], [ 93.8760097, 25.8425782 ], [ 93.8450934, 25.8583897 ], [ 93.8162936, 25.8227126 ], [ 93.7899571, 25.8113262 ], [ 93.7775116, 25.8486071 ], [ 93.7960157, 25.9034905 ], [ 93.7872469, 25.9466815 ], [ 93.7674554, 25.9506128 ], [ 93.7577346, 25.9519728 ], [ 93.7579956, 25.9454469 ], [ 93.7532921, 25.9466842 ], [ 93.7518758, 25.9451575 ], [ 93.7522336, 25.9419489 ], [ 93.7490898, 25.9410211 ], [ 93.7470458, 25.943276 ], [ 93.7453737, 25.9398613 ], [ 93.7455838, 25.9344292 ], [ 93.7391006, 25.9314791 ], [ 93.7350462, 25.9237097 ], [ 93.7297735, 25.9224559 ], [ 93.7281185, 25.9206788 ], [ 93.7259054, 25.9210213 ], [ 93.7154592, 25.9187242 ], [ 93.7083355, 25.918938 ], [ 93.6814116, 25.903902 ], [ 93.7019825, 25.8516424 ], [ 93.6804633, 25.8384466 ], [ 93.677536, 25.8278911 ], [ 93.6390655, 25.8163236 ], [ 93.6176904, 25.7765935 ], [ 93.5839974, 25.7644066 ], [ 93.4812847, 25.6445699 ], [ 93.4248138, 25.630401 ], [ 93.4222058, 25.6200887 ], [ 93.3795454, 25.5840703 ], [ 93.3792016, 25.5765284 ], [ 93.369413, 25.570521 ], [ 93.3660295, 25.5656869 ], [ 93.3614417, 25.5646846 ], [ 93.3617354, 25.563353 ], [ 93.3625366, 25.5622788 ], [ 93.3638056, 25.5614846 ], [ 93.3613576, 25.5600854 ], [ 93.360681, 25.5583206 ], [ 93.3583774, 25.557359 ], [ 93.3547456, 25.5554719 ], [ 93.352068, 25.5600933 ], [ 93.3423553, 25.5598658 ], [ 93.3369885, 25.5529273 ], [ 93.332517, 25.5484804 ], [ 93.3287507, 25.5486643 ], [ 93.3266375, 25.5454139 ], [ 93.3346306, 25.53555 ], [ 93.336596, 25.5343903 ], [ 93.3402628, 25.5329379 ], [ 93.3460928, 25.5338734 ], [ 93.3461928, 25.5311699 ], [ 93.3528642, 25.5281199 ], [ 93.3843966, 25.4695397 ], [ 93.3868126, 25.4662084 ], [ 93.3903175, 25.4645381 ], [ 93.3932997, 25.45895 ], [ 93.3964471, 25.4606105 ], [ 93.4005477, 25.4564575 ], [ 93.4023708, 25.450883 ], [ 93.415453200000016, 25.4450845 ], [ 93.4553284, 25.4344973 ], [ 93.4728892, 25.3860925 ], [ 93.4514836, 25.3540545 ], [ 93.4538937, 25.3249159 ] ] ] } },
{ "type": "Feature", "properties": { "STATE.NAME": "Telangana", "AREA": 112082.593051 }, "geometry": { "type": "Polygon", "coordinates": [ [ [ 77.5514349, 18.2919109 ], [ 77.551435, 18.2919107 ], [ 77.5516243, 18.2918627 ], [ 77.5523185, 18.2915206 ], [ 77.5531217, 18.2912007 ], [ 77.5541569, 18.2908707 ], [ 77.5613904, 18.284943 ], [ 77.5702598, 18.292524 ], [ 77.5818986, 18.2853781 ], [ 77.605466, 18.2813429 ], [ 77.6010487, 18.2773249 ], [ 77.5949353, 18.2653016 ], [ 77.5793983, 18.2558565 ], [ 77.5730604, 18.2394386 ], [ 77.5852706, 18.2195837 ], [ 77.5747028, 18.1765378 ], [ 77.5968905, 18.1559429 ], [ 77.5972537, 18.0871328 ], [ 77.5483826, 18.065207 ], [ 77.5538333, 18.0358176 ], [ 77.6278329, 17.9967844 ], [ 77.6476006, 17.9994984 ], [ 77.6495295, 17.9500133 ], [ 77.6229898, 17.9455195 ], [ 77.6190832, 17.9040572 ], [ 77.570044, 17.8676462 ], [ 77.5674799, 17.8454188 ], [ 77.5149146, 17.8035445 ], [ 77.5090486, 17.7877837 ], [ 77.5123767, 17.7821294 ], [ 77.5264008, 17.7816311 ], [ 77.5598721, 17.7634176 ], [ 77.5686708, 17.7491567 ], [ 77.5563902, 17.7371564 ], [ 77.549168, 17.7362093 ], [ 77.5463785, 17.7330141 ], [ 77.5470679, 17.7284575 ], [ 77.5434955, 17.7286442 ], [ 77.5391916, 17.7278878 ], [ 77.5371547, 17.7285465 ], [ 77.5333273, 17.7276773 ], [ 77.5295239, 17.7256063 ], [ 77.5217595, 17.725923 ], [ 77.4524752, 17.6947043 ], [ 77.4559359, 17.6341795 ], [ 77.4511892, 17.6231955 ], [ 77.4487737, 17.609344 ], [ 77.4448072, 17.6094086 ], [ 77.4461823, 17.5964694 ], [ 77.4434816, 17.592314 ], [ 77.4440957, 17.5843582 ], [ 77.443163, 17.5839652 ], [ 77.4474065, 17.5828931 ], [ 77.4514853, 17.5821733 ], [ 77.4618566, 17.5807551 ], [ 77.4780942, 17.5668059 ], [ 77.4940133, 17.568103 ], [ 77.5284261, 17.5753678 ], [ 77.5506012, 17.5517364 ], [ 77.5938413, 17.5645156 ], [ 77.595663800000011, 17.5365918 ], [ 77.6620495, 17.5228257 ], [ 77.6921681, 17.5017791 ], [ 77.688653, 17.4753444 ], [ 77.652390900000015, 17.4827165 ], [ 77.6148805, 17.4722393 ], [ 77.6143112, 17.4459505 ], [ 77.5762266, 17.4561715 ], [ 77.5130397, 17.4308745 ], [ 77.524863, 17.3647003 ], [ 77.5029999, 17.3571926 ], [ 77.4536479, 17.3739948 ], [ 77.4559555, 17.3309752 ], [ 77.4204593, 17.2376314 ], [ 77.3802288, 17.2225371 ], [ 77.3624865, 17.1638354 ], [ 77.377788, 17.1400989 ], [ 77.4647269, 17.107768 ], [ 77.4966887, 17.0427296 ], [ 77.5022384, 17.009379 ], [ 77.4790925, 16.9945138 ], [ 77.4540527, 16.9139083 ], [ 77.4640941, 16.8506041 ], [ 77.4576427, 16.8282468 ], [ 77.4745332, 16.7812528 ], [ 77.4431846, 16.7625232 ], [ 77.4269823, 16.7285164 ], [ 77.4740841, 16.716572 ], [ 77.4639318, 16.676317 ], [ 77.4188955, 16.6685862 ], [ 77.4190472, 16.6584512 ], [ 77.4276942, 16.656249 ], [ 77.4441676, 16.6392562 ], [ 77.462438, 16.6542853 ], [ 77.4747212, 16.6521287 ], [ 77.4642026, 16.6286358 ], [ 77.467830100000015, 16.6097709 ], [ 77.4611278, 16.5849376 ], [ 77.423791600000015, 16.5688962 ], [ 77.4169197, 16.5173159 ], [ 77.3814714, 16.5157268 ], [ 77.3690468, 16.4886877 ], [ 77.3295983, 16.4859217 ], [ 77.2988746, 16.4961461 ], [ 77.2941393, 16.4767319 ], [ 77.2641528, 16.4726059 ], [ 77.2621096, 16.451855 ], [ 77.2689852, 16.4304784 ], [ 77.2882455, 16.4087186 ], [ 77.3786967, 16.3854282 ], [ 77.4226559, 16.3664422 ], [ 77.4391246, 16.3800967 ], [ 77.489722, 16.3850324 ], [ 77.5882353, 16.3328141 ], [ 77.5956449, 16.3168433 ], [ 77.5048444, 16.2758202 ], [ 77.490138, 16.2552949 ], [ 77.4998339, 16.2178287 ], [ 77.4898213, 16.1196407 ], [ 77.5069454, 16.0789933 ], [ 77.4940288, 16.0370104 ], [ 77.5140788, 16.0080992 ], [ 77.5198384, 15.9669309 ], [ 77.5173912, 15.9451833 ], [ 77.5161795, 15.9389862 ], [ 77.5153095, 15.9355671 ], [ 77.5143153, 15.930702 ], [ 77.5140605, 15.9297424 ], [ 77.5139426, 15.929133 ], [ 77.5134682, 15.9268103 ], [ 77.5134682, 15.9268102 ], [ 77.5149688, 15.9261891 ], [ 77.5193426, 15.9253778 ], [ 77.5338725, 15.9237549 ], [ 77.549021700000011, 15.919136 ], [ 77.6128336, 15.9175343 ], [ 77.6574655, 15.8859384 ], [ 77.7127747, 15.8945321 ], [ 77.8035573, 15.8741527 ], [ 77.8606049, 15.8847066 ], [ 77.8903691, 15.9057835 ], [ 77.9388012, 15.8830908 ], [ 77.975373, 15.8833592 ], [ 77.9970023, 15.8663382 ], [ 78.0088355, 15.8648045 ], [ 78.0255489, 15.9023846 ], [ 78.0835923, 15.840945 ], [ 78.1342566, 15.8366427 ], [ 78.1753805, 15.8580986 ], [ 78.187089899999989, 15.9116601 ], [ 78.2503456, 15.9338505 ], [ 78.2624738, 16.0267343 ], [ 78.3068949, 16.0106724 ], [ 78.326591, 16.0367615 ], [ 78.3654521, 16.0468052 ], [ 78.407925100000014, 16.074834 ], [ 78.4791244, 16.0674258 ], [ 78.5517925, 16.0428289 ], [ 78.6099928, 16.0871536 ], [ 78.6502516, 16.0788346 ], [ 78.6812224, 16.0348187 ], [ 78.7355255, 16.0081818 ], [ 78.7855104, 16.0211763 ], [ 78.8370868, 16.0704049 ], [ 78.8346983, 16.1451911 ], [ 78.8765375, 16.1355616 ], [ 78.8895391, 16.0846874 ], [ 78.9222058, 16.1058751 ], [ 78.9110904, 16.1884574 ], [ 78.9865677, 16.2112456 ], [ 79.0292051, 16.2417729 ], [ 79.1034011, 16.2233703 ], [ 79.1237956, 16.2310527 ], [ 79.1698826, 16.2098775 ], [ 79.215393, 16.2262015 ], [ 79.2305041, 16.2831496 ], [ 79.233833, 16.3358378 ], [ 79.2081325, 16.3801822 ], [ 79.2145032, 16.4847146 ], [ 79.2272637, 16.5238089 ], [ 79.2616593, 16.5669555 ], [ 79.2955365, 16.5630443 ], [ 79.3372348, 16.5820779 ], [ 79.4186598, 16.5802797 ], [ 79.4402628, 16.6148511 ], [ 79.5103899, 16.6357771 ], [ 79.5421092, 16.6322823 ], [ 79.6040169, 16.6723697 ], [ 79.6350144, 16.6611018 ], [ 79.6622018, 16.6866864 ], [ 79.7157495, 16.6891708 ], [ 79.744628600000013, 16.7191196 ], [ 79.78409760000001, 16.7305809 ], [ 79.8124158, 16.6945857 ], [ 79.8588616, 16.7046945 ], [ 79.8855277, 16.6873894 ], [ 79.894227, 16.6492447 ], [ 79.9323678, 16.6313554 ], [ 79.9647827, 16.644994 ], [ 79.9958294, 16.7000546 ], [ 80.030552, 16.7148189 ], [ 80.054967499999989, 16.7446881 ], [ 80.0534656, 16.7632991 ], [ 80.0664643, 16.7864535 ], [ 80.0706138, 16.8017338 ], [ 80.072656900000013, 16.8165259 ], [ 80.0732658, 16.8172327 ], [ 80.0719652, 16.8171714 ], [ 80.0710758, 16.8181328 ], [ 80.0708058, 16.8213431 ], [ 80.0700411, 16.8210206 ], [ 80.0590955, 16.8254525 ], [ 80.0478589, 16.8337407 ], [ 80.046855800000017, 16.8533832 ], [ 80.017051400000014, 16.8542716 ], [ 80.0042644, 16.8800955 ], [ 80.017395800000017, 16.9150147 ], [ 80.0395639, 16.9171127 ], [ 80.055456300000017, 16.9714615 ], [ 80.0915672, 16.9683561 ], [ 80.0951716, 16.9906918 ], [ 80.1402472, 16.9906332 ], [ 80.187297, 17.0199963 ], [ 80.2648885, 16.9972813 ], [ 80.2836572, 17.0072453 ], [ 80.2902836, 16.9811191 ], [ 80.3065972, 16.973836 ], [ 80.3217075, 16.8796741 ], [ 80.3409128, 16.859757 ], [ 80.3409036, 16.8597452 ], [ 80.3412523, 16.8597791 ], [ 80.341891, 16.8597977 ], [ 80.3425719, 16.8597756 ], [ 80.3432294, 16.8598168 ], [ 80.3449435, 16.8597864 ], [ 80.3493913, 16.8591656 ], [ 80.3740737, 16.8524396 ], [ 80.3788845, 16.8188195 ], [ 80.3997152, 16.8335913 ], [ 80.4042237, 16.832092 ], [ 80.4078021, 16.8490297 ], [ 80.4661485, 16.8163968 ], [ 80.4644622, 16.7954955 ], [ 80.5044001, 16.778736 ], [ 80.570247, 16.7680574 ], [ 80.5768786, 16.7771945 ], [ 80.5867809, 16.782328 ], [ 80.5973387, 16.7923672 ], [ 80.607841100000016, 16.7935833 ], [ 80.6105363, 16.7945815 ], [ 80.6076734, 16.7959214 ], [ 80.6053272, 16.7980028 ], [ 80.562854, 16.8328886 ], [ 80.5683123, 16.8694357 ], [ 80.595626700000011, 16.8842947 ], [ 80.6019472, 16.9186372 ], [ 80.5344781, 16.9614121 ], [ 80.498479, 16.955743 ], [ 80.4934527, 16.9274749 ], [ 80.4496748, 16.9548094 ], [ 80.4076589, 16.9640107 ], [ 80.3713634, 16.9758524 ], [ 80.3878611, 17.0093103 ], [ 80.4070423, 17.0158402 ], [ 80.3872715, 17.0713355 ], [ 80.4171525, 17.073493 ], [ 80.4386354, 17.0376277 ], [ 80.464866, 17.0300686 ], [ 80.5054034, 17.0685088 ], [ 80.503932, 17.0918822 ], [ 80.5275913, 17.1189583 ], [ 80.5800244, 17.1531173 ], [ 80.6368886, 17.1284202 ], [ 80.6994537, 17.0838417 ], [ 80.8288251, 17.0528169 ], [ 80.845312, 17.0400168 ], [ 80.8714935, 17.0698847 ], [ 80.8794399, 17.1608792 ], [ 80.923996, 17.157896 ], [ 80.9264541, 17.1831545 ], [ 80.9188909, 17.1902414 ], [ 80.9188785, 17.2197864 ], [ 80.9390207, 17.2199359 ], [ 80.9607532, 17.2039513 ], [ 80.998448, 17.1905104 ], [ 81.037729, 17.1933987 ], [ 81.0555948, 17.2196109 ], [ 81.079564499999989, 17.2155988 ], [ 81.1711875, 17.2309859 ], [ 81.1875937, 17.2549078 ], [ 81.1766572, 17.2877201 ], [ 81.1904085, 17.3248659 ], [ 81.2740259, 17.3172456 ], [ 81.3226339, 17.3745975 ], [ 81.313384, 17.408167 ], [ 81.2455043, 17.4330774 ], [ 81.2117565, 17.4417915 ], [ 81.2026945, 17.4340045 ], [ 81.172325, 17.449094 ], [ 81.1755451, 17.4636871 ], [ 81.1682452, 17.4641621 ], [ 81.1482519, 17.4637037 ], [ 81.1559573, 17.4760452 ], [ 81.1596031, 17.4843527 ], [ 81.124495, 17.5271091 ], [ 81.0992819, 17.5044588 ], [ 81.0800664, 17.5150952 ], [ 81.0148259, 17.5221744 ], [ 80.9983994, 17.5647323 ], [ 80.9693949, 17.5981026 ], [ 80.8554024, 17.6019155 ], [ 80.8657365, 17.6354778 ], [ 80.9110553, 17.6380631 ], [ 80.8857795, 17.6812643 ], [ 80.8855468, 17.7357228 ], [ 80.9463121, 17.7602323 ], [ 81.040563, 17.7476551 ], [ 81.0581635, 17.7331328 ], [ 81.0956478, 17.7622516 ], [ 81.0959956, 17.7745406 ], [ 81.089779, 17.7910869 ], [ 81.087678200000013, 17.7951443 ], [ 81.0864524, 17.7969603 ], [ 81.0860444, 17.7974828 ], [ 81.0855844, 17.798072 ], [ 81.0855842, 17.798072 ], [ 81.0844339, 17.796694 ], [ 81.0790825, 17.7925908 ], [ 81.0732603, 17.786504 ], [ 81.0466145, 17.7823568 ], [ 81.008244, 17.7982753 ], [ 80.9964412, 17.849063 ], [ 80.9983974, 17.9167736 ], [ 80.9884764, 17.94161 ], [ 80.9697599, 18.0472277 ], [ 80.9534355, 18.0820061 ], [ 80.9562178, 18.1335718 ], [ 80.9787388, 18.1541789 ], [ 80.9790274, 18.17879 ], [ 80.9210453, 18.1476641 ], [ 80.8666687, 18.1403009 ], [ 80.8585419, 18.1898296 ], [ 80.8659363, 18.2335048 ], [ 80.8235904, 18.2394516 ], [ 80.8240667, 18.194413 ], [ 80.7991117, 18.1715462 ], [ 80.736829, 18.177222 ], [ 80.7371859, 18.2221144 ], [ 80.7917353, 18.2509331 ], [ 80.7494121, 18.3076476 ], [ 80.7315251, 18.3547912 ], [ 80.7328609, 18.4030491 ], [ 80.6964182, 18.4239632 ], [ 80.70213960000001, 18.4442981 ], [ 80.6563987, 18.4748342 ], [ 80.6057077, 18.5483157 ], [ 80.5353267, 18.5905897 ], [ 80.5147295, 18.6193761 ], [ 80.456633, 18.6298188 ], [ 80.3943502, 18.6058443 ], [ 80.343144099999989, 18.5981145 ], [ 80.3045193, 18.6833997 ], [ 80.2728911, 18.7229916 ], [ 80.2722891, 18.723374 ], [ 80.2709073, 18.7244128 ], [ 80.2648308, 18.7215213 ], [ 80.248482, 18.7063665 ], [ 80.2184669, 18.7078875 ], [ 80.1787098, 18.6832972 ], [ 80.1558463, 18.70064 ], [ 80.1122551, 18.6829067 ], [ 80.0553196, 18.7236056 ], [ 80.0187982, 18.7701666 ], [ 79.973233, 18.7717826 ], [ 79.9214318, 18.8097016 ], [ 79.9139584, 18.8261174 ], [ 79.961612, 18.8666521 ], [ 79.9577695, 18.9362542 ], [ 79.9416299, 18.9921138 ], [ 79.9382855, 19.0406398 ], [ 79.8698241, 19.0422559 ], [ 79.8583684, 19.0958773 ], [ 79.8741618, 19.1243287 ], [ 79.9446299, 19.1671376 ], [ 79.9242288, 19.2154857 ], [ 79.9363614, 19.2641499 ], [ 79.9659371, 19.311058 ], [ 79.9590863, 19.3359631 ], [ 79.9771837, 19.3941979 ], [ 79.9438849, 19.4707323 ], [ 79.9054956, 19.5000345 ], [ 79.8637977, 19.5112047 ], [ 79.832178, 19.5390681 ], [ 79.8163334, 19.5740496 ], [ 79.778613299999989, 19.5996857 ], [ 79.7352522, 19.6049793 ], [ 79.7144169, 19.5868771 ], [ 79.6321715, 19.5751056 ], [ 79.6148411, 19.5607762 ], [ 79.6004699, 19.5095245 ], [ 79.51862, 19.5431253 ], [ 79.5007729, 19.5074056 ], [ 79.4689714, 19.5095894 ], [ 79.4333443, 19.5372716 ], [ 79.405525, 19.5355567 ], [ 79.3657407, 19.5763453 ], [ 79.3183552, 19.5766999 ], [ 79.3068517, 19.596569 ], [ 79.2729606, 19.5988522 ], [ 79.2371355, 19.5571505 ], [ 79.240034799999989, 19.5352526 ], [ 79.207477, 19.506143 ], [ 79.2224263, 19.4675818 ], [ 79.1897334, 19.4591468 ], [ 79.1618415, 19.4878258 ], [ 79.1054015, 19.5223889 ], [ 79.0460251, 19.5483355 ], [ 78.9980456, 19.5400935 ], [ 78.9720304, 19.5896079 ], [ 78.9557667, 19.599738 ], [ 78.9554762, 19.6559427 ], [ 78.9023303, 19.6700434 ], [ 78.851862, 19.6586059 ], [ 78.8599379, 19.6894976 ], [ 78.8409782, 19.761896 ], [ 78.7969489, 19.7600145 ], [ 78.7863152, 19.776532 ], [ 78.7006147, 19.7876455 ], [ 78.6035826, 19.8183675 ], [ 78.5526733, 19.8239658 ], [ 78.4750137, 19.8155034 ], [ 78.4229703, 19.8176266 ], [ 78.387415, 19.8446007 ], [ 78.3806898, 19.8804353 ], [ 78.3368983, 19.8830019 ], [ 78.3070469, 19.9142955 ], [ 78.2997697, 19.8409945 ], [ 78.3364334, 19.8379217 ], [ 78.3646935, 19.7812308 ], [ 78.3431534, 19.7132493 ], [ 78.311841, 19.6910495 ], [ 78.2762058, 19.6924138 ], [ 78.2626692, 19.6650626 ], [ 78.2904825, 19.6459997 ], [ 78.3042491, 19.6078555 ], [ 78.291535, 19.5239061 ], [ 78.309244, 19.4810838 ], [ 78.3043616, 19.4561371 ], [ 78.2687021, 19.4484663 ], [ 78.2445302, 19.4288019 ], [ 78.2199829, 19.4330175 ], [ 78.2025517, 19.4197037 ], [ 78.1924661, 19.4066928 ], [ 78.176212, 19.4122608 ], [ 78.1876949, 19.3945916 ], [ 78.1720836, 19.3597173 ], [ 78.1937231, 19.314474 ], [ 78.176716399999989, 19.2778435 ], [ 78.1753436, 19.2375779 ], [ 78.1428888, 19.2300495 ], [ 78.1170613, 19.2486357 ], [ 78.055699, 19.2371194 ], [ 78.0425301, 19.2706011 ], [ 77.9435395, 19.3427365 ], [ 77.9116839, 19.3163167 ], [ 77.8634516, 19.3041272 ], [ 77.8713707, 19.2538088 ], [ 77.8477469, 19.1895897 ], [ 77.8605199, 19.1803493 ], [ 77.837973, 19.1376481 ], [ 77.8376239, 19.1284308 ], [ 77.8417589, 19.1179185 ], [ 77.8476908, 19.1160001 ], [ 77.8462331, 19.1013089 ], [ 77.8486061, 19.0864977 ], [ 77.8295587, 19.0870613 ], [ 77.8172996, 19.1055296 ], [ 77.8048973, 19.1012285 ], [ 77.8003762, 19.0511166 ], [ 77.7648391, 19.0626496 ], [ 77.7628517, 19.0290257 ], [ 77.7741846, 18.9973724 ], [ 77.7911679, 18.9828126 ], [ 77.8217847, 18.9785033 ], [ 77.816252, 18.9472725 ], [ 77.8324806, 18.9416246 ], [ 77.8586184, 18.9491072 ], [ 77.8432813, 18.9086896 ], [ 77.8843641, 18.904767 ], [ 77.9032587, 18.8666228 ], [ 77.9300872, 18.8587241 ], [ 77.9489272, 18.8432873 ], [ 77.9302947, 18.8224931 ], [ 77.906699, 18.8266952 ], [ 77.8399823, 18.8048185 ], [ 77.7897008, 18.6949469 ], [ 77.7595832, 18.7066543 ], [ 77.7300999, 18.6671853 ], [ 77.7503622, 18.5889106 ], [ 77.7385291, 18.5567856 ], [ 77.7015914, 18.5551676 ], [ 77.6649093, 18.5359661 ], [ 77.652105, 18.5517897 ], [ 77.6396499, 18.5549365 ], [ 77.5964003, 18.5489362 ], [ 77.600467600000016, 18.5272908 ], [ 77.5764008, 18.4867797 ], [ 77.5728925, 18.46981 ], [ 77.5835865, 18.4451312 ], [ 77.5281987, 18.4289076 ], [ 77.5566983, 18.419237 ], [ 77.551634, 18.388893 ], [ 77.5255042, 18.3727 ], [ 77.5316198, 18.3386594 ], [ 77.5580559, 18.3314119 ], [ 77.570511700000012, 18.3181084 ], [ 77.570986300000015, 18.3084608 ], [ 77.5532923, 18.2980865 ], [ 77.5525817, 18.2969725 ], [ 77.5514349, 18.2919109 ] ] ] } },
{ "type": "Feature", "properties": { "STATE.NAME": "West Bengal", "AREA": 85176.426317999998 }, "geometry": { "type": "MultiPolygon", "coordinates": [ [ [ [ 88.5148074, 21.5893234 ], [ 88.4928982, 21.5932732 ], [ 88.4890547, 21.5502694 ], [ 88.5282739, 21.5277718 ], [ 88.545527, 21.5381418 ], [ 88.5348088, 21.5781199 ], [ 88.5148074, 21.5893234 ] ] ], [ [ [ 87.9511975, 21.5925473 ], [ 87.9912378, 21.6277213 ], [ 87.9630508, 21.6437715 ], [ 87.9511975, 21.5925473 ] ] ], [ [ [ 88.8372798, 21.6063664 ], [ 88.8289505, 21.559958 ], [ 88.8669208, 21.5328012 ], [ 88.9063131, 21.5583996 ], [ 88.881324, 21.5902166 ], [ 88.8372798, 21.6063664 ] ] ], [ [ [ 88.7757319, 21.6425483 ], [ 88.7457298, 21.6465212 ], [ 88.7162527, 21.631457 ], [ 88.7057719, 21.6002026 ], [ 88.7288601, 21.5690911 ], [ 88.764628, 21.5664928 ], [ 88.7931098, 21.5826694 ], [ 88.7757319, 21.6425483 ] ] ], [ [ [ 88.583689299999989, 21.6068253 ], [ 88.5189602, 21.6479304 ], [ 88.5135529, 21.5988113 ], [ 88.5409206, 21.5883384 ], [ 88.5602965, 21.5596822 ], [ 88.583689299999989, 21.6068253 ] ] ], [ [ [ 88.1966825, 21.6789082 ], [ 88.180447, 21.6679401 ], [ 88.2046153, 21.603854 ], [ 88.22529, 21.6359056 ], [ 88.2250676, 21.6659924 ], [ 88.1966825, 21.6789082 ] ] ], [ [ [ 88.3211633, 21.6085038 ], [ 88.3433681, 21.6303887 ], [ 88.348076800000015, 21.6847099 ], [ 88.3098346, 21.7055154 ], [ 88.315504, 21.6560462 ], [ 88.3049205, 21.6256101 ], [ 88.3211633, 21.6085038 ] ] ], [ [ [ 88.4007552, 21.7368463 ], [ 88.4023961, 21.7057381 ], [ 88.382706, 21.6813028 ], [ 88.3827904, 21.6485022 ], [ 88.4057323, 21.6064129 ], [ 88.4302089, 21.6254989 ], [ 88.4102271, 21.6513814 ], [ 88.4205509, 21.7028096 ], [ 88.4007552, 21.7368463 ] ] ], [ [ [ 88.5405092, 21.7051679 ], [ 88.5207281, 21.702902 ], [ 88.5304141, 21.6561311 ], [ 88.5661351, 21.6694665 ], [ 88.5405092, 21.7051679 ] ] ], [ [ [ 88.9638979, 21.7415806 ], [ 88.9321921, 21.7455857 ], [ 88.964810899999989, 21.6567732 ], [ 88.9953907, 21.6275559 ], [ 89.0110404, 21.65531 ], [ 88.9830738, 21.6652802 ], [ 88.9874924, 21.6907562 ], [ 88.9638979, 21.7415806 ] ] ], [ [ [ 88.9212552, 21.6324286 ], [ 88.936900600000016, 21.7007794 ], [ 88.8801805, 21.7404411 ], [ 88.866706, 21.7062159 ], [ 88.8915655, 21.6511128 ], [ 88.9212552, 21.6324286 ] ] ], [ [ [ 89.0136673, 21.7804084 ], [ 88.9940784, 21.7873729 ], [ 88.95684, 21.766455 ], [ 88.9765377, 21.7297815 ], [ 89.012369800000016, 21.7141022 ], [ 89.0239498, 21.6349432 ], [ 89.041571800000014, 21.609536 ], [ 89.0727672, 21.6124505 ], [ 89.0930684, 21.6382731 ], [ 89.074345799999989, 21.7036024 ], [ 89.0136673, 21.7804084 ] ] ], [ [ [ 88.8336248, 21.7656049 ], [ 88.7875913, 21.742364 ], [ 88.7798103, 21.7176978 ], [ 88.8190628, 21.7058459 ], [ 88.8211098, 21.667174 ], [ 88.8047736, 21.6345219 ], [ 88.8360262, 21.6194146 ], [ 88.8559993, 21.6532707 ], [ 88.8393234, 21.7192742 ], [ 88.8597729, 21.7625281 ], [ 88.8336248, 21.7656049 ] ] ], [ [ [ 88.446537, 21.7911146 ], [ 88.4255393, 21.7607409 ], [ 88.432001, 21.6966554 ], [ 88.4176983, 21.6550523 ], [ 88.4527764, 21.6111292 ], [ 88.4705461, 21.6746072 ], [ 88.4514335, 21.718811 ], [ 88.4579807, 21.7776613 ], [ 88.446537, 21.7911146 ] ] ], [ [ [ 88.1233467, 21.6808381 ], [ 88.1350683, 21.6995038 ], [ 88.1214471, 21.7385185 ], [ 88.1302515, 21.756696 ], [ 88.1033821, 21.785451 ], [ 88.0738213, 21.7525778 ], [ 88.0325901, 21.6876039 ], [ 88.0438334, 21.6435636 ], [ 88.1206841, 21.6238147 ], [ 88.1468608, 21.6451424 ], [ 88.1233467, 21.6808381 ] ] ], [ [ [ 88.5541818, 21.7621212 ], [ 88.5677014, 21.7920763 ], [ 88.5526132, 21.8094192 ], [ 88.519769, 21.7913652 ], [ 88.5089015, 21.7440255 ], [ 88.5198761, 21.7250968 ], [ 88.6068717, 21.6771197 ], [ 88.5541818, 21.7621212 ] ] ], [ [ [ 88.8944835, 21.7863769 ], [ 88.8809687, 21.7992318 ], [ 88.870902, 21.8526124 ], [ 88.8449438, 21.8581606 ], [ 88.835957400000012, 21.7884617 ], [ 88.8665113, 21.7797381 ], [ 88.8828012, 21.7524477 ], [ 88.8980486, 21.7531605 ], [ 88.8944835, 21.7863769 ] ] ], [ [ [ 88.7770802, 21.8696753 ], [ 88.7425966, 21.8960179 ], [ 88.7137513, 21.9015524 ], [ 88.6957823, 21.859558 ], [ 88.711926, 21.8090177 ], [ 88.6928469, 21.7410823 ], [ 88.709489, 21.6947795 ], [ 88.7463919, 21.662127 ], [ 88.8048255, 21.6553428 ], [ 88.8055211, 21.6983315 ], [ 88.7550438, 21.707394 ], [ 88.7807204, 21.7378357 ], [ 88.7798688, 21.7708613 ], [ 88.8167113, 21.8225707 ], [ 88.8209394, 21.8684816 ], [ 88.7770802, 21.8696753 ] ] ], [ [ [ 88.3473642, 21.7980496 ], [ 88.3256486, 21.7816047 ], [ 88.3011219, 21.7751232 ], [ 88.308719599999989, 21.7353006 ], [ 88.3429742, 21.7281231 ], [ 88.3473642, 21.7980496 ] ] ], [ [ [ 88.1305161, 21.8736491 ], [ 88.1060395, 21.845649 ], [ 88.0842087, 21.792518 ], [ 88.1114615, 21.7905681 ], [ 88.1382429, 21.7538188 ], [ 88.1279338, 21.730664 ], [ 88.1490615, 21.6806474 ], [ 88.170778700000014, 21.7379071 ], [ 88.1652864, 21.8241499 ], [ 88.1305161, 21.8736491 ] ] ], [ [ [ 88.421127399999989, 21.8073273 ], [ 88.3823168, 21.7819894 ], [ 88.4033896, 21.7389085 ], [ 88.4375409, 21.7895179 ], [ 88.421127399999989, 21.8073273 ] ] ], [ [ [ 88.3593719, 21.8073478 ], [ 88.3516386, 21.853896 ], [ 88.3157094, 21.8541701 ], [ 88.3042635, 21.8305654 ], [ 88.2688843, 21.815171 ], [ 88.2936863, 21.7829792 ], [ 88.3241396, 21.7848131 ], [ 88.3337926, 21.7999119 ], [ 88.3593719, 21.8073478 ] ] ], [ [ [ 88.9807601, 21.8959117 ], [ 88.9561981, 21.8300225 ], [ 88.994857599999989, 21.8161066 ], [ 89.027649, 21.8315566 ], [ 89.0249229, 21.8666015 ], [ 88.9807601, 21.8959117 ] ] ], [ [ [ 88.6317465, 21.8706433 ], [ 88.6144435, 21.8126439 ], [ 88.6410255, 21.7890022 ], [ 88.6516305, 21.8703023 ], [ 88.6317465, 21.8706433 ] ] ], [ [ [ 88.939991, 21.9172837 ], [ 88.9153072, 21.9329776 ], [ 88.8942286, 21.9147187 ], [ 88.8506081, 21.9147335 ], [ 88.8635927, 21.8591375 ], [ 88.8771744, 21.8519393 ], [ 88.8883415, 21.802286 ], [ 88.900385899999989, 21.7884934 ], [ 88.900674, 21.762218 ], [ 88.9301915, 21.7708801 ], [ 88.9451495, 21.8008038 ], [ 88.9470669, 21.8518321 ], [ 88.9670077, 21.8680436 ], [ 88.967901700000013, 21.9085418 ], [ 88.939991, 21.9172837 ] ] ], [ [ [ 88.4896577, 21.852268 ], [ 88.4746572, 21.8897592 ], [ 88.4437913, 21.9069841 ], [ 88.4204401, 21.9005255 ], [ 88.4001278, 21.8775616 ], [ 88.3931567, 21.8266018 ], [ 88.4460683, 21.8077097 ], [ 88.4896577, 21.852268 ] ] ], [ [ [ 88.7308488, 21.9238094 ], [ 88.7666289, 21.8814327 ], [ 88.7955836, 21.8788962 ], [ 88.8096446, 21.9130308 ], [ 88.7625909, 21.9282325 ], [ 88.7308488, 21.9238094 ] ] ], [ [ [ 88.6373212, 21.9217877 ], [ 88.6262715, 21.8987115 ], [ 88.6515724, 21.877538 ], [ 88.6674187, 21.9133562 ], [ 88.6373212, 21.9217877 ] ] ], [ [ [ 87.711367, 25.2576837 ], [ 87.711367, 25.2576836 ], [ 87.711367, 25.2576835 ], [ 87.711368, 25.2576831 ], [ 87.7113681, 25.257683 ], [ 87.7115365, 25.2576101 ], [ 87.7126089, 25.2576049 ], [ 87.713583, 25.2577718 ], [ 87.7172679, 25.2562369 ], [ 87.7204079, 25.2565918 ], [ 87.7593172, 25.2523872 ], [ 87.778668, 25.2505435 ], [ 87.7729021, 25.2057832 ], [ 87.7792199, 25.1436264 ], [ 87.801421499999989, 25.1151838 ], [ 87.7946172, 25.0896547 ], [ 87.8766702, 25.0343696 ], [ 87.8959969, 25.0110372 ], [ 87.9398763, 24.9913689 ], [ 87.9579706, 24.969942 ], [ 87.9611098, 24.9226931 ], [ 87.890750400000016, 24.8551849 ], [ 87.8966731, 24.8297281 ], [ 87.8520645, 24.7618439 ], [ 87.8321434, 24.7866401 ], [ 87.8190037, 24.7539252 ], [ 87.8599629, 24.7340742 ], [ 87.9075416, 24.7216201 ], [ 87.8905351, 24.6754549 ], [ 87.917057899999989, 24.6657614 ], [ 87.905781, 24.6314499 ], [ 87.9133424, 24.5971597 ], [ 87.8925431, 24.581383 ], [ 87.8918866, 24.5656349 ], [ 87.8277615, 24.5578182 ], [ 87.8123135, 24.578846 ], [ 87.7996746, 24.5652316 ], [ 87.808813, 24.5474819 ], [ 87.7985513, 24.5391829 ], [ 87.7990984, 24.5258231 ], [ 87.8033993, 24.5160557 ], [ 87.7955745, 24.5039864 ], [ 87.7994765, 24.4936251 ], [ 87.804496, 24.4976264 ], [ 87.8036873, 24.5085492 ], [ 87.8165446, 24.4897408 ], [ 87.8106802, 24.4770837 ], [ 87.8238304, 24.4584174 ], [ 87.8034204, 24.4542918 ], [ 87.788705, 24.415499 ], [ 87.8006548, 24.382093 ], [ 87.7636393, 24.3379674 ], [ 87.7614669, 24.3082518 ], [ 87.7001402, 24.2628249 ], [ 87.6717346, 24.2433276 ], [ 87.6621415, 24.2453476 ], [ 87.6532064, 24.239344 ], [ 87.646878199999989, 24.2519973 ], [ 87.6359032, 24.2418468 ], [ 87.6461566, 24.2301529 ], [ 87.6391616, 24.2139525 ], [ 87.6744019, 24.2075505 ], [ 87.6984123, 24.1872912 ], [ 87.6936731, 24.1485866 ], [ 87.6157383, 24.1657837 ], [ 87.6102361, 24.132903 ], [ 87.5745871, 24.1124309 ], [ 87.5588362, 24.0814469 ], [ 87.5304832, 24.1073611 ], [ 87.5220608, 24.1122492 ], [ 87.5110046, 24.1107875 ], [ 87.4995799, 24.1156754 ], [ 87.4955424, 24.1123918 ], [ 87.500302499999989, 24.1016825 ], [ 87.4958425, 24.0932884 ], [ 87.4922633, 24.0938057 ], [ 87.4906213, 24.0889426 ], [ 87.4932815, 24.054143 ], [ 87.5090594, 24.0321888 ], [ 87.475541299999989, 24.01239 ], [ 87.4402358, 23.9815967 ], [ 87.3605176, 24.0128514 ], [ 87.3369698, 24.0340195 ], [ 87.2882095, 24.0285282 ], [ 87.2475399, 24.045282 ], [ 87.2344257, 24.032495 ], [ 87.2624276, 23.9672547 ], [ 87.2848338, 23.9387 ], [ 87.2951271, 23.9012604 ], [ 87.243863, 23.8585791 ], [ 87.2406679, 23.8258322 ], [ 87.2174041, 23.82988 ], [ 87.1648892, 23.8651447 ], [ 87.1294177, 23.8689362 ], [ 87.1299523, 23.8535534 ], [ 87.1672629, 23.8251193 ], [ 87.1517285, 23.7987245 ], [ 87.119876, 23.7977545 ], [ 87.0534777, 23.8226714 ], [ 87.0107568, 23.8525391 ], [ 86.9657486, 23.8654014 ], [ 86.9356974, 23.8522092 ], [ 86.9156675, 23.8832214 ], [ 86.884603, 23.8658319 ], [ 86.8532971, 23.8257646 ], [ 86.8039742, 23.8024152 ], [ 86.825692100000012, 23.7775565 ], [ 86.7985326, 23.6883904 ], [ 86.7453102, 23.6799751 ], [ 86.7181712, 23.6991224 ], [ 86.5991432, 23.66572 ], [ 86.5270684, 23.629631 ], [ 86.4905777, 23.6376899 ], [ 86.446406, 23.6175499 ], [ 86.4487084, 23.6013628 ], [ 86.3673547, 23.5397843 ], [ 86.3643751, 23.501648 ], [ 86.3648194, 23.4906391 ], [ 86.3616823, 23.4853311 ], [ 86.3681544, 23.4833633 ], [ 86.3578648, 23.4625377 ], [ 86.3600291, 23.4522314 ], [ 86.3505154, 23.4416964 ], [ 86.319532700000011, 23.4434432 ], [ 86.3101414, 23.4118425 ], [ 86.2885568, 23.4295064 ], [ 86.264125, 23.4308446 ], [ 86.2522935, 23.4268231 ], [ 86.260366, 23.4184974 ], [ 86.24972, 23.4109044 ], [ 86.2456505, 23.4233466 ], [ 86.2305055, 23.4301135 ], [ 86.2288342, 23.4433552 ], [ 86.1594932, 23.468469 ], [ 86.1485104, 23.5245714 ], [ 86.158622799999989, 23.5594995 ], [ 86.094716, 23.5631059 ], [ 86.0420118, 23.5861918 ], [ 86.016778, 23.5475376 ], [ 86.0397454, 23.5149248 ], [ 86.0256363, 23.4862873 ], [ 85.9502797, 23.4709046 ], [ 85.9090691, 23.4842618 ], [ 85.8760891, 23.4807831 ], [ 85.8636135, 23.4316415 ], [ 85.8679007, 23.329451 ], [ 85.8394209, 23.3072966 ], [ 85.8206098, 23.2704407 ], [ 85.8833824, 23.1959756 ], [ 85.8950731, 23.1550472 ], [ 86.0374769, 23.1471294 ], [ 86.0491727, 23.1060683 ], [ 86.0980759, 23.0854305 ], [ 86.1270434, 23.0868345 ], [ 86.1559951, 23.0329041 ], [ 86.1855465, 23.005247 ], [ 86.2243959, 22.9945818 ], [ 86.293215, 23.0138892 ], [ 86.3379379, 22.9905804 ], [ 86.3639726, 23.000871 ], [ 86.3939341, 22.981037 ], [ 86.4255618, 22.9968051 ], [ 86.4976629, 22.9928496 ], [ 86.5205824, 22.9705452 ], [ 86.5254601, 22.9473043 ], [ 86.502902, 22.9514923 ], [ 86.4781814, 22.9460942 ], [ 86.4427797, 22.9307438 ], [ 86.4372851, 22.9269757 ], [ 86.4362025, 22.9229259 ], [ 86.447328399999989, 22.9083925 ], [ 86.464668, 22.8948848 ], [ 86.4193804, 22.7909966 ], [ 86.4695331, 22.7541133 ], [ 86.5028867, 22.717177 ], [ 86.5427739, 22.7222101 ], [ 86.6412606, 22.6586836 ], [ 86.6331325, 22.6110394 ], [ 86.6585366, 22.5757012 ], [ 86.7101356, 22.5830655 ], [ 86.7658119, 22.5757032 ], [ 86.8019667, 22.5017642 ], [ 86.793738, 22.4776874 ], [ 86.7511815, 22.4827046 ], [ 86.7509616, 22.4563795 ], [ 86.7647486, 22.4266417 ], [ 86.812955699999989, 22.4191341 ], [ 86.8439033, 22.4015233 ], [ 86.8331514, 22.3244788 ], [ 86.8760226, 22.3009288 ], [ 86.8880913, 22.2971382 ], [ 86.8901605, 22.2850478 ], [ 86.8873641, 22.2736449 ], [ 86.887134, 22.2576179 ], [ 86.8802515, 22.2592572 ], [ 86.8636925, 22.2605451 ], [ 86.8589486, 22.2583368 ], [ 86.8490526, 22.2639743 ], [ 86.8230575, 22.2660711 ], [ 86.8197731, 22.2537359 ], [ 86.8022273, 22.2179309 ], [ 86.7917324, 22.222191 ], [ 86.7865392, 22.2365939 ], [ 86.7776791, 22.2367627 ], [ 86.7568687, 22.2112926 ], [ 86.7447132, 22.2159447 ], [ 86.7346727, 22.2150614 ], [ 86.7308202, 22.2153984 ], [ 86.7290827, 22.2158021 ], [ 86.7276359, 22.2163508 ], [ 86.7269566, 22.2167932 ], [ 86.7269564, 22.2167931 ], [ 86.7263704, 22.215759 ], [ 86.7259279, 22.2148034 ], [ 86.724157800000015, 22.2105692 ], [ 86.7213883, 22.2013719 ], [ 86.722792, 22.1899393 ], [ 86.7178557, 22.1816291 ], [ 86.7217996, 22.1467514 ], [ 86.8042726, 22.1498795 ], [ 86.8088575, 22.1191655 ], [ 86.8519096, 22.1028787 ], [ 86.960089, 22.0879465 ], [ 86.9925522, 22.0550165 ], [ 87.0281623, 22.037903 ], [ 87.0301408, 21.9837711 ], [ 87.0019459, 21.9130358 ], [ 87.0397253, 21.8674427 ], [ 87.0986016, 21.8658166 ], [ 87.0967378, 21.9144865 ], [ 87.163241, 21.9396334 ], [ 87.1634209, 21.9690991 ], [ 87.2358572, 21.9570628 ], [ 87.2551216, 21.9267181 ], [ 87.2389337, 21.8998782 ], [ 87.2466146, 21.8613442 ], [ 87.2765303, 21.8051784 ], [ 87.3472889, 21.7920724 ], [ 87.3554428, 21.7910665 ], [ 87.358795, 21.781668 ], [ 87.3668991, 21.7805763 ], [ 87.3726846, 21.774788 ], [ 87.3692598, 21.7645996 ], [ 87.374664, 21.7643768 ], [ 87.374043, 21.7720383 ], [ 87.3869243, 21.7758174 ], [ 87.4072881, 21.7691268 ], [ 87.4443805, 21.7682208 ], [ 87.470636200000015, 21.7051628 ], [ 87.4683141, 21.6641267 ], [ 87.4806506, 21.635295 ], [ 87.4857398, 21.6308531 ], [ 87.4832391, 21.6217976 ], [ 87.4862159, 21.6097663 ], [ 87.488035599999989, 21.6105354 ], [ 87.494519, 21.6120213 ], [ 87.5009358, 21.6126159 ], [ 87.5359761, 21.6193539 ], [ 87.5942765, 21.6372134 ], [ 87.6681777, 21.6488374 ], [ 87.8063929, 21.7088517 ], [ 87.8493954, 21.7404695 ], [ 87.8819818, 21.7850204 ], [ 87.9487908, 21.8241944 ], [ 87.9866328, 21.8706752 ], [ 88.0197883, 21.9569237 ], [ 88.0601217, 22.0178955 ], [ 88.0977599, 22.0283488 ], [ 88.1674384, 22.0782134 ], [ 88.1866654, 22.1046089 ], [ 88.1698211, 22.1490852 ], [ 88.1361783, 22.1853869 ], [ 88.0728986, 22.1847232 ], [ 88.1032376, 22.2148023 ], [ 88.1894069, 22.1822099 ], [ 88.2192265, 22.102535 ], [ 88.2134633, 22.0378499 ], [ 88.1877207, 21.9953441 ], [ 88.1455654, 21.9590603 ], [ 88.1646557, 21.9434574 ], [ 88.1641092, 21.8836306 ], [ 88.1917506, 21.8478575 ], [ 88.212098, 21.7831018 ], [ 88.2101211, 21.7249598 ], [ 88.2360091, 21.6450427 ], [ 88.2187502, 21.6092678 ], [ 88.2570575, 21.5574028 ], [ 88.3024147, 21.586444 ], [ 88.2861812, 21.6105395 ], [ 88.3021547, 21.678752 ], [ 88.2757458, 21.7214397 ], [ 88.2813984, 21.7573635 ], [ 88.2559374, 21.8010231 ], [ 88.261637, 21.817333 ], [ 88.29529, 21.8325431 ], [ 88.3060021, 21.8604265 ], [ 88.3546588, 21.8675244 ], [ 88.3632888, 21.8037999 ], [ 88.3864315, 21.8088193 ], [ 88.3846625, 21.8711223 ], [ 88.4101221, 21.9047602 ], [ 88.4316586, 21.9096485 ], [ 88.4604695, 21.9292969 ], [ 88.456662799999989, 21.9038906 ], [ 88.47071, 21.9010222 ], [ 88.5066047, 21.9032185 ], [ 88.4984978, 21.8749591 ], [ 88.53929, 21.8593382 ], [ 88.5463142, 21.9048373 ], [ 88.579564, 21.8919099 ], [ 88.6066865, 21.9180363 ], [ 88.5987443, 21.9822601 ], [ 88.6370674, 22.0437954 ], [ 88.6571077, 22.0243908 ], [ 88.6339586, 21.9955989 ], [ 88.6333013, 21.954824 ], [ 88.6925743, 21.9533592 ], [ 88.705393199999989, 21.9904432 ], [ 88.761730899999989, 22.0291234 ], [ 88.7551054, 21.9818224 ], [ 88.7634545, 21.9551664 ], [ 88.8260186, 21.9413557 ], [ 88.844739, 21.9260488 ], [ 88.9012065, 21.9309874 ], [ 88.9326384, 21.942642 ], [ 89.00765, 21.9027746 ], [ 89.014381899999989, 21.9206539 ], [ 89.0662045, 21.9415615 ], [ 89.0745755, 22.0279966 ], [ 89.0549059, 22.0469629 ], [ 89.0424588, 22.0917191 ], [ 89.071236399999989, 22.1564509 ], [ 89.0687379, 22.1937957 ], [ 89.033208, 22.2593098 ], [ 88.9969009, 22.2844025 ], [ 89.0250807, 22.2984883 ], [ 88.9843889, 22.3306523 ], [ 88.9917845, 22.391107 ], [ 88.9727256, 22.4112465 ], [ 88.9957478, 22.4718275 ], [ 88.9732838, 22.5011733 ], [ 88.9598508, 22.5512922 ], [ 88.9388897, 22.5873057 ], [ 88.9588054, 22.6113753 ], [ 88.931409699999989, 22.6341834 ], [ 88.9605275, 22.6983277 ], [ 88.9274938, 22.7193732 ], [ 88.9122656, 22.7578499 ], [ 88.9585098, 22.7958452 ], [ 88.969503100000011, 22.8439978 ], [ 88.9503146, 22.8760979 ], [ 88.9098787, 22.8798597 ], [ 88.8906988, 22.9285763 ], [ 88.8943007, 22.9531099 ], [ 88.8639016, 23.0027649 ], [ 88.878526, 23.0251195 ], [ 88.8692202, 23.1002564 ], [ 88.890943, 23.1077809 ], [ 88.9315343, 23.1469593 ], [ 88.9421037, 23.2056521 ], [ 88.9115798, 23.2335531 ], [ 88.7784585, 23.2206243 ], [ 88.7185565, 23.2548112 ], [ 88.7095264, 23.2890296 ], [ 88.7450517, 23.3077341 ], [ 88.7375122, 23.3455733 ], [ 88.7656409, 23.3686977 ], [ 88.7496571, 23.4011274 ], [ 88.7654809, 23.4479219 ], [ 88.7531123, 23.4781143 ], [ 88.6543907, 23.5564219 ], [ 88.6506085, 23.5857663 ], [ 88.6015499, 23.6062 ], [ 88.5936465, 23.6399673 ], [ 88.5584307, 23.650164 ], [ 88.568339600000016, 23.6893927 ], [ 88.5723427, 23.7823023 ], [ 88.6022556, 23.8166892 ], [ 88.5866114, 23.831028 ], [ 88.5985124, 23.8692535 ], [ 88.653229, 23.867064 ], [ 88.7062387, 23.9161409 ], [ 88.7354466, 23.9152334 ], [ 88.7406567, 23.9841619 ], [ 88.728382599999989, 23.9984515 ], [ 88.74276, 24.0351527 ], [ 88.723280699999989, 24.0696414 ], [ 88.72656640000001, 24.102888 ], [ 88.7114277, 24.121614 ], [ 88.7468054, 24.1478164 ], [ 88.7321758, 24.1718754 ], [ 88.7412892, 24.2540301 ], [ 88.7260522, 24.2963002 ], [ 88.6834541, 24.3243702 ], [ 88.647508, 24.3109192 ], [ 88.5591959, 24.3081277 ], [ 88.4952168, 24.3296078 ], [ 88.481239699999989, 24.352343 ], [ 88.3825178, 24.3955926 ], [ 88.341599, 24.4381671 ], [ 88.2753997, 24.4596609 ], [ 88.243042300000013, 24.4611039 ], [ 88.1239333, 24.5169673 ], [ 88.109968099999989, 24.5737798 ], [ 88.0773799, 24.6311987 ], [ 88.0244159, 24.6881354 ], [ 88.0616597, 24.721869 ], [ 88.0647885, 24.7506562 ], [ 88.1106838, 24.8137618 ], [ 88.1634118, 24.8505444 ], [ 88.1526681, 24.9064774 ], [ 88.1695032, 24.9497702 ], [ 88.2221048, 24.9599933 ], [ 88.2516315, 24.9334278 ], [ 88.2632423, 24.8920657 ], [ 88.312359500000014, 24.88258 ], [ 88.3411344, 24.9415919 ], [ 88.3804457, 24.939693 ], [ 88.4476976, 25.0414762 ], [ 88.4422994, 25.1154336 ], [ 88.4602092, 25.1401683 ], [ 88.444003200000012, 25.1975205 ], [ 88.473996, 25.2092879 ], [ 88.5593598, 25.1911474 ], [ 88.5784325, 25.1769867 ], [ 88.6190551, 25.2050031 ], [ 88.6744902, 25.1998384 ], [ 88.7149712, 25.2065036 ], [ 88.7985807, 25.1702333 ], [ 88.8314936, 25.2053723 ], [ 88.8651948, 25.1996675 ], [ 88.9127345, 25.1758282 ], [ 88.949812200000011, 25.18 ], [ 88.9560985, 25.2538448 ], [ 89.0050044, 25.2681518 ], [ 89.0087886, 25.294231 ], [ 88.915605500000012, 25.3110626 ], [ 88.9060601, 25.3366554 ], [ 88.8664079, 25.341707 ], [ 88.8400567, 25.3634743 ], [ 88.8296995, 25.489842 ], [ 88.7999764, 25.524248 ], [ 88.707809, 25.4998524 ], [ 88.6996639, 25.4712691 ], [ 88.6460085, 25.4786414 ], [ 88.6085997, 25.5163547 ], [ 88.5560182, 25.5137788 ], [ 88.4931144, 25.561859 ], [ 88.4460478, 25.6150273 ], [ 88.4549684, 25.6632494 ], [ 88.4037898, 25.6714343 ], [ 88.3918726, 25.6925249 ], [ 88.3163891, 25.7527303 ], [ 88.269205, 25.7807617 ], [ 88.2399833, 25.8105222 ], [ 88.199761099999989, 25.7905741 ], [ 88.1158333, 25.8038674 ], [ 88.1019855, 25.827944 ], [ 88.1128467, 25.855128 ], [ 88.093593, 25.8739087 ], [ 88.0868846, 25.916641 ], [ 88.1495071, 26.0189756 ], [ 88.1852105, 26.0641518 ], [ 88.1582773, 26.0970789 ], [ 88.1771463, 26.1478899 ], [ 88.3511255, 26.2221003 ], [ 88.3484776, 26.2821716 ], [ 88.443890599999989, 26.361303 ], [ 88.5018614, 26.3604577 ], [ 88.5085797, 26.4068294 ], [ 88.4956883, 26.4375069 ], [ 88.4607616, 26.4667228 ], [ 88.4146251, 26.4698481 ], [ 88.3728148, 26.4891955 ], [ 88.3534205, 26.4511897 ], [ 88.3306417, 26.4858602 ], [ 88.3493668, 26.5123465 ], [ 88.3764701, 26.5952745 ], [ 88.4095484, 26.6313836 ], [ 88.4301692, 26.5458111 ], [ 88.4830371, 26.539172 ], [ 88.4887279, 26.5089545 ], [ 88.5204003, 26.5082781 ], [ 88.5301014, 26.4783228 ], [ 88.5642585, 26.4553063 ], [ 88.6275135, 26.4390351 ], [ 88.6776949, 26.3904021 ], [ 88.6986033, 26.3312507 ], [ 88.6663706, 26.2918422 ], [ 88.7004346, 26.2770918 ], [ 88.7934402, 26.3103187 ], [ 88.8131311, 26.2972602 ], [ 88.8128884, 26.255664 ], [ 88.839028399999989, 26.2320481 ], [ 88.8757748, 26.2868036 ], [ 88.9263898, 26.2841523 ], [ 88.952831, 26.2419004 ], [ 89.0450007, 26.241193 ], [ 89.0629449, 26.259812 ], [ 89.0043253, 26.3039432 ], [ 88.9826357, 26.3095521 ], [ 88.974781, 26.3512141 ], [ 88.9108319, 26.370395 ], [ 88.9572386, 26.4593424 ], [ 88.9833221, 26.4468931 ], [ 89.0378778, 26.3997246 ], [ 89.0904689, 26.3917475 ], [ 89.1003607, 26.3374904 ], [ 89.1261393, 26.3166306 ], [ 89.1047546, 26.2756237 ], [ 89.1408933, 26.2360099 ], [ 89.1356572, 26.1876375 ], [ 89.1541333, 26.14144 ], [ 89.1919371, 26.1238665 ], [ 89.2197156, 26.1266322 ], [ 89.2742292, 26.0611127 ], [ 89.3569817, 26.0083024 ], [ 89.4282423, 26.0124723 ], [ 89.4626633, 25.9981067 ], [ 89.531808500000011, 26.0036441 ], [ 89.5404241, 25.9699755 ], [ 89.5877857, 25.9802056 ], [ 89.578533299999989, 26.0262589 ], [ 89.6280223, 26.061207 ], [ 89.6286725, 26.1146385 ], [ 89.5976525, 26.1322408 ], [ 89.612599, 26.1779465 ], [ 89.643503, 26.182829 ], [ 89.6353898, 26.2234146 ], [ 89.6786194, 26.2193272 ], [ 89.6845944, 26.1613475 ], [ 89.7084655, 26.1543071 ], [ 89.7128341, 26.1673359 ], [ 89.7173923, 26.1646129 ], [ 89.719525, 26.1658446 ], [ 89.7196029, 26.1658579 ], [ 89.7206121, 26.1660304 ], [ 89.7206122, 26.1660304 ], [ 89.7219687, 26.1667987 ], [ 89.727261, 26.1665239 ], [ 89.7275789, 26.1712712 ], [ 89.7226653, 26.1770272 ], [ 89.7136245, 26.1719247 ], [ 89.7034875, 26.1773968 ], [ 89.7001772, 26.188234 ], [ 89.7027441, 26.1883922 ], [ 89.7092382, 26.1865818 ], [ 89.7131657, 26.1871578 ], [ 89.719271, 26.191881 ], [ 89.7165863, 26.246909 ], [ 89.7338016, 26.2927699 ], [ 89.7826094, 26.3327102 ], [ 89.7810059, 26.3528311 ], [ 89.8330406, 26.38498 ], [ 89.8564163, 26.3849956 ], [ 89.8462468, 26.4047536 ], [ 89.8477602, 26.4222396 ], [ 89.868780199999989, 26.4522447 ], [ 89.8519814, 26.5228187 ], [ 89.8695304, 26.6139861 ], [ 89.8497416, 26.6281051 ], [ 89.864857, 26.6494366 ], [ 89.8633335, 26.6813046 ], [ 89.8556619, 26.6930509 ], [ 89.8540142, 26.6939611 ], [ 89.8529629, 26.6951517 ], [ 89.8518313, 26.6971538 ], [ 89.8510733, 26.6984873 ], [ 89.7993272, 26.7083097 ], [ 89.7637977, 26.6987867 ], [ 89.734371, 26.7257144 ], [ 89.7150441, 26.7201588 ], [ 89.6363391, 26.7505977 ], [ 89.6399483, 26.7773033 ], [ 89.5020065, 26.810587 ], [ 89.4544534, 26.7979312 ], [ 89.428723, 26.835254 ], [ 89.3822392, 26.836434 ], [ 89.3696905, 26.8572741 ], [ 89.315744099999989, 26.8435995 ], [ 89.2560414, 26.8077573 ], [ 89.1718171, 26.8145906 ], [ 89.1288854, 26.8065288 ], [ 89.0938902, 26.8394331 ], [ 89.089372, 26.8893389 ], [ 89.0220063, 26.9227443 ], [ 88.9753879, 26.9128161 ], [ 88.9412033, 26.9309184 ], [ 88.9482982, 26.9669654 ], [ 88.9172833, 26.9980872 ], [ 88.8960159, 26.9691714 ], [ 88.8669018, 26.9930739 ], [ 88.8755246, 27.065002 ], [ 88.8637965, 27.1102214 ], [ 88.7781818, 27.1344857 ], [ 88.7640054, 27.1370074 ], [ 88.7492347, 27.1414254 ], [ 88.7457756, 27.1419309 ], [ 88.7455329, 27.1420254 ], [ 88.7449337, 27.1422585 ], [ 88.7388498, 27.1363122 ], [ 88.7345728, 27.1348187 ], [ 88.7165136, 27.1414696 ], [ 88.7065872, 27.1663966 ], [ 88.6821801, 27.1768469 ], [ 88.6574064, 27.1597283 ], [ 88.5890465, 27.1893283 ], [ 88.5412558, 27.1817561 ], [ 88.5291204, 27.1477644 ], [ 88.4662097, 27.1122312 ], [ 88.4306489, 27.0794492 ], [ 88.3818793, 27.0944449 ], [ 88.3566124, 27.0953386 ], [ 88.3418795, 27.1097468 ], [ 88.3383323, 27.1099349 ], [ 88.3367608, 27.1091988 ], [ 88.3336021, 27.1060841 ], [ 88.3244115, 27.1054799 ], [ 88.3165869, 27.1256372 ], [ 88.278716, 27.1305349 ], [ 88.2322037, 27.1185041 ], [ 88.1816942, 27.1325134 ], [ 88.1536141, 27.109774 ], [ 88.0961555, 27.1334456 ], [ 88.0781919, 27.1725798 ], [ 88.0788386, 27.201252 ], [ 88.0400212, 27.2206175 ], [ 88.0288319, 27.2207329 ], [ 88.0185696, 27.2162487 ], [ 88.0164098, 27.2142647 ], [ 88.014824499999989, 27.2117099 ], [ 88.0148208, 27.211704 ], [ 88.0148208, 27.2117039 ], [ 88.0130009, 27.2022838 ], [ 88.0143618, 27.17565 ], [ 88.0089117, 27.1410319 ], [ 87.994781, 27.1314916 ], [ 88.0398427, 27.0354432 ], [ 88.0798961, 27.0343191 ], [ 88.0902301, 27.007047 ], [ 88.1330743, 26.9823242 ], [ 88.1209623, 26.9504814 ], [ 88.1384426, 26.8974518 ], [ 88.171467299999989, 26.8667209 ], [ 88.1663298, 26.8500035 ], [ 88.1864469, 26.7740359 ], [ 88.1814168, 26.7199025 ], [ 88.1668997, 26.6994266 ], [ 88.1628073, 26.6463824 ], [ 88.130133, 26.6008049 ], [ 88.1301985, 26.5732891 ], [ 88.1121827, 26.5714099 ], [ 88.1052589, 26.5519099 ], [ 88.1054015, 26.55108 ], [ 88.1054016, 26.5510799 ], [ 88.106719, 26.5513769 ], [ 88.108417, 26.5493139 ], [ 88.1133607, 26.5483992 ], [ 88.1349394, 26.5234668 ], [ 88.1665014, 26.5356103 ], [ 88.1892349, 26.5596429 ], [ 88.2354116, 26.5448017 ], [ 88.2126609, 26.5326926 ], [ 88.1823964, 26.5082731 ], [ 88.1983446, 26.4847878 ], [ 88.2257447, 26.4800601 ], [ 88.2346579, 26.4598528 ], [ 88.24198220000001, 26.4566977 ], [ 88.2609268, 26.4196283 ], [ 88.2341262, 26.3917963 ], [ 88.2818539, 26.374935 ], [ 88.2878486, 26.3575529 ], [ 88.2864035, 26.3317949 ], [ 88.256866699999989, 26.3319984 ], [ 88.2276795, 26.2848688 ], [ 88.1569529, 26.2556896 ], [ 88.0920319, 26.2023078 ], [ 88.073249, 26.1751709 ], [ 88.0348091, 26.1791597 ], [ 88.0138294, 26.1492163 ], [ 87.9796735, 26.1442252 ], [ 87.9794828, 26.1305966 ], [ 87.9819104, 26.1278116 ], [ 87.9750205, 26.1219708 ], [ 87.970204099999989, 26.1212235 ], [ 87.9713125, 26.1164747 ], [ 87.975571, 26.1180784 ], [ 87.9843744, 26.1017621 ], [ 87.9497943, 26.0601544 ], [ 87.9064186, 26.0743737 ], [ 87.856783600000014, 26.0246519 ], [ 87.8452438, 25.9624159 ], [ 87.8107974, 25.927963 ], [ 87.8307312, 25.8708509 ], [ 87.8923449, 25.8657924 ], [ 87.9098742, 25.7808564 ], [ 87.9450593, 25.7698668 ], [ 87.9678969, 25.7260559 ], [ 88.0496952, 25.7022496 ], [ 88.050021199999989, 25.667266 ], [ 88.021611, 25.5961522 ], [ 88.0314402, 25.5541481 ], [ 88.0521846, 25.5491962 ], [ 88.0714911, 25.5158055 ], [ 88.0652567, 25.4893581 ], [ 88.030584499999989, 25.4906552 ], [ 87.96619, 25.5363063 ], [ 87.9259809, 25.5387477 ], [ 87.9027436, 25.5047924 ], [ 87.8661422, 25.4969981 ], [ 87.8641347, 25.4763754 ], [ 87.8305733, 25.4619194 ], [ 87.824046, 25.436518 ], [ 87.7870473, 25.4492836 ], [ 87.7643239, 25.3859881 ], [ 87.7895155, 25.3768705 ], [ 87.7842036, 25.3401329 ], [ 87.852364799999989, 25.2951946 ], [ 87.8452109, 25.2633639 ], [ 87.818971, 25.2425299 ], [ 87.7635842, 25.2647883 ], [ 87.7428948, 25.2641484 ], [ 87.711367, 25.2576837 ] ] ] ] } },
{ "type": "Feature", "properties": { "STATE.NAME": "Chhattisgarh", "AREA": 135152.38063 }, "geometry": { "type": "Polygon", "coordinates": [ [ [ 80.6600405, 21.3341072 ], [ 80.6600406, 21.3341072 ], [ 80.6609571, 21.33422 ], [ 80.6619357, 21.3347255 ], [ 80.6631356, 21.3343957 ], [ 80.6657801, 21.3280277 ], [ 80.6712182, 21.325562 ], [ 80.6815857, 21.313483 ], [ 80.6795898, 21.2987525 ], [ 80.6511399, 21.2775831 ], [ 80.6425312, 21.2497494 ], [ 80.6173376, 21.2297074 ], [ 80.5150036, 21.1829382 ], [ 80.4642767, 21.174936 ], [ 80.4610549, 21.1571802 ], [ 80.4530956, 21.1365497 ], [ 80.4471123, 21.1267974 ], [ 80.4462541, 21.1236455 ], [ 80.4448286, 21.1220068 ], [ 80.4451667, 21.120699 ], [ 80.4464856, 21.1047046 ], [ 80.439162, 21.0964653 ], [ 80.4463072, 21.0840296 ], [ 80.4469856, 21.0639503 ], [ 80.454095099999989, 21.0516451 ], [ 80.4497017, 21.0304887 ], [ 80.439286, 21.0268845 ], [ 80.4358201, 21.020134 ], [ 80.4288907, 21.011596 ], [ 80.424186, 21.0091632 ], [ 80.4258206, 21.0058678 ], [ 80.4637118, 20.9290978 ], [ 80.519067300000017, 20.9298458 ], [ 80.5345009, 20.9344877 ], [ 80.5562069, 20.888107 ], [ 80.5586035, 20.8114605 ], [ 80.5492473, 20.7951584 ], [ 80.5600272, 20.7260072 ], [ 80.581808099999989, 20.6972947 ], [ 80.5803685, 20.6730008 ], [ 80.521306, 20.6571757 ], [ 80.4810228, 20.6183858 ], [ 80.5215398, 20.580471 ], [ 80.5645586, 20.6037052 ], [ 80.6014048, 20.608818 ], [ 80.6262809, 20.5672898 ], [ 80.6137784, 20.4359062 ], [ 80.5914808, 20.3929543 ], [ 80.6107459, 20.375088 ], [ 80.626357, 20.3325061 ], [ 80.6105329, 20.3182818 ], [ 80.5460594, 20.305914 ], [ 80.5461935, 20.2975393 ], [ 80.516715, 20.2660643 ], [ 80.4985206, 20.2747916 ], [ 80.4881288, 20.2759599 ], [ 80.3981496, 20.244137 ], [ 80.3952735, 20.2448733 ], [ 80.3952041, 20.2368757 ], [ 80.4056108, 20.2178401 ], [ 80.4212344, 20.1963777 ], [ 80.388538, 20.1650703 ], [ 80.429585, 20.1361205 ], [ 80.460146, 20.1509633 ], [ 80.5055933, 20.1444649 ], [ 80.5523345, 20.1111171 ], [ 80.556654, 20.0698334 ], [ 80.542584, 20.0106337 ], [ 80.5488516, 19.9836868 ], [ 80.523643, 19.9336553 ], [ 80.480751, 19.9342441 ], [ 80.4516877, 19.9571629 ], [ 80.4112625, 19.9383596 ], [ 80.40796, 19.9125804 ], [ 80.4498486, 19.8963183 ], [ 80.493741, 19.9001428 ], [ 80.4694881, 19.8274135 ], [ 80.4317134, 19.8071647 ], [ 80.410372, 19.8161531 ], [ 80.4048782, 19.7937444 ], [ 80.4241627, 19.7991875 ], [ 80.4492969, 19.7897979 ], [ 80.4805811, 19.8275327 ], [ 80.5197529, 19.8317762 ], [ 80.5465247, 19.8177494 ], [ 80.5424919, 19.7833413 ], [ 80.5871849, 19.7410179 ], [ 80.6110564, 19.7382003 ], [ 80.676408, 19.6994118 ], [ 80.6765895, 19.6524612 ], [ 80.6626644, 19.6224049 ], [ 80.6703083, 19.609181 ], [ 80.714679100000012, 19.616572 ], [ 80.769765800000016, 19.5865805 ], [ 80.7754941, 19.5624293 ], [ 80.8366006, 19.5658854 ], [ 80.8570168, 19.5227906 ], [ 80.8955743, 19.5194379 ], [ 80.8943423, 19.467321 ], [ 80.8739728, 19.4450457 ], [ 80.8134286, 19.433604 ], [ 80.811806, 19.4071567 ], [ 80.8529871, 19.3638587 ], [ 80.7743851, 19.3137124 ], [ 80.759949, 19.2914839 ], [ 80.7095107, 19.2816701 ], [ 80.6934409, 19.3145985 ], [ 80.671940600000013, 19.3294716 ], [ 80.6234241, 19.3055656 ], [ 80.5900308, 19.3518019 ], [ 80.5785353, 19.400861 ], [ 80.5385444, 19.3776417 ], [ 80.5204488, 19.3476225 ], [ 80.4855895, 19.3406101 ], [ 80.4378493, 19.2577014 ], [ 80.393854, 19.2448389 ], [ 80.3893436, 19.1814823 ], [ 80.3480626, 19.1599537 ], [ 80.327543, 19.135342 ], [ 80.3396723, 19.0999472 ], [ 80.3294881, 19.0697417 ], [ 80.2965325, 19.0475561 ], [ 80.305179900000013, 19.0271786 ], [ 80.2738307, 18.994545 ], [ 80.274288, 18.9318105 ], [ 80.3263263, 18.8809325 ], [ 80.3544502, 18.8265941 ], [ 80.2969565, 18.7918369 ], [ 80.2747515, 18.7654518 ], [ 80.2443111, 18.7562564 ], [ 80.2592687, 18.7429675 ], [ 80.2704075, 18.7252608 ], [ 80.2726596, 18.72334 ], [ 80.2728909, 18.7229915 ], [ 80.272891, 18.7229915 ], [ 80.3045191, 18.6833996 ], [ 80.343144, 18.5981144 ], [ 80.3943503, 18.6058441 ], [ 80.4566329, 18.6298186 ], [ 80.5147295, 18.6193759 ], [ 80.5353265, 18.5905897 ], [ 80.6057076, 18.5483156 ], [ 80.6563986, 18.474834 ], [ 80.7021395, 18.4442979 ], [ 80.6964181, 18.4239631 ], [ 80.7328607, 18.4030492 ], [ 80.7315249, 18.3547911 ], [ 80.749412, 18.3076474 ], [ 80.7917351, 18.2509332 ], [ 80.7371857, 18.2221145 ], [ 80.7368288, 18.1772219 ], [ 80.7991117, 18.171546 ], [ 80.8240669, 18.1944128 ], [ 80.8235905, 18.2394515 ], [ 80.8659361, 18.2335046 ], [ 80.858541699999989, 18.1898295 ], [ 80.8666686, 18.1403008 ], [ 80.9210454, 18.147664 ], [ 80.9562177, 18.133572 ], [ 80.953435399999989, 18.082006 ], [ 80.9697597, 18.0472277 ], [ 80.9884763, 17.9416099 ], [ 80.9983972, 17.9167735 ], [ 80.996441, 17.849063 ], [ 81.0082438, 17.7982753 ], [ 81.0466145, 17.7823566 ], [ 81.0732604, 17.7865038 ], [ 81.084434, 17.7966939 ], [ 81.0855844, 17.7980719 ], [ 81.0865508, 17.7996126 ], [ 81.0887294, 17.800747 ], [ 81.0913225, 17.8038014 ], [ 81.1024366, 17.8160774 ], [ 81.1227404, 17.8240299 ], [ 81.1683147, 17.8556669 ], [ 81.2002852, 17.8463784 ], [ 81.2653537, 17.8111318 ], [ 81.3547579, 17.8132407 ], [ 81.393349700000016, 17.7946747 ], [ 81.3960715, 17.8199516 ], [ 81.3960713, 17.8199518 ], [ 81.3890538, 17.8299497 ], [ 81.4033245, 17.8497152 ], [ 81.4007159, 17.8942939 ], [ 81.4477722, 17.8891573 ], [ 81.449098, 17.9319648 ], [ 81.4823727, 17.9755359 ], [ 81.4825384, 18.0553527 ], [ 81.5135013, 18.1005726 ], [ 81.5260142, 18.1599842 ], [ 81.5071356, 18.1855436 ], [ 81.5304304, 18.2403101 ], [ 81.5312059, 18.2653315 ], [ 81.5643106, 18.2752266 ], [ 81.6005213, 18.3097136 ], [ 81.6131121, 18.3071615 ], [ 81.6280905, 18.3138728 ], [ 81.6445005, 18.3182106 ], [ 81.6544513, 18.3222212 ], [ 81.6628422, 18.3227211 ], [ 81.6621507, 18.3250101 ], [ 81.65953, 18.3467268 ], [ 81.7502797, 18.3536268 ], [ 81.7688209, 18.4181114 ], [ 81.8572043, 18.493961 ], [ 81.8682297, 18.5249492 ], [ 81.8892491, 18.5381905 ], [ 81.9087891, 18.5380615 ], [ 81.9056427, 18.5611847 ], [ 81.9501744, 18.5699984 ], [ 81.9630117, 18.5948169 ], [ 81.8941295, 18.6427227 ], [ 81.9489251, 18.6437377 ], [ 81.9654412, 18.6934244 ], [ 82.0167232, 18.719523 ], [ 82.084955, 18.7186211 ], [ 82.0935017, 18.7468427 ], [ 82.0887215, 18.7602131 ], [ 82.1109896, 18.7659062 ], [ 82.1208004, 18.7697785 ], [ 82.1563049, 18.7851728 ], [ 82.1689429, 18.8360499 ], [ 82.175400700000012, 18.9013188 ], [ 82.2174532, 18.9222198 ], [ 82.2460339, 18.9191387 ], [ 82.229857, 19.0274391 ], [ 82.2022354, 19.0666654 ], [ 82.2190528, 19.0954248 ], [ 82.1984918, 19.1215336 ], [ 82.1832234, 19.1313895 ], [ 82.1703072, 19.1204407 ], [ 82.167548599999989, 19.1364203 ], [ 82.1733952, 19.1633272 ], [ 82.1616881, 19.2022711 ], [ 82.1584085, 19.2651922 ], [ 82.186021599999989, 19.3374338 ], [ 82.15411, 19.349828 ], [ 82.1792185, 19.3804255 ], [ 82.1892556, 19.4153869 ], [ 82.178169, 19.4366328 ], [ 82.1272792, 19.4305364 ], [ 82.1028057, 19.4661298 ], [ 82.1002398, 19.5166123 ], [ 82.0760125, 19.5236489 ], [ 82.0660654, 19.510861 ], [ 82.0292057, 19.5075635 ], [ 82.0478317, 19.5349857 ], [ 82.039843, 19.597236 ], [ 82.0590039, 19.6281975 ], [ 82.0445744, 19.7005495 ], [ 82.0631874, 19.7577991 ], [ 82.0602091, 19.7963954 ], [ 81.9859352, 19.8011347 ], [ 81.9653619, 19.8369247 ], [ 81.9681198, 19.8599152 ], [ 81.8696406, 19.9025552 ], [ 81.851798, 19.9231674 ], [ 81.8650179, 20.0267224 ], [ 81.8968119, 20.0496115 ], [ 81.9456329, 20.1051883 ], [ 82.0176652, 20.0490214 ], [ 82.0215315, 20.0237536 ], [ 82.0325463, 20.0157655 ], [ 82.0426024, 20.0347017 ], [ 82.0704539, 20.0569928 ], [ 82.1284759, 20.0142458 ], [ 82.1715408, 20.005198 ], [ 82.188201400000011, 19.986238 ], [ 82.2374635, 20.0035001 ], [ 82.2691553, 19.9752825 ], [ 82.3040709, 19.8891937 ], [ 82.3453074, 19.8358531 ], [ 82.4180054, 19.904095 ], [ 82.4847624, 19.9077684 ], [ 82.5045882, 19.8906506 ], [ 82.6037625, 19.8663373 ], [ 82.5757697, 19.8334182 ], [ 82.5832092, 19.7792061 ], [ 82.5944551, 19.7754267 ], [ 82.6033566, 19.7879733 ], [ 82.6271336, 19.7937652 ], [ 82.652140300000013, 19.8321897 ], [ 82.703904, 19.8320374 ], [ 82.7195743, 19.8674571 ], [ 82.7073892, 19.9020648 ], [ 82.7180894, 19.9887648 ], [ 82.7100305, 19.9970369 ], [ 82.6343022, 20.0032914 ], [ 82.5913246, 19.992146 ], [ 82.5510824, 20.016195 ], [ 82.4946871, 20.022794 ], [ 82.4009601, 20.0545521 ], [ 82.390922, 20.1621753 ], [ 82.4121849, 20.1797746 ], [ 82.4233994, 20.2193202 ], [ 82.411261, 20.2602207 ], [ 82.4355437, 20.2856698 ], [ 82.4313734, 20.3128581 ], [ 82.4004375, 20.3392941 ], [ 82.4380103, 20.4342125 ], [ 82.3978479, 20.4727501 ], [ 82.3894415, 20.5170274 ], [ 82.3587384, 20.5278402 ], [ 82.3365347, 20.5538969 ], [ 82.3437116, 20.5957433 ], [ 82.3765397, 20.6324227 ], [ 82.3741279, 20.6673514 ], [ 82.362361299999989, 20.6806392 ], [ 82.3551866, 20.6929943 ], [ 82.3524985, 20.703476 ], [ 82.3514104, 20.7063275 ], [ 82.3534728, 20.7358498 ], [ 82.3425937, 20.7667691 ], [ 82.3395293, 20.8468654 ], [ 82.3603882, 20.8725666 ], [ 82.4063789, 20.8689458 ], [ 82.4108847, 20.8443455 ], [ 82.4279213, 20.8302191 ], [ 82.4549363, 20.826594 ], [ 82.4812346, 20.8495625 ], [ 82.4880803, 20.9086697 ], [ 82.560138400000014, 20.9467262 ], [ 82.5742147, 20.9731693 ], [ 82.6297582, 21.0399873 ], [ 82.6121428, 21.0683248 ], [ 82.6499993, 21.1063687 ], [ 82.6366241, 21.1478968 ], [ 82.6399849, 21.1543747 ], [ 82.6626869, 21.1547248 ], [ 82.6842402, 21.1609612 ], [ 82.6856375, 21.1648766 ], [ 82.6930997, 21.1656467 ], [ 82.6972213, 21.1639751 ], [ 82.6959276, 21.1606084 ], [ 82.6988697, 21.158607 ], [ 82.7155617, 21.1604979 ], [ 82.7210896, 21.1659434 ], [ 82.740689500000016, 21.1634746 ], [ 82.7558959, 21.1669072 ], [ 82.7857365, 21.144773 ], [ 82.8415079, 21.1674249 ], [ 82.8816819, 21.1484623 ], [ 82.9014813, 21.1664995 ], [ 82.9422446, 21.1605359 ], [ 82.9469972, 21.1819321 ], [ 82.9592644, 21.188781 ], [ 82.965038, 21.1931802 ], [ 82.9675368, 21.1829769 ], [ 82.9779739, 21.1824847 ], [ 82.9864733, 21.1681645 ], [ 82.9856852, 21.1495278 ], [ 82.9904262, 21.1397629 ], [ 83.0122187, 21.1448882 ], [ 83.0779195, 21.1118524 ], [ 83.1387794, 21.1094156 ], [ 83.198627, 21.1641627 ], [ 83.2220653, 21.2320384 ], [ 83.2175542, 21.2557276 ], [ 83.2463783, 21.2810682 ], [ 83.2680614, 21.2772964 ], [ 83.2709012, 21.2724313 ], [ 83.2750221, 21.2857181 ], [ 83.2793834, 21.2948658 ], [ 83.262193, 21.3077448 ], [ 83.259077, 21.3375389 ], [ 83.2683628, 21.3451538 ], [ 83.2747449, 21.3641937 ], [ 83.2736529, 21.3680913 ], [ 83.2741798, 21.3773064 ], [ 83.2841653, 21.3802409 ], [ 83.2861717, 21.3775181 ], [ 83.3120332, 21.3704317 ], [ 83.3230879, 21.36231 ], [ 83.3903253, 21.3427466 ], [ 83.4069081, 21.3520405 ], [ 83.397396, 21.3655586 ], [ 83.398697900000016, 21.4052421 ], [ 83.3539976, 21.44801 ], [ 83.3380002, 21.5020178 ], [ 83.372328, 21.5626692 ], [ 83.3697766, 21.600427 ], [ 83.3928281, 21.6272995 ], [ 83.4431556, 21.6554783 ], [ 83.444306, 21.6237458 ], [ 83.4661873, 21.6096918 ], [ 83.486791599999989, 21.6432979 ], [ 83.418146, 21.6798624 ], [ 83.4535573, 21.6945523 ], [ 83.4888027, 21.7480534 ], [ 83.4689782, 21.7868796 ], [ 83.4933234, 21.8181571 ], [ 83.5255955, 21.7981102 ], [ 83.5533042, 21.8407096 ], [ 83.576000800000017, 21.8313392 ], [ 83.5909168, 21.8512146 ], [ 83.574344599999989, 21.8750357 ], [ 83.6057423, 21.9140877 ], [ 83.5372859, 21.9778935 ], [ 83.5555663, 22.0069768 ], [ 83.5402525, 22.0197411 ], [ 83.5501877, 22.0535169 ], [ 83.5903029, 22.0545661 ], [ 83.593764299999989, 22.0731881 ], [ 83.5627112, 22.102961 ], [ 83.6078384, 22.1536871 ], [ 83.6277482, 22.2042484 ], [ 83.6659001, 22.2326746 ], [ 83.705724, 22.2466621 ], [ 83.7578879, 22.2402851 ], [ 83.7795616, 22.2735921 ], [ 83.8253463, 22.2922912 ], [ 83.829864, 22.3234857 ], [ 83.8657952, 22.3430986 ], [ 83.8974889, 22.3379017 ], [ 83.9234271, 22.3583605 ], [ 83.9709725, 22.3590048 ], [ 84.0045632, 22.3735673 ], [ 84.0456377, 22.4631305 ], [ 84.0189081, 22.4882714 ], [ 83.9851223, 22.5002133 ], [ 83.9817636, 22.5228474 ], [ 84.0038404, 22.5317976 ], [ 84.003973, 22.527987 ], [ 84.0064748, 22.5265342 ], [ 84.008342, 22.5260257 ], [ 84.0089774, 22.5260264 ], [ 84.0091275, 22.5260523 ], [ 84.0098416, 22.5265577 ], [ 84.0103504, 22.5266527 ], [ 84.011685899999989, 22.5273281 ], [ 84.0118728, 22.5274864 ], [ 84.0114717, 22.5276556 ], [ 84.0096005, 22.528084 ], [ 84.0099855, 22.5317385 ], [ 84.0028146, 22.5459599 ], [ 84.0244018, 22.5918592 ], [ 84.0493878, 22.5950119 ], [ 84.0839843, 22.6381729 ], [ 84.1500186, 22.6365422 ], [ 84.2210247, 22.6680458 ], [ 84.2380788, 22.6919007 ], [ 84.2295408, 22.7368769 ], [ 84.259835200000012, 22.7676926 ], [ 84.2893332, 22.7662855 ], [ 84.3147402, 22.8006295 ], [ 84.3347437, 22.8616058 ], [ 84.3714745, 22.8647252 ], [ 84.3961505, 22.9259239 ], [ 84.380437, 22.972136 ], [ 84.3280736, 22.9819589 ], [ 84.2805032, 22.9640312 ], [ 84.2425445, 22.983376 ], [ 84.2186776, 22.9793464 ], [ 84.1857698, 23.0271485 ], [ 84.1782818, 22.9798525 ], [ 84.1469244, 22.9905285 ], [ 84.1260652, 23.0334187 ], [ 84.1334291, 23.0831459 ], [ 84.0900735, 23.112469 ], [ 84.0722232, 23.1090013 ], [ 84.0318673, 23.1578844 ], [ 84.063427, 23.2066421 ], [ 84.0537037, 23.2473539 ], [ 84.0744484, 23.3335527 ], [ 84.0516191, 23.3595766 ], [ 84.0231046, 23.3780061 ], [ 84.0116922, 23.353747 ], [ 83.9692576, 23.366873 ], [ 83.9623154, 23.3854003 ], [ 83.9816681, 23.4223271 ], [ 83.9709767, 23.4669764 ], [ 84.0148746, 23.5041831 ], [ 84.0280264, 23.5456562 ], [ 84.0299908, 23.5996028 ], [ 84.0086681, 23.6279054 ], [ 84.0141489, 23.6336965 ], [ 83.9809334, 23.6337389 ], [ 83.9794799, 23.6287743 ], [ 83.980708299999989, 23.6251796 ], [ 83.9799392, 23.6249841 ], [ 83.9771985, 23.625761 ], [ 83.9754746, 23.6257634 ], [ 83.9751061, 23.6256028 ], [ 83.9733866, 23.6241434 ], [ 83.9727178, 23.6259713 ], [ 83.969321, 23.6267442 ], [ 83.9613147, 23.6252339 ], [ 83.9424911, 23.6260459 ], [ 83.9318772, 23.620467 ], [ 83.939725, 23.5705391 ], [ 83.8169594, 23.594699 ], [ 83.7770886, 23.6080241 ], [ 83.758900700000012, 23.6535624 ], [ 83.7235776, 23.683929 ], [ 83.7460406, 23.7195465 ], [ 83.7377088, 23.7605411 ], [ 83.7076112, 23.8174651 ], [ 83.6665301, 23.8443337 ], [ 83.5688958, 23.8667446 ], [ 83.5488454, 23.933956 ], [ 83.5151487, 23.9815295 ], [ 83.5238433, 24.0123632 ], [ 83.5082403, 24.0312044 ], [ 83.4542136, 24.0414991 ], [ 83.4341828, 24.0842505 ], [ 83.3878073, 24.100023 ], [ 83.3642181, 24.1033332 ], [ 83.3497948, 24.0964002 ], [ 83.3371054, 24.0989736 ], [ 83.3323146, 24.1008971 ], [ 83.3298775, 24.1016947 ], [ 83.329877400000015, 24.1016947 ], [ 83.3298364, 24.1016667 ], [ 83.3293678, 24.1013463 ], [ 83.3270446, 24.1023683 ], [ 83.32279, 24.1062945 ], [ 83.282126, 24.0497512 ], [ 83.279123, 24.0182916 ], [ 83.242599, 24.0116024 ], [ 83.2079294, 23.9214111 ], [ 83.1542266, 23.9040582 ], [ 83.1414937, 23.8849359 ], [ 83.075059, 23.8701341 ], [ 83.0542621, 23.8793137 ], [ 82.9542935, 23.870839 ], [ 82.8666651, 23.9247651 ], [ 82.8611191, 23.9389434 ], [ 82.8276158, 23.9621932 ], [ 82.810312900000014, 23.96288 ], [ 82.8103127, 23.96288 ], [ 82.8103273, 23.9624343 ], [ 82.8056636, 23.9623056 ], [ 82.8016885, 23.9616929 ], [ 82.7986217, 23.9512363 ], [ 82.778223, 23.9371695 ], [ 82.7554662, 23.9338483 ], [ 82.7523634, 23.9198316 ], [ 82.6989107, 23.9249671 ], [ 82.6615703, 23.9076827 ], [ 82.6512148, 23.8867964 ], [ 82.668427799999989, 23.8718316 ], [ 82.6305135, 23.8388685 ], [ 82.5907985, 23.8221248 ], [ 82.5542328, 23.8262383 ], [ 82.525321, 23.7841335 ], [ 82.497384700000012, 23.7849403 ], [ 82.4708289, 23.8106147 ], [ 82.3934621, 23.799939 ], [ 82.373936, 23.81203 ], [ 82.3351782, 23.8028283 ], [ 82.2621934, 23.8210754 ], [ 82.2379977, 23.8056521 ], [ 82.2068844, 23.8266312 ], [ 82.1439504, 23.8163788 ], [ 82.0816662, 23.8163708 ], [ 82.0091881, 23.8607973 ], [ 81.9560666, 23.852964 ], [ 81.9214592, 23.8709457 ], [ 81.9045365, 23.8447523 ], [ 81.8234156, 23.8079439 ], [ 81.7731429, 23.8164309 ], [ 81.7250304, 23.8446597 ], [ 81.6904235, 23.8847938 ], [ 81.6875308, 23.9065089 ], [ 81.6591774, 23.9175813 ], [ 81.6102319, 23.9041278 ], [ 81.603168599999989, 23.8537397 ], [ 81.6344074, 23.8357169 ], [ 81.6514332, 23.7990855 ], [ 81.6439761, 23.7730948 ], [ 81.6520187, 23.7653965 ], [ 81.6756946, 23.7572607 ], [ 81.6958954, 23.7213508 ], [ 81.6840644, 23.6909503 ], [ 81.655158899999989, 23.6631667 ], [ 81.6203162, 23.6514584 ], [ 81.6114701, 23.6017296 ], [ 81.5766715, 23.585374 ], [ 81.5840083, 23.5536055 ], [ 81.6100228, 23.555673 ], [ 81.6119778, 23.5107141 ], [ 81.6394018, 23.4783704 ], [ 81.6681042, 23.5329757 ], [ 81.6993862, 23.5219935 ], [ 81.7358154, 23.5660576 ], [ 81.7582477, 23.5499028 ], [ 81.8095398, 23.5490214 ], [ 81.8211106, 23.5149763 ], [ 81.881241, 23.515101 ], [ 81.9232709, 23.5326926 ], [ 81.9764489, 23.452305 ], [ 81.984898199999989, 23.4149492 ], [ 82.0569171, 23.376973 ], [ 82.070069, 23.3910474 ], [ 82.1015029, 23.3980721 ], [ 82.1194145, 23.3540196 ], [ 82.14641610000001, 23.3608454 ], [ 82.1681071, 23.3325446 ], [ 82.1988325, 23.3122423 ], [ 82.1929379, 23.2771709 ], [ 82.1743372, 23.268739 ], [ 82.1455354, 23.226638 ], [ 82.1451478, 23.1634463 ], [ 82.1613427, 23.1431511 ], [ 82.1110784, 23.1093841 ], [ 82.067259299999989, 23.1161145 ], [ 82.0360232, 23.0811003 ], [ 81.9694763, 23.0809719 ], [ 81.9295337, 23.0616761 ], [ 81.9214863, 23.0408478 ], [ 81.9504657, 22.9829611 ], [ 81.946292, 22.9568129 ], [ 81.9189064, 22.9465793 ], [ 81.8616117, 22.8892945 ], [ 81.7756687, 22.8744693 ], [ 81.7669664, 22.8343948 ], [ 81.7943772, 22.7664928 ], [ 81.7522516, 22.7267146 ], [ 81.7716131, 22.6764357 ], [ 81.7286388, 22.6764678 ], [ 81.7131264, 22.6481217 ], [ 81.6833017, 22.6469385 ], [ 81.6464793, 22.593438 ], [ 81.66003, 22.5699522 ], [ 81.604976, 22.5346411 ], [ 81.5674659, 22.5504981 ], [ 81.4964591, 22.519262 ], [ 81.4974232, 22.5116717 ], [ 81.4893685, 22.5031963 ], [ 81.4825995, 22.4884575 ], [ 81.4727835, 22.4937691 ], [ 81.4629969, 22.4930974 ], [ 81.4278269, 22.4798421 ], [ 81.4229426, 22.4477221 ], [ 81.3964004, 22.4401103 ], [ 81.382044, 22.5098471 ], [ 81.3185129, 22.5167018 ], [ 81.2812587, 22.5029818 ], [ 81.2619226, 22.4721971 ], [ 81.2321807, 22.4521821 ], [ 81.20015020000001, 22.4628052 ], [ 81.193509, 22.4909799 ], [ 81.1717687, 22.4872488 ], [ 81.1564174, 22.4563997 ], [ 81.1100475, 22.4355547 ], [ 81.1057847, 22.3871323 ], [ 81.1210754, 22.3411722 ], [ 81.1184225, 22.2905009 ], [ 81.0895005, 22.2470912 ], [ 81.0483893, 22.2438573 ], [ 81.0234882, 22.2291548 ], [ 81.0291055, 22.1916579 ], [ 81.0219045, 22.1327544 ], [ 80.9804143, 22.126625 ], [ 80.979569, 22.1126063 ], [ 80.9915569, 22.1115597 ], [ 81.011325, 22.0954949 ], [ 81.0085951, 22.0684363 ], [ 80.9948974, 22.0507748 ], [ 80.9690904, 22.0587523 ], [ 80.9711062, 22.0866913 ], [ 80.9495851, 22.1171562 ], [ 80.9079266, 22.1095971 ], [ 80.8968032, 22.0643674 ], [ 80.8757839, 22.0385581 ], [ 80.8758779, 22.0134672 ], [ 80.8516962, 21.9579211 ], [ 80.846566, 21.9274624 ], [ 80.8402296, 21.9234355 ], [ 80.8400685, 21.919412 ], [ 80.8358885, 21.9147217 ], [ 80.835546, 21.9108518 ], [ 80.8324256, 21.9085549 ], [ 80.8321623, 21.9067032 ], [ 80.8344152, 21.906241 ], [ 80.8342823, 21.9049181 ], [ 80.8347956, 21.9030758 ], [ 80.833048, 21.8979343 ], [ 80.834462, 21.8853046 ], [ 80.8439434, 21.8807098 ], [ 80.8385887, 21.8003474 ], [ 80.803886, 21.7447879 ], [ 80.7474612, 21.7555675 ], [ 80.7188689, 21.6459903 ], [ 80.7170589, 21.6024997 ], [ 80.740776, 21.5392494 ], [ 80.7275944, 21.4962208 ], [ 80.7352687, 21.4609433 ], [ 80.7072445, 21.4156069 ], [ 80.6711331, 21.3382685 ], [ 80.6647609, 21.3375521 ], [ 80.6616275, 21.3361483 ], [ 80.6610778, 21.3351595 ], [ 80.6606342, 21.3346763 ], [ 80.6603305, 21.3344867 ], [ 80.6600405, 21.3341073 ], [ 80.6600405, 21.3341072 ] ] ] } },
{ "type": "Feature", "properties": { "STATE.NAME": "Jammu and Kashmir", "AREA": 53413.724428999994 }, "geometry": { "type": "Polygon", "coordinates": [ [ [ 75.8343628, 32.5117868 ], [ 75.8343629, 32.5117869 ], [ 75.8332997, 32.5133366 ], [ 75.8339282, 32.5154303 ], [ 75.8413393, 32.5150941 ], [ 75.8412946, 32.5236118 ], [ 75.8761286, 32.5504634 ], [ 75.8809413, 32.5864618 ], [ 75.9158911, 32.6129793 ], [ 75.9185226, 32.6539785 ], [ 75.9011192, 32.6986067 ], [ 75.9260985, 32.7456198 ], [ 75.8907183, 32.7827867 ], [ 75.888808, 32.8032193 ], [ 75.8113189, 32.877847 ], [ 75.8423474, 32.929313 ], [ 75.9245368, 32.9062413 ], [ 75.9539376, 32.8733981 ], [ 76.0320862, 32.9167469 ], [ 76.045638, 32.9378149 ], [ 76.0973072, 32.9643121 ], [ 76.1123063, 33.0063258 ], [ 76.1661344, 33.0070093 ], [ 76.2769469, 33.0369554 ], [ 76.295305, 33.0575545 ], [ 76.2918046, 33.1031887 ], [ 76.3745036, 33.1541812 ], [ 76.4104299, 33.1865579 ], [ 76.4878975, 33.1797367 ], [ 76.5674214, 33.210284 ], [ 76.6052902, 33.2042504 ], [ 76.6184676, 33.1743726 ], [ 76.6700391, 33.1716932 ], [ 76.7469086, 33.1792106 ], [ 76.7758399, 33.2204942 ], [ 76.7788828, 33.2397145 ], [ 76.7738705, 33.241549 ], [ 76.77191830000001, 33.2474921 ], [ 76.7720178, 33.2488776 ], [ 76.7712336, 33.2496295 ], [ 76.7712334, 33.2496295 ], [ 76.7700463, 33.249168 ], [ 76.7692532, 33.2488663 ], [ 76.7676363, 33.2484095 ], [ 76.7542827, 33.248775 ], [ 76.737239, 33.2609793 ], [ 76.717689, 33.328744 ], [ 76.6706271, 33.3420218 ], [ 76.6394429, 33.3928901 ], [ 76.6287162, 33.4348953 ], [ 76.5775931, 33.4296946 ], [ 76.5763089, 33.4530864 ], [ 76.5417451, 33.4700243 ], [ 76.5070232, 33.5102903 ], [ 76.4579478, 33.5371649 ], [ 76.3840224, 33.5524682 ], [ 76.3592251, 33.6033651 ], [ 76.3000839, 33.6009294 ], [ 76.3029773, 33.5676496 ], [ 76.2596022, 33.565113 ], [ 76.2255144, 33.5473821 ], [ 76.2298573, 33.6307742 ], [ 76.269841, 33.6431149 ], [ 76.2711193, 33.7308541 ], [ 76.2389184, 33.7720902 ], [ 76.200797, 33.7752842 ], [ 76.1582988, 33.8081797 ], [ 76.1509089, 33.8361169 ], [ 76.0845617, 33.8882896 ], [ 76.0476506, 33.9290776 ], [ 76.0260786, 33.9934473 ], [ 75.9779182, 34.0005419 ], [ 75.9434682, 33.9873833 ], [ 75.8519439, 33.9813824 ], [ 75.8641421, 34.0125081 ], [ 75.8198569, 34.0452977 ], [ 75.76642, 34.0600065 ], [ 75.7480409, 34.0966291 ], [ 75.712629, 34.1148693 ], [ 75.6870076, 34.1590118 ], [ 75.6989119, 34.2150993 ], [ 75.6551418, 34.2426685 ], [ 75.5949779, 34.1982473 ], [ 75.5797348, 34.2143872 ], [ 75.4971134, 34.2334011 ], [ 75.4743533, 34.2809432 ], [ 75.4060347, 34.2844537 ], [ 75.3769334, 34.3484535 ], [ 75.3720266, 34.4066146 ], [ 75.3196785, 34.4346922 ], [ 75.3458525, 34.5079795 ], [ 75.3410936, 34.5527135 ], [ 75.2454393, 34.6250491 ], [ 75.17500720000001, 34.6455125 ], [ 75.0779251, 34.6383741 ], [ 75.0208181, 34.6260009 ], [ 74.9253363, 34.6634607 ], [ 74.8775745, 34.660741 ], [ 74.7333792, 34.6712107 ], [ 74.6515258, 34.6973847 ], [ 74.606316, 34.7264141 ], [ 74.5934669, 34.7568712 ], [ 74.5525402, 34.7725757 ], [ 74.4606929, 34.7806659 ], [ 74.4364224, 34.7749552 ], [ 74.4202421, 34.8016049 ], [ 74.4573617, 34.8525254 ], [ 74.5301732, 34.8568084 ], [ 74.5677688, 34.8729888 ], [ 74.5763348, 34.9001147 ], [ 74.5715759, 34.9657878 ], [ 74.5872804, 35.0095699 ], [ 74.5354081, 35.031461 ], [ 74.5415947, 35.0666771 ], [ 74.5154206, 35.094754699999989 ], [ 74.4725903, 35.115694 ], [ 74.4397536, 35.1180734 ], [ 74.3802671, 35.0576351 ], [ 74.3084074, 35.0600146 ], [ 74.253204, 35.0374097 ], [ 74.2282197, 35.0826193 ], [ 74.1627844, 35.0861887 ], [ 74.1334845, 35.1074881 ], [ 74.1334844, 35.1074881 ], [ 74.1313756, 35.1060389 ], [ 74.1291011, 35.1050495 ], [ 74.1149169, 35.1042162 ], [ 74.094292, 35.0969777 ], [ 74.0655007, 35.0480224 ], [ 74.1031302, 35.0141769 ], [ 74.0594413, 34.9911139 ], [ 74.0734035, 34.9406033 ], [ 74.043033200000011, 34.9213563 ], [ 74.0294983, 34.8771379 ], [ 73.971936200000016, 34.863233099999988 ], [ 73.9653707, 34.844186 ], [ 73.8966012, 34.8212632 ], [ 73.8429431, 34.8153158 ], [ 73.8203207, 34.7954697 ], [ 73.7729845, 34.7963824 ], [ 73.7305914, 34.7709621 ], [ 73.7057715, 34.7248731 ], [ 73.6695201, 34.6892038 ], [ 73.6894956, 34.6430823 ], [ 73.6593894, 34.6099541 ], [ 73.6181373, 34.5854316 ], [ 73.5527495, 34.5926831 ], [ 73.5347145, 34.577192 ], [ 73.4469764, 34.5737505 ], [ 73.4246033, 34.4418159 ], [ 73.399574, 34.3590123 ], [ 73.4254987, 34.3489577 ], [ 73.492304, 34.2197041 ], [ 73.4882358, 34.1443177 ], [ 73.5141696, 34.0061706 ], [ 73.548829, 33.9310777 ], [ 73.5853814, 33.8990177 ], [ 73.5575982, 33.7831767 ], [ 73.5905037, 33.7537372 ], [ 73.5911013, 33.6996274 ], [ 73.5623859, 33.6754884 ], [ 73.5725887, 33.6179258 ], [ 73.6187637, 33.5771899 ], [ 73.617581, 33.5456371 ], [ 73.5951924, 33.4921544 ], [ 73.624118, 33.4571676 ], [ 73.5888885, 33.4437761 ], [ 73.5577569, 33.368058 ], [ 73.5822329, 33.3289794 ], [ 73.604845, 33.2513281 ], [ 73.6246349, 33.2226954 ], [ 73.6573725, 33.2047586 ], [ 73.6556545, 33.168881 ], [ 73.6297008, 33.1277326 ], [ 73.6309787, 33.0862369 ], [ 73.6877583, 33.0880815 ], [ 73.7344658, 33.0662969 ], [ 73.7394737, 33.0432422 ], [ 73.8056758, 32.9709937 ], [ 73.8218672, 33.005352099999989 ], [ 73.8919822, 33.002441 ], [ 73.9574977, 32.9866001 ], [ 73.9964503, 32.9598203 ], [ 73.9874288, 32.935393 ], [ 74.0514877, 32.9303518 ], [ 74.0545132, 32.9114012 ], [ 74.1773614, 32.8826653 ], [ 74.2165126, 32.844937 ], [ 74.2990029, 32.8240775 ], [ 74.311103, 32.7911422 ], [ 74.353688, 32.7629909 ], [ 74.3828259, 32.7575465 ], [ 74.4021786, 32.7796401 ], [ 74.4596099, 32.7885708 ], [ 74.5099683, 32.7467162 ], [ 74.5541886, 32.7590233 ], [ 74.630568, 32.7665782 ], [ 74.6336212, 32.8096864 ], [ 74.7046028, 32.8418304 ], [ 74.7048407, 32.82105 ], [ 74.6548844, 32.7282294 ], [ 74.6663383, 32.6756136 ], [ 74.651351, 32.5701298 ], [ 74.6896427, 32.5347245 ], [ 74.6805645, 32.4918978 ], [ 74.711351600000015, 32.4781965 ], [ 74.8121457, 32.4797295 ], [ 74.8207117, 32.4970401 ], [ 74.9161816, 32.4644129 ], [ 74.9474548, 32.4472559 ], [ 74.9922483, 32.4511154 ], [ 75.0192704, 32.4677602 ], [ 75.0268656, 32.4964849 ], [ 75.1078596, 32.4599733 ], [ 75.1340395, 32.4278745 ], [ 75.2009018, 32.4201803 ], [ 75.2229965, 32.3948269 ], [ 75.3316594, 32.3269279 ], [ 75.3414075, 32.3460926 ], [ 75.4190074, 32.3200465 ], [ 75.4656585, 32.3269683 ], [ 75.5120973, 32.3079359 ], [ 75.5034133, 32.2916646 ], [ 75.5334261, 32.2776544 ], [ 75.5394799, 32.3362273 ], [ 75.5966669, 32.3776769 ], [ 75.6869888, 32.3905083 ], [ 75.7113761, 32.4110427 ], [ 75.7235323, 32.4101876 ], [ 75.7373452, 32.4296493 ], [ 75.7434543, 32.4329005 ], [ 75.7272613, 32.4457461 ], [ 75.7295231, 32.4531571 ], [ 75.7777235, 32.4656854 ], [ 75.8233145, 32.4950819 ], [ 75.827134, 32.5045473 ], [ 75.8335716, 32.505601 ], [ 75.8317662, 32.5105955 ], [ 75.8343628, 32.5117868 ] ] ] } },
{ "type": "Feature", "properties": { "STATE.NAME": "Assam", "AREA": 78488.795650999993 }, "geometry": { "type": "Polygon", "coordinates": [ [ [ 93.4538939, 25.3249158 ], [ 93.4514838, 25.3540544 ], [ 93.4728894, 25.3860926 ], [ 93.4553285, 25.4344974 ], [ 93.415453200000016, 25.4450847 ], [ 93.402371, 25.4508831 ], [ 93.4005478, 25.4564576 ], [ 93.3964471, 25.4606107 ], [ 93.3843967, 25.4695396 ], [ 93.389081, 25.4742874 ], [ 93.383961, 25.4888439 ], [ 93.3689775, 25.4982774 ], [ 93.3528644, 25.52812 ], [ 93.346193, 25.53117 ], [ 93.3460929, 25.5338736 ], [ 93.3402628, 25.5329381 ], [ 93.3346308, 25.5355499 ], [ 93.335953, 25.5390573 ], [ 93.3266376, 25.545414 ], [ 93.3325172, 25.5484803 ], [ 93.3369887, 25.5529273 ], [ 93.3423554, 25.5598656 ], [ 93.3520679, 25.5600931 ], [ 93.3547455, 25.5554717 ], [ 93.3583776, 25.5573589 ], [ 93.3606812, 25.5583205 ], [ 93.3613576, 25.5600852 ], [ 93.363318, 25.5606541 ], [ 93.3638306, 25.5609746 ], [ 93.3638057, 25.5614848 ], [ 93.3694131, 25.5705208 ], [ 93.3792016, 25.5765282 ], [ 93.3795454, 25.5840701 ], [ 93.422206, 25.6200886 ], [ 93.424814, 25.6304009 ], [ 93.4812847, 25.6445697 ], [ 93.5839976, 25.7644065 ], [ 93.6176905, 25.7765934 ], [ 93.6390655, 25.8163234 ], [ 93.677536, 25.8278909 ], [ 93.6804634, 25.8384464 ], [ 93.691339, 25.8439481 ], [ 93.700785, 25.8433702 ], [ 93.7019826, 25.8516425 ], [ 93.6814118, 25.903902 ], [ 93.7083354, 25.9189378 ], [ 93.7154593, 25.918724 ], [ 93.7259054, 25.9210211 ], [ 93.7281186, 25.9206786 ], [ 93.7297736, 25.9224557 ], [ 93.735046, 25.9237096 ], [ 93.7360517, 25.9228631 ], [ 93.7375879, 25.9282056 ], [ 93.7394347, 25.9299174 ], [ 93.7391008, 25.931479 ], [ 93.7455839, 25.934429 ], [ 93.7453739, 25.9398614 ], [ 93.7522337, 25.9419488 ], [ 93.753292, 25.946684 ], [ 93.7579956, 25.9454467 ], [ 93.7589374, 25.9472078 ], [ 93.7577348, 25.9519727 ], [ 93.7674556, 25.9506126 ], [ 93.7872468, 25.9466814 ], [ 93.7960155, 25.9034904 ], [ 93.7775114, 25.848607 ], [ 93.789957, 25.8113261 ], [ 93.8162938, 25.8227124 ], [ 93.8450934, 25.8583895 ], [ 93.8760096, 25.842578 ], [ 93.9158998, 25.8838007 ], [ 93.9785992, 25.9168287 ], [ 93.9540565, 25.9693601 ], [ 93.962375600000016, 26.0366377 ], [ 93.9849434, 26.0652038 ], [ 93.9970586, 26.1070037 ], [ 93.9978155, 26.1102667 ], [ 93.9949559, 26.1122181 ], [ 93.9905853, 26.1106015 ], [ 93.9866647, 26.1140029 ], [ 93.9932825, 26.1181812 ], [ 93.9913578, 26.1280125 ], [ 93.9888833, 26.1334029 ], [ 93.9982182, 26.1313399 ], [ 94.003791, 26.1430381 ], [ 93.9944929, 26.1476417 ], [ 94.0035686, 26.1602057 ], [ 94.0077174, 26.1825939 ], [ 94.0317699, 26.197527 ], [ 94.0473797, 26.2490752 ], [ 94.1196534, 26.3289016 ], [ 94.1715429, 26.3380572 ], [ 94.1718139, 26.4159398 ], [ 94.1851368, 26.4585331 ], [ 94.2365317, 26.5062347 ], [ 94.2562464, 26.5413215 ], [ 94.2811816, 26.5487456 ], [ 94.2831423, 26.5050715 ], [ 94.2933426, 26.4711957 ], [ 94.3742535, 26.5074964 ], [ 94.3757887, 26.5214231 ], [ 94.3895045, 26.527131 ], [ 94.3925099, 26.5298745 ], [ 94.3973716, 26.5303794 ], [ 94.3954709, 26.5341117 ], [ 94.3979052, 26.5391521 ], [ 94.399807, 26.5403972 ], [ 94.4025614, 26.539571 ], [ 94.4020202, 26.5421752 ], [ 94.4034409, 26.5453291 ], [ 94.4061105, 26.545938 ], [ 94.4015049, 26.5479066 ], [ 94.4015854, 26.5490436 ], [ 94.4061818, 26.5492864 ], [ 94.4045668, 26.5519765 ], [ 94.4069476, 26.5598823 ], [ 94.4057556, 26.567974 ], [ 94.4113829, 26.5727744 ], [ 94.4122094, 26.5825219 ], [ 94.4041775, 26.611916 ], [ 94.4497789, 26.6356093 ], [ 94.4598511, 26.6608752 ], [ 94.4925835, 26.6659872 ], [ 94.5391734, 26.7062826 ], [ 94.5903213, 26.6967234 ], [ 94.6245316, 26.7155144 ], [ 94.6937364, 26.7329706 ], [ 94.7680658, 26.7868783 ], [ 94.7996844, 26.7998768 ], [ 94.8175282, 26.8478142 ], [ 94.8440149, 26.8693521 ], [ 94.890548, 26.9296384 ], [ 94.9307594, 26.932656 ], [ 94.955233, 26.9401485 ], [ 94.968168, 26.9227399 ], [ 94.9820279, 26.9133528 ], [ 95.0808657, 26.9502012 ], [ 95.1082748, 26.9770343 ], [ 95.1500834, 26.9993383 ], [ 95.169467, 27.014803 ], [ 95.1822793, 27.0255335 ], [ 95.1917015, 27.0341391 ], [ 95.1931158, 27.031819 ], [ 95.1937101, 27.0313584 ], [ 95.1944861, 27.0313941 ], [ 95.1946454, 27.0313193 ], [ 95.1946977, 27.0312948 ], [ 95.1946978, 27.0312948 ], [ 95.1960838, 27.0319394 ], [ 95.1977142, 27.0363742 ], [ 95.2031259, 27.0359742 ], [ 95.207134, 27.0324341 ], [ 95.207425, 27.0305432 ], [ 95.2109062, 27.0296883 ], [ 95.2153054, 27.0302586 ], [ 95.219096, 27.0320475 ], [ 95.2240023, 27.0361234 ], [ 95.2263289, 27.0347409 ], [ 95.2333606, 27.0371949 ], [ 95.2463431, 27.0239015 ], [ 95.3167146, 27.0829088 ], [ 95.3648115, 27.1082804 ], [ 95.3979049, 27.1085449 ], [ 95.4580731, 27.1380515 ], [ 95.466352, 27.182688 ], [ 95.4558017, 27.2036773 ], [ 95.4841713, 27.2413454 ], [ 95.5251675, 27.2637068 ], [ 95.5750489, 27.243271 ], [ 95.5874796, 27.2230366 ], [ 95.6315401, 27.2295932 ], [ 95.742018, 27.2667537 ], [ 95.85168, 27.286875 ], [ 95.8692764, 27.2601183 ], [ 95.8940879, 27.2570125 ], [ 95.907079, 27.2890658 ], [ 95.958343, 27.3102479 ], [ 95.9891097, 27.3565902 ], [ 96.0074384, 27.3607243 ], [ 96.0177811, 27.3695216 ], [ 95.9739882, 27.4217867 ], [ 95.9412162, 27.4373873 ], [ 95.8421776, 27.4268952 ], [ 95.8791115, 27.4967979 ], [ 95.8757086, 27.5465829 ], [ 95.8304143, 27.5631599 ], [ 95.7924432, 27.5980334 ], [ 95.7901819, 27.644813 ], [ 95.7540609, 27.7257974 ], [ 95.8002627, 27.7737892 ], [ 95.8376733, 27.8242124 ], [ 95.8703211, 27.832763 ], [ 95.9042998, 27.8618937 ], [ 95.9484664, 27.9244852 ], [ 95.9489841, 27.9382689 ], [ 95.9652186, 27.9532703 ], [ 95.9715321, 27.9617303 ], [ 95.9702576, 27.9628819 ], [ 95.8237981, 27.9715694 ], [ 95.6051972, 27.9547102 ], [ 95.5425813, 27.908184 ], [ 95.5221906, 27.8830538 ], [ 95.379496, 27.8392742 ], [ 95.3086807, 27.8681062 ], [ 94.8522677, 27.7276996 ], [ 94.8293766, 27.6949543 ], [ 94.7968985, 27.6957251 ], [ 94.7542288, 27.6606447 ], [ 94.7166997, 27.6583356 ], [ 94.5867423, 27.6182466 ], [ 94.4988816, 27.5722651 ], [ 94.4783599, 27.5762648 ], [ 94.4678329, 27.5612434 ], [ 94.4632211, 27.5561976 ], [ 94.4621967, 27.5555269 ], [ 94.4616546, 27.5553392 ], [ 94.4613234, 27.5554468 ], [ 94.4603686, 27.5560127 ], [ 94.4588338, 27.5573025 ], [ 94.4563663, 27.5599353 ], [ 94.4512534, 27.5718566 ], [ 94.4317649, 27.5908991 ], [ 94.4316597, 27.5956891 ], [ 94.4318558, 27.5994209 ], [ 94.432148, 27.6000535 ], [ 94.4316059, 27.6004296 ], [ 94.4290148, 27.600135 ], [ 94.4183792, 27.5976136 ], [ 94.39231, 27.5891206 ], [ 94.369809, 27.5748506 ], [ 94.3506008, 27.5772113 ], [ 94.3448465, 27.5822313 ], [ 94.3381598, 27.581316 ], [ 94.337368, 27.5795147 ], [ 94.3368926, 27.5792863 ], [ 94.3366366, 27.5795145 ], [ 94.3350748, 27.5840636 ], [ 94.3335246, 27.5866572 ], [ 94.3327562, 27.5870484 ], [ 94.3327561, 27.5870485 ], [ 94.3286908, 27.5862464 ], [ 94.3261585, 27.5853982 ], [ 94.3249859, 27.5849274 ], [ 94.3242434, 27.5847179 ], [ 94.3235012, 27.5858385 ], [ 94.3231545, 27.587984 ], [ 94.3227022, 27.5887355 ], [ 94.3227022, 27.5887356 ], [ 94.3216665, 27.5890869 ], [ 94.3191815, 27.5894863 ], [ 94.317389, 27.5892246 ], [ 94.3126079, 27.5903381 ], [ 94.3091848, 27.5908755 ], [ 94.3084087, 27.5912898 ], [ 94.3069, 27.5953705 ], [ 94.3034001, 27.5974408 ], [ 94.3027661, 27.599508 ], [ 94.3023136, 27.6004207 ], [ 94.3017407, 27.6011185 ], [ 94.3002641, 27.6016009 ], [ 94.298185, 27.6020292 ], [ 94.2949623, 27.6006843 ], [ 94.2897748, 27.5962545 ], [ 94.2882209, 27.5893532 ], [ 94.2833185, 27.5901566 ], [ 94.2792223, 27.5892941 ], [ 94.2775654, 27.589427 ], [ 94.2764182, 27.59042 ], [ 94.256329, 27.6106056 ], [ 94.2673338, 27.6295838 ], [ 94.263896, 27.6319974 ], [ 94.2627793, 27.6335806 ], [ 94.2622358, 27.634681 ], [ 94.2619637, 27.6355132 ], [ 94.2616317, 27.6359694 ], [ 94.2543388, 27.6357476 ], [ 94.2369754, 27.632456 ], [ 94.2223053, 27.6111092 ], [ 94.22385, 27.5765541 ], [ 94.2466405, 27.5695631 ], [ 94.2681789, 27.5209379 ], [ 94.1644688, 27.4768805 ], [ 94.1593483, 27.4617145 ], [ 94.0895212, 27.4071456 ], [ 94.068034, 27.3717338 ], [ 93.9911782, 27.3284436 ], [ 93.8993277, 27.2391837 ], [ 93.8371997, 27.1716753 ], [ 93.8052673, 27.1481623 ], [ 93.835592, 27.0743949 ], [ 93.7149174, 27.014281 ], [ 93.6573578, 26.9664126 ], [ 93.5865912, 26.9505677 ], [ 93.5246932, 26.9486242 ], [ 93.4890246, 26.9362744 ], [ 93.4486936, 26.9508793 ], [ 93.3240261, 26.9601767 ], [ 93.2615846, 26.9536251 ], [ 93.1068705, 26.9257567 ], [ 93.0214048, 26.9136444 ], [ 92.9170733, 26.9630276 ], [ 92.9183387, 26.9824027 ], [ 92.8837684, 27.0004605 ], [ 92.8236681, 27.0094402 ], [ 92.7631528, 27.0274106 ], [ 92.7228491, 27.0183099 ], [ 92.6774492, 27.0317575 ], [ 92.6447294, 26.9867602 ], [ 92.589047, 26.9616536 ], [ 92.4473999, 26.9589086 ], [ 92.3982612, 26.9247874 ], [ 92.3631215, 26.9346399 ], [ 92.3025942, 26.9227393 ], [ 92.1947338, 26.89006 ], [ 92.1199521, 26.8890801 ], [ 92.1177336, 26.8909855 ], [ 92.1140033, 26.8939163 ], [ 92.1138696, 26.8937164 ], [ 92.1122092, 26.8920494 ], [ 92.1121012, 26.8919405 ], [ 92.1028138, 26.8825806 ], [ 92.101655, 26.8814127 ], [ 92.1023742, 26.8673355 ], [ 92.0561884, 26.8466699 ], [ 91.9835942, 26.8578591 ], [ 91.9643478, 26.8821472 ], [ 91.8929913, 26.918705 ], [ 91.8593657, 26.9131784 ], [ 91.8241559, 26.8639129 ], [ 91.7207477, 26.8119105 ], [ 91.6901131, 26.8068016 ], [ 91.6259396, 26.8210304 ], [ 91.592965, 26.8052073 ], [ 91.4952004, 26.7912107 ], [ 91.4457306, 26.8126749 ], [ 91.4080547, 26.8400354 ], [ 91.3761654, 26.7953505 ], [ 91.3373049, 26.7806162 ], [ 91.2976361, 26.786918 ], [ 91.2367743, 26.8119616 ], [ 91.1462586, 26.8111092 ], [ 91.0976195, 26.8220825 ], [ 91.0541145, 26.7808048 ], [ 90.9914273, 26.7907985 ], [ 90.8110984, 26.7760739 ], [ 90.6930548, 26.7708388 ], [ 90.675792, 26.7844293 ], [ 90.5463845, 26.8168358 ], [ 90.4180578, 26.904414 ], [ 90.3567022, 26.9010215 ], [ 90.3478896, 26.8753387 ], [ 90.2999368, 26.8483856 ], [ 90.2307692, 26.8588017 ], [ 90.1876878, 26.8071149 ], [ 90.1946661, 26.7737124 ], [ 90.1399685, 26.7538062 ], [ 90.0492052, 26.730402 ], [ 89.9666805, 26.7234968 ], [ 89.8976477, 26.7243054 ], [ 89.8623785, 26.7369739 ], [ 89.863236, 26.7009579 ], [ 89.8586363, 26.699839 ], [ 89.8518312, 26.6971539 ], [ 89.8529628, 26.6951516 ], [ 89.854014, 26.6939609 ], [ 89.8556618, 26.6930507 ], [ 89.8633333, 26.6813045 ], [ 89.8593124, 26.6554176 ], [ 89.8648568, 26.6494365 ], [ 89.849741400000013, 26.6281052 ], [ 89.8695303, 26.6139859 ], [ 89.8519813, 26.5228189 ], [ 89.86878, 26.4522448 ], [ 89.84776, 26.4222394 ], [ 89.833040700000012, 26.3849801 ], [ 89.7810057, 26.3528312 ], [ 89.7826092, 26.3327103 ], [ 89.7338016, 26.2927701 ], [ 89.7165861, 26.2469089 ], [ 89.7192708, 26.1918811 ], [ 89.7131656, 26.187158 ], [ 89.7092382, 26.186582 ], [ 89.7027442, 26.1883924 ], [ 89.6990918, 26.1909478 ], [ 89.700177, 26.1882339 ], [ 89.7034873, 26.1773966 ], [ 89.7136246, 26.1719245 ], [ 89.7226654, 26.177027 ], [ 89.727261, 26.1665241 ], [ 89.7219686, 26.1667989 ], [ 89.7196028, 26.165858 ], [ 89.7204215, 26.158426 ], [ 89.7254167, 26.1553807 ], [ 89.7420155, 26.1595029 ], [ 89.7945568, 26.0887221 ], [ 89.8214398, 26.0120872 ], [ 89.844062, 26.0063937 ], [ 89.8484, 25.9427487 ], [ 89.8783251, 25.9241981 ], [ 89.8328511, 25.8702362 ], [ 89.826125, 25.8106858 ], [ 89.8412415, 25.7606646 ], [ 89.8331915, 25.7181779 ], [ 89.8709138, 25.662701 ], [ 89.8812201, 25.6293876 ], [ 89.8757724, 25.5809587 ], [ 89.848105, 25.4787228 ], [ 89.8516517, 25.469109 ], [ 89.853463, 25.4678316 ], [ 89.8544184, 25.4674457 ], [ 89.8546053, 25.4673702 ], [ 89.8546054, 25.4673702 ], [ 89.8564809, 25.4678486 ], [ 89.8634845, 25.470718 ], [ 89.8708222, 25.4759377 ], [ 89.8776328, 25.5498114 ], [ 89.9372401, 25.5646518 ], [ 90.020187, 25.6075785 ], [ 89.9827131, 25.6279488 ], [ 89.9793869, 25.6385577 ], [ 89.9503902, 25.6556949 ], [ 89.9500668, 25.6561915 ], [ 89.949629, 25.6566612 ], [ 89.9486936, 25.6578802 ], [ 89.9466792, 25.6619568 ], [ 89.9443539, 25.6793481 ], [ 89.9235211, 25.6945846 ], [ 89.8956326, 25.7316414 ], [ 89.923101, 25.7385852 ], [ 89.9549787, 25.7675629 ], [ 89.9581851, 25.8016719 ], [ 89.9559506, 25.8109899 ], [ 89.9484792, 25.8151813 ], [ 89.9510006, 25.8211521 ], [ 89.9619434, 25.8202795 ], [ 89.9673772, 25.823289 ], [ 89.9645754, 25.8264602 ], [ 89.9718813, 25.8271377 ], [ 89.9779957, 25.8284857 ], [ 89.9813919, 25.8356043 ], [ 90.0035247, 25.8393267 ], [ 90.0056639, 25.8790809 ], [ 90.0861759, 25.919558 ], [ 90.1167895, 25.9573096 ], [ 90.1770126, 25.958906 ], [ 90.1812715, 25.9492659 ], [ 90.1836328, 25.9479956 ], [ 90.1838525, 25.9461473 ], [ 90.1883652, 25.9450756 ], [ 90.1866955, 25.947497 ], [ 90.2835237, 25.963132 ], [ 90.3273604, 25.974467 ], [ 90.3496517, 26.0042208 ], [ 90.3996842, 26.0126086 ], [ 90.4301584, 25.9890424 ], [ 90.4760712, 26.0096794 ], [ 90.53494, 25.9496812 ], [ 90.5084886, 25.9015966 ], [ 90.5263544, 25.9049374 ], [ 90.5766667, 25.936843 ], [ 90.585451, 25.9574468 ], [ 90.624059, 25.9392687 ], [ 90.6065022, 25.915099 ], [ 90.6284736, 25.9176858 ], [ 90.6725883, 25.9347334 ], [ 90.688269, 25.9490027 ], [ 90.7137802, 25.9517649 ], [ 90.7780365, 25.9087084 ], [ 90.8090802, 25.9475034 ], [ 90.8747588, 25.942644 ], [ 90.8943543, 25.9312739 ], [ 90.9399235, 25.9473954 ], [ 90.95939, 25.9313048 ], [ 90.9659101, 25.8885334 ], [ 91.0304793, 25.8858962 ], [ 91.0015204, 25.824652 ], [ 91.0472181, 25.8489526 ], [ 91.0831135, 25.8302272 ], [ 91.1195645, 25.8327964 ], [ 91.1474797, 25.8505865 ], [ 91.2033611, 25.8442391 ], [ 91.1781907, 25.7774467 ], [ 91.1888722, 25.7505406 ], [ 91.2223818, 25.7226585 ], [ 91.2744658, 25.7505429 ], [ 91.3356318, 25.8407886 ], [ 91.3652523, 25.8401031 ], [ 91.4694, 25.8592539 ], [ 91.4782928, 25.8875666 ], [ 91.5079394, 25.9088882 ], [ 91.5707505, 26.0259209 ], [ 91.6200734, 26.0258812 ], [ 91.6346981, 26.0128785 ], [ 91.6355576, 25.9617262 ], [ 91.6292654, 25.9467963 ], [ 91.6112217, 25.9447646 ], [ 91.6210341, 25.932404 ], [ 91.6511154, 25.9066626 ], [ 91.6705265, 25.9042478 ], [ 91.7200339, 25.9536922 ], [ 91.7252759, 26.0462728 ], [ 91.8212271, 26.1176023 ], [ 91.8790966, 26.0980726 ], [ 91.8744499, 26.036826 ], [ 91.9336578, 26.0104298 ], [ 91.98855, 26.0375752 ], [ 92.0637291, 26.0341413 ], [ 92.107843, 26.050757 ], [ 92.1319345, 26.0443943 ], [ 92.1690731, 26.0776494 ], [ 92.2582374, 26.0635602 ], [ 92.2627184, 26.0327256 ], [ 92.2043372, 26.0014119 ], [ 92.1641329, 25.9703732 ], [ 92.1523582, 25.9444159 ], [ 92.1567426, 25.9147315 ], [ 92.1623459, 25.9112549 ], [ 92.175469, 25.9074642 ], [ 92.1859983, 25.9167304 ], [ 92.201224, 25.9083466 ], [ 92.2229637, 25.9106894 ], [ 92.2202902, 25.9000943 ], [ 92.1989312, 25.8890854 ], [ 92.1771647, 25.8728472 ], [ 92.1774244, 25.8515987 ], [ 92.15102, 25.8158335 ], [ 92.1477351, 25.7730479 ], [ 92.1637593, 25.6671065 ], [ 92.2249529, 25.7161873 ], [ 92.2642887, 25.7091889 ], [ 92.3641844, 25.7374524 ], [ 92.4145646, 25.7405209 ], [ 92.4440532, 25.7199379 ], [ 92.4402909, 25.6922277 ], [ 92.4702492, 25.6752498 ], [ 92.5055444, 25.6164097 ], [ 92.5525783, 25.6149916 ], [ 92.5565646, 25.5714256 ], [ 92.5849508, 25.5505882 ], [ 92.6226888, 25.5658175 ], [ 92.6427517, 25.5349083 ], [ 92.5735667, 25.4905772 ], [ 92.5642756, 25.4737112 ], [ 92.6003604, 25.4648526 ], [ 92.597813, 25.450165 ], [ 92.6088286, 25.413598 ], [ 92.6184943, 25.4230998 ], [ 92.6362031, 25.4266877 ], [ 92.6377728, 25.4188521 ], [ 92.6414159, 25.4189691 ], [ 92.6418935, 25.4223316 ], [ 92.646994, 25.4283429 ], [ 92.6522229, 25.4293261 ], [ 92.651083, 25.4224025 ], [ 92.6525579, 25.4173109 ], [ 92.667432, 25.4149242 ], [ 92.6880596, 25.4021795 ], [ 92.7004767, 25.3849409 ], [ 92.7820399, 25.3328449 ], [ 92.7917964, 25.2843702 ], [ 92.7617958, 25.2466283 ], [ 92.7748414, 25.1997365 ], [ 92.7427824, 25.206752 ], [ 92.6938081, 25.1793364 ], [ 92.6583343, 25.1720453 ], [ 92.6278138, 25.1374762 ], [ 92.5879901, 25.1288836 ], [ 92.5248081, 25.1352887 ], [ 92.5223996, 25.1338056 ], [ 92.5230068, 25.1260705 ], [ 92.5288501, 25.1154778 ], [ 92.5388157, 25.1005894 ], [ 92.5304314, 25.1004102 ], [ 92.5277259, 25.1040971 ], [ 92.5182973, 25.1062725 ], [ 92.5058134, 25.10484 ], [ 92.4968689, 25.1096056 ], [ 92.4808751, 25.1086754 ], [ 92.479134, 25.0864874 ], [ 92.4568866, 25.0541676 ], [ 92.4384142, 25.0441728 ], [ 92.4381009, 25.0347476 ], [ 92.4325359, 25.0352684 ], [ 92.4317883, 25.0349914 ], [ 92.4305924, 25.0319331 ], [ 92.4291626, 25.0292489 ], [ 92.4261347, 25.029608 ], [ 92.4252233, 25.0296578 ], [ 92.425185, 25.0296599 ], [ 92.4251861, 25.0296592 ], [ 92.425929, 25.0292842 ], [ 92.4184203, 24.9664502 ], [ 92.4586044, 24.9705178 ], [ 92.4513502, 24.9385452 ], [ 92.4837248, 24.9306628 ], [ 92.4967054, 24.902184 ], [ 92.4757603, 24.8675038 ], [ 92.3868678, 24.8513589 ], [ 92.350301700000017, 24.8892853 ], [ 92.2468951, 24.9085371 ], [ 92.2421844, 24.8404064 ], [ 92.2682166, 24.829872 ], [ 92.2884563, 24.7882823 ], [ 92.2958718, 24.736559 ], [ 92.2543561, 24.6781389 ], [ 92.233739200000016, 24.5848255 ], [ 92.2312154, 24.5470003 ], [ 92.2137374, 24.506921 ], [ 92.2125329, 24.5057662 ], [ 92.2119255, 24.5050172 ], [ 92.2116986, 24.5044813 ], [ 92.2122557, 24.5043014 ], [ 92.2137714, 24.5038136 ], [ 92.2162427, 24.5034321 ], [ 92.2297659, 24.5024421 ], [ 92.2364825, 24.4888151 ], [ 92.2287412, 24.4756895 ], [ 92.2299728, 24.4522565 ], [ 92.2464508, 24.4424686 ], [ 92.259839, 24.35855 ], [ 92.2188372, 24.2857264 ], [ 92.2089879, 24.2555924 ], [ 92.2097242, 24.2483106 ], [ 92.2008743, 24.2420631 ], [ 92.2059579, 24.2384611 ], [ 92.2212409, 24.2349399 ], [ 92.2603918, 24.2483644 ], [ 92.292282, 24.2504925 ], [ 92.2922821, 24.2504925 ], [ 92.2952627, 24.2525749 ], [ 92.4224328, 24.2549584 ], [ 92.4187967, 24.1927998 ], [ 92.4293944, 24.1865937 ], [ 92.4344669, 24.174006 ], [ 92.4376281, 24.1686013 ], [ 92.4357419, 24.1652344 ], [ 92.435816, 24.1556596 ], [ 92.4360954, 24.1536144 ], [ 92.4367987, 24.1528556 ], [ 92.4406608, 24.1529534 ], [ 92.4427033, 24.154564 ], [ 92.4476821, 24.1461336 ], [ 92.4530679, 24.1442079 ], [ 92.4544508, 24.1450829 ], [ 92.4560689, 24.1444907 ], [ 92.4568162, 24.1439351 ], [ 92.4606591, 24.1379966 ], [ 92.4648786, 24.1362381 ], [ 92.5243315, 24.1715968 ], [ 92.5505542, 24.2471039 ], [ 92.612202, 24.2535704 ], [ 92.622529, 24.331639 ], [ 92.6896609, 24.3537065 ], [ 92.7404054, 24.4686512 ], [ 92.7520516, 24.5063336 ], [ 92.7610902, 24.5168629 ], [ 92.7608864, 24.518533 ], [ 92.7624785, 24.5202359 ], [ 92.7637411, 24.5210799 ], [ 92.7665845, 24.5131519 ], [ 92.7706494, 24.5015401 ], [ 92.7718096, 24.5006845 ], [ 92.7965949, 24.4329343 ], [ 92.8018135, 24.4208893 ], [ 92.8260762, 24.3764797 ], [ 92.8616719, 24.3986695 ], [ 92.8832722, 24.4024527 ], [ 92.8986822, 24.3910118 ], [ 92.9063507, 24.4021202 ], [ 92.9069702, 24.4113881 ], [ 92.9220663, 24.402572 ], [ 92.9338971, 24.3923838 ], [ 92.9763535, 24.4083368 ], [ 92.9994287, 24.4007923 ], [ 93.0061079, 24.4073746 ], [ 93.007353, 24.4091853 ], [ 93.0060811, 24.4110712 ], [ 93.0068423, 24.4118036 ], [ 93.0073728, 24.4118041 ], [ 93.0077543, 24.4117954 ], [ 93.0086977, 24.4117791 ], [ 93.0087434, 24.4117783 ], [ 93.0087435, 24.4117784 ], [ 93.0105458, 24.4159957 ], [ 93.0151956, 24.4147849 ], [ 93.0171238, 24.4081685 ], [ 93.024544, 24.4068779 ], [ 93.0334572, 24.4271071 ], [ 93.045541, 24.4762093 ], [ 93.0327442, 24.493631 ], [ 93.0620552, 24.5763429 ], [ 93.0836889, 24.613099 ], [ 93.0963678, 24.6643586 ], [ 93.090497900000017, 24.6893243 ], [ 93.0789067, 24.7046552 ], [ 93.0901232, 24.7147132 ], [ 93.0911602, 24.7252869 ], [ 93.1071077, 24.7405699 ], [ 93.1050086, 24.7917286 ], [ 93.1914334, 24.8044984 ], [ 93.1899575, 24.818745 ], [ 93.1955726, 24.8302844 ], [ 93.1960068, 24.8367934 ], [ 93.1918683, 24.8398195 ], [ 93.1953285, 24.844431 ], [ 93.200501, 24.8414041 ], [ 93.2022929, 24.8513429 ], [ 93.2099297, 24.856182 ], [ 93.2216708, 24.870344 ], [ 93.2488306, 24.9156022 ], [ 93.2454996, 24.9256483 ], [ 93.2392416, 24.9244706 ], [ 93.2416038, 24.9306887 ], [ 93.2446055, 24.9326047 ], [ 93.2430646, 24.9363977 ], [ 93.2379573, 24.932777 ], [ 93.2367141, 24.9372646 ], [ 93.2448169, 24.9412936 ], [ 93.2505637, 24.9403635 ], [ 93.2498998, 24.9552402 ], [ 93.2622275, 24.9687572 ], [ 93.2416847, 25.0040266 ], [ 93.2660079, 25.0441834 ], [ 93.2829422, 25.0452194 ], [ 93.3053803, 25.0583441 ], [ 93.3323056, 25.0938638 ], [ 93.3539571, 25.187451 ], [ 93.3863999, 25.2427848 ], [ 93.4205921, 25.2777198 ], [ 93.4477748, 25.2921974 ], [ 93.452844, 25.2923709 ], [ 93.4704047, 25.3051611 ], [ 93.4694474, 25.3063038 ], [ 93.4674745, 25.3106652 ], [ 93.466532, 25.3119251 ], [ 93.4644675, 25.3135062 ], [ 93.4577028, 25.3183758 ], [ 93.4550721, 25.320115 ], [ 93.4533349, 25.3215648 ], [ 93.4531415, 25.3219033 ], [ 93.4532866, 25.3235191 ], [ 93.4535006, 25.324214 ], [ 93.4538088, 25.3247736 ], [ 93.4538939, 25.3249158 ] ] ] } },
{ "type": "Feature", "properties": { "STATE.NAME": "Maharashtra", "AREA": 307492.77519799996 }, "geometry": { "type": "Polygon", "coordinates": [ [ [ 74.1183539, 15.6520405 ], [ 74.1183539, 15.6520407 ], [ 74.1159949, 15.6541801 ], [ 74.111008200000015, 15.657723 ], [ 74.1037639, 15.6576375 ], [ 74.1032061, 15.6722122 ], [ 74.1258378, 15.6809964 ], [ 74.1317431, 15.693567 ], [ 74.1266818, 15.7106356 ], [ 74.1258854, 15.7241414 ], [ 74.130827, 15.7233847 ], [ 74.1340227, 15.7298452 ], [ 74.1419078, 15.734357 ], [ 74.1510423, 15.7358364 ], [ 74.161624, 15.7513229 ], [ 74.2015004, 15.758649 ], [ 74.2397461, 15.7434588 ], [ 74.268385, 15.7547649 ], [ 74.3079645, 15.7485089 ], [ 74.3453801, 15.764664 ], [ 74.3593435, 15.7758575 ], [ 74.3675584, 15.7858447 ], [ 74.3691395, 15.7882251 ], [ 74.3690811, 15.7901085 ], [ 74.3699563, 15.7919494 ], [ 74.3697965, 15.7929316 ], [ 74.3703625, 15.7936308 ], [ 74.3701769, 15.7942429 ], [ 74.3706427, 15.7953197 ], [ 74.3710975, 15.795845 ], [ 74.3719461, 15.797252 ], [ 74.3719483, 15.7974329 ], [ 74.3714556, 15.7976299 ], [ 74.3717336, 15.7978307 ], [ 74.3719531, 15.7984359 ], [ 74.3712108, 15.7992111 ], [ 74.3712745, 15.8036952 ], [ 74.370366, 15.8107406 ], [ 74.3626896, 15.8148028 ], [ 74.366541, 15.8259126 ], [ 74.3831515, 15.8491321 ], [ 74.3678216, 15.8505982 ], [ 74.345708, 15.8508092 ], [ 74.3455861, 15.8623153 ], [ 74.3628837, 15.8746526 ], [ 74.3976026, 15.8511733 ], [ 74.3869903, 15.9051894 ], [ 74.4282738, 15.9523281 ], [ 74.44402190000001, 15.9864276 ], [ 74.4426809, 15.9916589 ], [ 74.4464069, 15.9971302 ], [ 74.4466685, 16.0030399 ], [ 74.4472023, 16.0035213 ], [ 74.4474037, 16.004879 ], [ 74.4484359, 16.0071919 ], [ 74.4505329, 16.0090304 ], [ 74.4501844, 16.0110675 ], [ 74.4554305, 16.0195408 ], [ 74.4630583, 16.0380046 ], [ 74.46326, 16.0399069 ], [ 74.4582468, 16.040451 ], [ 74.4591601, 16.0415993 ], [ 74.4625289, 16.0413269 ], [ 74.4633034, 16.0428527 ], [ 74.46229, 16.0498544 ], [ 74.457215, 16.0482433 ], [ 74.4509699, 16.0536495 ], [ 74.4150632, 16.0557303 ], [ 74.381069, 16.0355001 ], [ 74.3650004, 16.0584097 ], [ 74.4287813, 16.1120189 ], [ 74.4816319, 16.0889057 ], [ 74.4913077, 16.1043211 ], [ 74.4896294, 16.1774311 ], [ 74.5070639, 16.1913017 ], [ 74.5031793, 16.2254202 ], [ 74.4176897, 16.2580145 ], [ 74.416029, 16.2801138 ], [ 74.3632099, 16.2856398 ], [ 74.3172526, 16.3278387 ], [ 74.3190634, 16.371649 ], [ 74.3392817, 16.3909661 ], [ 74.3473781, 16.3683278 ], [ 74.3634692, 16.3982263 ], [ 74.3351358, 16.4014191 ], [ 74.3368178, 16.4288179 ], [ 74.329793400000014, 16.4475117 ], [ 74.2971299, 16.4645477 ], [ 74.290978, 16.5049123 ], [ 74.3176479, 16.5537167 ], [ 74.3787877, 16.5283979 ], [ 74.396708, 16.5832768 ], [ 74.4635277, 16.6044989 ], [ 74.4908391, 16.6297643 ], [ 74.544569, 16.6354776 ], [ 74.5435724, 16.5953281 ], [ 74.5686157, 16.5538788 ], [ 74.6359355, 16.5839247 ], [ 74.636224, 16.6074301 ], [ 74.6608454, 16.6029268 ], [ 74.6745742, 16.6092611 ], [ 74.6827597, 16.6061077 ], [ 74.6887746, 16.6166298 ], [ 74.6573191, 16.643124 ], [ 74.6652425, 16.6656804 ], [ 74.6894254, 16.6767361 ], [ 74.691098, 16.7155498 ], [ 74.7321697, 16.7183324 ], [ 74.7748468, 16.7516523 ], [ 74.8445893, 16.7618235 ], [ 74.849897, 16.7727635 ], [ 74.9197509, 16.7728846 ], [ 74.9103692, 16.835149 ], [ 74.9266011, 16.8640559 ], [ 74.9606297, 16.8812441 ], [ 74.9448514, 16.9106168 ], [ 74.9218525, 16.9298679 ], [ 74.9381141, 16.9435706 ], [ 74.9607126, 16.9399574 ], [ 74.9893659, 16.9522547 ], [ 75.0642976, 16.9422198 ], [ 75.089408, 16.9515883 ], [ 75.0961875, 16.9141521 ], [ 75.1175559, 16.9134514 ], [ 75.1365561, 16.8744952 ], [ 75.1766483, 16.8677145 ], [ 75.182788, 16.843157 ], [ 75.227711, 16.8431834 ], [ 75.264790499999989, 16.8628075 ], [ 75.2900065, 16.9040331 ], [ 75.2796742, 16.9565629 ], [ 75.3423611, 16.9562523 ], [ 75.3922049, 16.9800972 ], [ 75.4279471, 16.9665013 ], [ 75.465621, 16.9883715 ], [ 75.4891457, 16.9444299 ], [ 75.5293818, 16.9694067 ], [ 75.5633898, 16.9676221 ], [ 75.5672865, 17.0090528 ], [ 75.6069542, 17.0045725 ], [ 75.6061968, 16.9943697 ], [ 75.608311, 16.9816536 ], [ 75.6079295, 16.9710041 ], [ 75.6101924, 16.9716708 ], [ 75.6460458, 16.9540183 ], [ 75.6661409, 16.9797789 ], [ 75.6767817, 17.0654219 ], [ 75.6723555, 17.1160013 ], [ 75.6504142, 17.1156978 ], [ 75.628327900000016, 17.1626989 ], [ 75.628502700000013, 17.1886622 ], [ 75.6619796, 17.2145817 ], [ 75.6542372, 17.2738186 ], [ 75.6303186, 17.2739327 ], [ 75.603804, 17.3055063 ], [ 75.6100951, 17.3450427 ], [ 75.5809158, 17.3512254 ], [ 75.5742135, 17.383301 ], [ 75.5936751, 17.3873034 ], [ 75.6090752, 17.3941295 ], [ 75.6135866, 17.391917 ], [ 75.6113775, 17.4099458 ], [ 75.6066718, 17.4203739 ], [ 75.6132551, 17.4244759 ], [ 75.6216833, 17.4592472 ], [ 75.6330504, 17.4772151 ], [ 75.6749077, 17.456963 ], [ 75.6835653, 17.4169254 ], [ 75.7307504, 17.4203505 ], [ 75.7652201, 17.4059135 ], [ 75.7803479, 17.3756395 ], [ 75.8042786, 17.3678461 ], [ 75.821508, 17.4212244 ], [ 75.8495368, 17.4119439 ], [ 75.8574982, 17.3873194 ], [ 75.89413, 17.401198 ], [ 75.8902441, 17.3611764 ], [ 75.9260369, 17.3248776 ], [ 75.9997158, 17.3389349 ], [ 76.01025460000001, 17.3523877 ], [ 76.0624208, 17.3545016 ], [ 76.087043, 17.3359368 ], [ 76.1197957, 17.3704092 ], [ 76.1626791, 17.3452235 ], [ 76.1651402, 17.3033389 ], [ 76.1811304, 17.3090576 ], [ 76.1703955, 17.3523656 ], [ 76.1962601, 17.3636199 ], [ 76.2720689, 17.3605952 ], [ 76.2764199, 17.3345778 ], [ 76.3177224, 17.3323795 ], [ 76.3453578, 17.3544516 ], [ 76.3540698, 17.3143205 ], [ 76.3832176, 17.3145298 ], [ 76.4091784, 17.3713914 ], [ 76.3634853, 17.3776715 ], [ 76.3715695, 17.4364263 ], [ 76.3333222, 17.4339038 ], [ 76.3307474, 17.4701957 ], [ 76.3466321, 17.512581 ], [ 76.3638103, 17.5362858 ], [ 76.3415826, 17.5414419 ], [ 76.3321854, 17.5743868 ], [ 76.33213, 17.5834667 ], [ 76.3316274, 17.5922126 ], [ 76.3316236, 17.595978 ], [ 76.3348777, 17.5971374 ], [ 76.3368042, 17.5973017 ], [ 76.350091400000011, 17.5941002 ], [ 76.3817612, 17.6022498 ], [ 76.4197449, 17.6037106 ], [ 76.4292516, 17.6449535 ], [ 76.4867311, 17.6584118 ], [ 76.4872877, 17.7147629 ], [ 76.5240957, 17.7154064 ], [ 76.5307474, 17.7582592 ], [ 76.5630427, 17.7645588 ], [ 76.570354, 17.7054053 ], [ 76.5871577, 17.7074605 ], [ 76.6118532, 17.7700855 ], [ 76.6333173, 17.7282195 ], [ 76.6708191, 17.690527 ], [ 76.67978, 17.6863526 ], [ 76.6847969, 17.68545 ], [ 76.687915, 17.6797881 ], [ 76.6907257, 17.6835448 ], [ 76.6942342, 17.6956803 ], [ 76.6924848, 17.7062341 ], [ 76.7013641, 17.7090705 ], [ 76.7101141, 17.7320267 ], [ 76.7282013, 17.7373064 ], [ 76.7183791, 17.7530695 ], [ 76.7344011, 17.7820052 ], [ 76.7619324, 17.786939 ], [ 76.7826473, 17.8066367 ], [ 76.7870556, 17.8331979 ], [ 76.7379726, 17.859436 ], [ 76.7413045, 17.8953963 ], [ 76.7751068, 17.8777107 ], [ 76.8522434, 17.9007675 ], [ 76.884444, 17.8945381 ], [ 76.9207241, 17.9415681 ], [ 76.9057005, 18.009706 ], [ 76.9143721, 18.0353572 ], [ 76.9448694, 18.0489852 ], [ 76.9452776, 18.0817173 ], [ 76.9664064, 18.0981967 ], [ 76.9543309, 18.1105398 ], [ 76.9205571, 18.1181781 ], [ 76.9519923, 18.1880937 ], [ 76.9906662, 18.1899822 ], [ 76.9969806, 18.1648172 ], [ 77.0640136, 18.150647 ], [ 77.1126269, 18.1567603 ], [ 77.1163932, 18.1710114 ], [ 77.0984862, 18.1929493 ], [ 77.1404013, 18.2078477 ], [ 77.1748673, 18.2848553 ], [ 77.2094067, 18.2880786 ], [ 77.211849200000017, 18.3162739 ], [ 77.2418238, 18.4125992 ], [ 77.317344, 18.4432818 ], [ 77.3645127, 18.4345111 ], [ 77.3728864, 18.4010951 ], [ 77.4141472, 18.3931001 ], [ 77.3949628, 18.3478106 ], [ 77.371458800000013, 18.325107 ], [ 77.3658424, 18.3071182 ], [ 77.3854354, 18.3092665 ], [ 77.4101895, 18.3015976 ], [ 77.4283597, 18.3123581 ], [ 77.4377164, 18.3103073 ], [ 77.4367756, 18.2924339 ], [ 77.4476291, 18.2699891 ], [ 77.4927175, 18.2671975 ], [ 77.5123392, 18.2845422 ], [ 77.5088709, 18.304276 ], [ 77.5242543, 18.3078039 ], [ 77.5324941, 18.2988929 ], [ 77.5405314, 18.2944864 ], [ 77.5513121, 18.2916869 ], [ 77.5513122, 18.291687 ], [ 77.5514351, 18.2919108 ], [ 77.5516368, 18.2922779 ], [ 77.5516368, 18.292278 ], [ 77.5519728, 18.2932579 ], [ 77.5525819, 18.2969725 ], [ 77.5532925, 18.2980863 ], [ 77.570986300000015, 18.3084606 ], [ 77.5717159, 18.3105105 ], [ 77.5705118, 18.3181085 ], [ 77.558056, 18.3314121 ], [ 77.5316199, 18.3386596 ], [ 77.5255044, 18.3726999 ], [ 77.5516341, 18.3888928 ], [ 77.5566985, 18.4192372 ], [ 77.5835867, 18.4451311 ], [ 77.5764008, 18.4867795 ], [ 77.6004678, 18.5272909 ], [ 77.5964005, 18.5489361 ], [ 77.6396501, 18.5549364 ], [ 77.6649093, 18.5359659 ], [ 77.7015914, 18.5551674 ], [ 77.7385293, 18.5567856 ], [ 77.7503624, 18.5889105 ], [ 77.7301001, 18.6671852 ], [ 77.7595833, 18.7066541 ], [ 77.789701, 18.6949468 ], [ 77.8399825, 18.8048183 ], [ 77.9066991, 18.826695 ], [ 77.9302946, 18.8224929 ], [ 77.9483019, 18.8290953 ], [ 77.9489273, 18.8432875 ], [ 77.9300874, 18.8587242 ], [ 77.9032589, 18.866623 ], [ 77.8843642, 18.9047672 ], [ 77.8432814, 18.9086898 ], [ 77.8586185, 18.9491074 ], [ 77.8162522, 18.9472725 ], [ 77.8217849, 18.9785034 ], [ 77.7741848, 18.9973723 ], [ 77.7628519, 19.0290259 ], [ 77.7648393, 19.0626495 ], [ 77.8003763, 19.0511164 ], [ 77.8048975, 19.1012284 ], [ 77.8295585, 19.0870612 ], [ 77.8486061, 19.0864975 ], [ 77.8511058, 19.0920247 ], [ 77.8462333, 19.1013089 ], [ 77.847691, 19.1160002 ], [ 77.837973, 19.1376479 ], [ 77.8525572, 19.1546729 ], [ 77.860520100000016, 19.1803493 ], [ 77.8477471, 19.1895898 ], [ 77.8713709, 19.2538088 ], [ 77.8634518, 19.3041271 ], [ 77.911684, 19.3163166 ], [ 77.9435395, 19.3427363 ], [ 78.04253, 19.2706009 ], [ 78.0359646, 19.2506307 ], [ 78.055699100000012, 19.2371192 ], [ 78.1170612, 19.2486355 ], [ 78.1428887, 19.2300494 ], [ 78.1753438, 19.2375777 ], [ 78.1767166, 19.2778436 ], [ 78.1937233, 19.3144739 ], [ 78.1720838, 19.3597171 ], [ 78.1876951, 19.3945916 ], [ 78.1762122, 19.4122607 ], [ 78.192466, 19.4066926 ], [ 78.2025519, 19.4197035 ], [ 78.2199829, 19.4330173 ], [ 78.2445303, 19.4288017 ], [ 78.2687022, 19.4484661 ], [ 78.3043617, 19.4561369 ], [ 78.3092441, 19.4810838 ], [ 78.2915352, 19.5239062 ], [ 78.3042493, 19.6078556 ], [ 78.2904826, 19.6459999 ], [ 78.2626695, 19.6650627 ], [ 78.276206, 19.6924136 ], [ 78.3118411, 19.6910493 ], [ 78.3431536, 19.7132492 ], [ 78.364693699999989, 19.7812308 ], [ 78.3364335, 19.8379219 ], [ 78.2997698, 19.8409947 ], [ 78.307047, 19.9142953 ], [ 78.3368982, 19.8830017 ], [ 78.3806897, 19.8804351 ], [ 78.3874149, 19.8446006 ], [ 78.4229702, 19.8176265 ], [ 78.475013600000011, 19.8155033 ], [ 78.5526733, 19.8239656 ], [ 78.6035825, 19.8183673 ], [ 78.7006146, 19.7876453 ], [ 78.786315, 19.7765318 ], [ 78.7969487, 19.7600144 ], [ 78.8409781, 19.7618958 ], [ 78.8599378, 19.6894978 ], [ 78.8518618, 19.6586059 ], [ 78.8876682, 19.6553651 ], [ 78.9023303, 19.6700432 ], [ 78.9554761, 19.6559426 ], [ 78.9557665, 19.5997379 ], [ 78.9720302, 19.5896078 ], [ 78.9980454, 19.5400933 ], [ 79.046025, 19.5483353 ], [ 79.1054014, 19.5223888 ], [ 79.1618413, 19.4878257 ], [ 79.1897333, 19.4591466 ], [ 79.2224265, 19.4675816 ], [ 79.2074772, 19.5061429 ], [ 79.240035, 19.5352525 ], [ 79.2371357, 19.5571505 ], [ 79.2729606, 19.598852 ], [ 79.3068515, 19.5965688 ], [ 79.3098627, 19.5715256 ], [ 79.3183554, 19.5766998 ], [ 79.3657405, 19.5763451 ], [ 79.4055249, 19.5355565 ], [ 79.4333442, 19.5372714 ], [ 79.4689713, 19.5095893 ], [ 79.500773099999989, 19.5074055 ], [ 79.5186202, 19.5431252 ], [ 79.60047, 19.5095244 ], [ 79.6148413, 19.560776 ], [ 79.6321716, 19.5751054 ], [ 79.714417, 19.5868769 ], [ 79.7352523, 19.6049792 ], [ 79.7786132, 19.5996856 ], [ 79.8163332, 19.5740495 ], [ 79.8321778, 19.5390679 ], [ 79.8637976, 19.5112046 ], [ 79.9054955, 19.5000343 ], [ 79.9438848, 19.4707321 ], [ 79.9771835, 19.3941979 ], [ 79.9590861, 19.3359631 ], [ 79.9659369, 19.311058 ], [ 79.9363612, 19.26415 ], [ 79.9242286, 19.2154857 ], [ 79.9446297, 19.1671378 ], [ 79.8741617, 19.1243289 ], [ 79.8583682, 19.0958772 ], [ 79.8698239, 19.0422558 ], [ 79.9382853, 19.0406397 ], [ 79.9416297, 18.9921137 ], [ 79.9577693, 18.9362542 ], [ 79.9616118, 18.8666522 ], [ 79.9139582, 18.8261174 ], [ 79.9214316, 18.8097015 ], [ 79.9732329, 18.7717824 ], [ 80.0187981, 18.7701665 ], [ 80.0553195, 18.7236054 ], [ 80.1122549, 18.6829065 ], [ 80.1558464, 18.7006399 ], [ 80.1787097, 18.683297 ], [ 80.218467, 18.7078873 ], [ 80.2484821, 18.7063663 ], [ 80.272891, 18.7229915 ], [ 80.2728911, 18.7229916 ], [ 80.2726598, 18.7233402 ], [ 80.2704077, 18.7252609 ], [ 80.2592689, 18.7429677 ], [ 80.2443113, 18.7562564 ], [ 80.2747516, 18.7654516 ], [ 80.2969567, 18.7918368 ], [ 80.3544504, 18.826594 ], [ 80.3263265, 18.8809326 ], [ 80.2742881, 18.9318106 ], [ 80.2738309, 18.9945449 ], [ 80.3051801, 19.0271786 ], [ 80.2965327, 19.047556 ], [ 80.3294882, 19.0697415 ], [ 80.3396725, 19.0999471 ], [ 80.3275432, 19.1353419 ], [ 80.3480628, 19.1599535 ], [ 80.3893438, 19.1814821 ], [ 80.3938542, 19.2448388 ], [ 80.4378494, 19.2577012 ], [ 80.4855896, 19.3406099 ], [ 80.5204489, 19.3476223 ], [ 80.5385446, 19.3776416 ], [ 80.5785351, 19.4008608 ], [ 80.5900307, 19.3518018 ], [ 80.623424, 19.3055654 ], [ 80.6719407, 19.3294715 ], [ 80.7095107, 19.28167 ], [ 80.7599492, 19.2914837 ], [ 80.7743852, 19.3137123 ], [ 80.852987399999989, 19.3638587 ], [ 80.8118062, 19.4071568 ], [ 80.8134288, 19.4336039 ], [ 80.8739728, 19.4450455 ], [ 80.8943425, 19.4673209 ], [ 80.8955745, 19.519438 ], [ 80.8570168, 19.5227908 ], [ 80.8366008, 19.5658856 ], [ 80.7754941, 19.5624295 ], [ 80.769766, 19.5865806 ], [ 80.714679100000012, 19.6165722 ], [ 80.6703083, 19.6091812 ], [ 80.6626646, 19.6224049 ], [ 80.6765897, 19.6524611 ], [ 80.6764081, 19.699412 ], [ 80.611056499999989, 19.7382005 ], [ 80.5871848, 19.7410181 ], [ 80.5424921, 19.7833413 ], [ 80.5465249, 19.8177495 ], [ 80.5197529, 19.8317764 ], [ 80.480581, 19.8275329 ], [ 80.4492969, 19.7897981 ], [ 80.4317134, 19.8071645 ], [ 80.4694883, 19.8274135 ], [ 80.4937412, 19.9001429 ], [ 80.4498485, 19.8963185 ], [ 80.4079602, 19.9125805 ], [ 80.4112626, 19.9383594 ], [ 80.4516879, 19.9571627 ], [ 80.4807509, 19.934244 ], [ 80.5236431, 19.9336551 ], [ 80.5488518, 19.9836867 ], [ 80.5425842, 20.0106337 ], [ 80.5566542, 20.0698334 ], [ 80.5523347, 20.1111171 ], [ 80.5055934, 20.1444651 ], [ 80.4601459, 20.1509635 ], [ 80.4295851, 20.1361206 ], [ 80.3885382, 20.1650702 ], [ 80.4212346, 20.1963776 ], [ 80.4056109, 20.2178403 ], [ 80.395204300000017, 20.2368758 ], [ 80.398149500000017, 20.2441368 ], [ 80.4253127, 20.2529108 ], [ 80.4512395, 20.2579764 ], [ 80.4881289, 20.2759597 ], [ 80.5167149, 20.2660642 ], [ 80.5322126, 20.2807343 ], [ 80.5461937, 20.2975392 ], [ 80.5460596, 20.3059139 ], [ 80.6105329, 20.3182816 ], [ 80.6263572, 20.3325061 ], [ 80.6107461, 20.3750882 ], [ 80.591481, 20.3929543 ], [ 80.6137786, 20.4359062 ], [ 80.6262811, 20.5672898 ], [ 80.6014048, 20.6088182 ], [ 80.5645586, 20.6037054 ], [ 80.5215398, 20.5804712 ], [ 80.4810231, 20.6183859 ], [ 80.521306, 20.6571755 ], [ 80.5803687, 20.6730007 ], [ 80.5818082, 20.6972949 ], [ 80.5600274, 20.7260073 ], [ 80.5492475, 20.7951585 ], [ 80.5586037, 20.8114604 ], [ 80.5562071, 20.888107 ], [ 80.5481167, 20.9117417 ], [ 80.534500799999989, 20.9344879 ], [ 80.4637118, 20.929098 ], [ 80.4453686, 20.9705293 ], [ 80.442687100000015, 20.9954013 ], [ 80.4364546, 21.0006191 ], [ 80.4258207, 21.005868 ], [ 80.4358202, 21.0201338 ], [ 80.4392862, 21.0268844 ], [ 80.4497019, 21.0304886 ], [ 80.4540953, 21.0516451 ], [ 80.4469858, 21.0639504 ], [ 80.4463074, 21.0840296 ], [ 80.4391622, 21.0964654 ], [ 80.4464858, 21.1047045 ], [ 80.4478178, 21.1123272 ], [ 80.4545604, 21.1183604 ], [ 80.4451667, 21.1206992 ], [ 80.4530958, 21.1365496 ], [ 80.4610551, 21.1571801 ], [ 80.4642769, 21.1749358 ], [ 80.5150037, 21.182938 ], [ 80.6173378, 21.2297073 ], [ 80.6425314, 21.2497493 ], [ 80.65114, 21.277583 ], [ 80.67959, 21.2987524 ], [ 80.6815858, 21.3134831 ], [ 80.6712183, 21.3255622 ], [ 80.6657802, 21.3280279 ], [ 80.6631358, 21.3343958 ], [ 80.6619356, 21.3347257 ], [ 80.660957, 21.3342202 ], [ 80.6600406, 21.3341074 ], [ 80.6600405, 21.3341073 ], [ 80.6600405, 21.3341072 ], [ 80.6558294, 21.3294539 ], [ 80.6518767, 21.3270069 ], [ 80.644941, 21.3279426 ], [ 80.6213672, 21.3202708 ], [ 80.5392078, 21.3827148 ], [ 80.461127, 21.4029844 ], [ 80.4461292, 21.3711005 ], [ 80.4128716, 21.3762861 ], [ 80.3958815, 21.4050028 ], [ 80.4180641, 21.4484272 ], [ 80.3847738, 21.4893818 ], [ 80.3764968, 21.5232772 ], [ 80.3307762, 21.5478641 ], [ 80.328004, 21.5711225 ], [ 80.2539929, 21.624541 ], [ 80.220188, 21.6215812 ], [ 80.1927839, 21.63546 ], [ 80.154627300000016, 21.6064754 ], [ 80.1286822, 21.6114496 ], [ 80.0722593, 21.5567065 ], [ 80.0313652, 21.5556031 ], [ 80.0005391, 21.5336458 ], [ 79.9714922, 21.5577213 ], [ 79.937607, 21.5562993 ], [ 79.9184482, 21.5244045 ], [ 79.8631423, 21.5307977 ], [ 79.831211, 21.5467458 ], [ 79.7899372, 21.5874484 ], [ 79.7334138, 21.603332 ], [ 79.6605899, 21.5766341 ], [ 79.6527036, 21.5560029 ], [ 79.6167974, 21.5568402 ], [ 79.5780401, 21.5412857 ], [ 79.540202900000011, 21.5427199 ], [ 79.5433268, 21.566822 ], [ 79.512040900000017, 21.5839723 ], [ 79.496178, 21.6739988 ], [ 79.415158, 21.6908036 ], [ 79.4007496, 21.6769647 ], [ 79.3910543, 21.6740271 ], [ 79.3774045, 21.6778554 ], [ 79.3630357, 21.6781328 ], [ 79.3595625, 21.6788966 ], [ 79.3569679, 21.6790413 ], [ 79.3559145, 21.6788336 ], [ 79.3523871, 21.6788156 ], [ 79.3542378, 21.6846237 ], [ 79.3462812, 21.6835583 ], [ 79.2908773, 21.6924928 ], [ 79.2680837, 21.7154101 ], [ 79.2211842, 21.6939233 ], [ 79.2239057, 21.6486253 ], [ 79.1631442, 21.6585448 ], [ 79.1027532, 21.6013981 ], [ 79.0122731, 21.5994038 ], [ 78.9753214, 21.6176245 ], [ 78.9448118, 21.5928419 ], [ 78.9165452, 21.5908953 ], [ 78.9123331, 21.5488285 ], [ 78.9272254, 21.5221707 ], [ 78.9410906, 21.5112286 ], [ 78.9367103, 21.4857151 ], [ 78.8992749, 21.5004545 ], [ 78.8050215, 21.490393 ], [ 78.7802178, 21.4787382 ], [ 78.7660749, 21.4892879 ], [ 78.7566461, 21.4902297 ], [ 78.754730100000018, 21.4908876 ], [ 78.7516021, 21.4926419 ], [ 78.7508635, 21.4929756 ], [ 78.750931799999989, 21.4928411 ], [ 78.7278346, 21.4622515 ], [ 78.6880947, 21.4819208 ], [ 78.5854303, 21.4867194 ], [ 78.5408482, 21.5235414 ], [ 78.504918, 21.5266164 ], [ 78.4570677, 21.4959462 ], [ 78.433909, 21.5355836 ], [ 78.4165894, 21.6010938 ], [ 78.3556501, 21.5729625 ], [ 78.3208452, 21.5717573 ], [ 78.2644165, 21.5912615 ], [ 78.2234099, 21.552553 ], [ 78.1819784, 21.5566315 ], [ 78.1763372, 21.4991349 ], [ 78.0660667, 21.4374004 ], [ 77.9809691, 21.402414 ], [ 77.9018609, 21.3772982 ], [ 77.8224728, 21.4072352 ], [ 77.796639, 21.3889524 ], [ 77.7466707, 21.3796265 ], [ 77.737054, 21.3621792 ], [ 77.654516, 21.3873487 ], [ 77.6033428, 21.3896937 ], [ 77.6079635, 21.3652573 ], [ 77.563341, 21.3692188 ], [ 77.5632614, 21.3932467 ], [ 77.5585764, 21.4000549 ], [ 77.5476853, 21.4054285 ], [ 77.5427587, 21.4111205 ], [ 77.5379575, 21.4159951 ], [ 77.5314107, 21.4189958 ], [ 77.5144241, 21.3759301 ], [ 77.4916583, 21.3740511 ], [ 77.473521, 21.4541628 ], [ 77.4417293, 21.4714178 ], [ 77.4223652, 21.5169416 ], [ 77.4546129, 21.5537394 ], [ 77.508188800000013, 21.5508612 ], [ 77.5751163, 21.5264104 ], [ 77.611775, 21.5385407 ], [ 77.5762408, 21.5771385 ], [ 77.5618368, 21.6657278 ], [ 77.542128, 21.7061161 ], [ 77.5006917, 21.7467998 ], [ 77.4560055, 21.7601247 ], [ 77.405808, 21.7524961 ], [ 77.3240344, 21.7527204 ], [ 77.2599514, 21.7139787 ], [ 77.2268298, 21.7166734 ], [ 77.2103953, 21.6896405 ], [ 77.1296017, 21.7222133 ], [ 77.0623569, 21.7070841 ], [ 77.0083901, 21.6800649 ], [ 76.8974944, 21.596119 ], [ 76.8548961, 21.6133054 ], [ 76.8273246, 21.5883019 ], [ 76.7993741, 21.5950152 ], [ 76.7839215, 21.5740882 ], [ 76.7893647, 21.5397562 ], [ 76.76345, 21.5205 ], [ 76.79555, 21.4894103 ], [ 76.7857964, 21.4650228 ], [ 76.744281, 21.4397907 ], [ 76.7402075, 21.4112595 ], [ 76.6826553, 21.3783701 ], [ 76.6214964, 21.3322285 ], [ 76.6626285, 21.2804345 ], [ 76.6614132, 21.240621 ], [ 76.6415703, 21.2370392 ], [ 76.6231852, 21.1849172 ], [ 76.5607671, 21.1986973 ], [ 76.529800200000011, 21.1817828 ], [ 76.4930736, 21.1938166 ], [ 76.4372592, 21.1001341 ], [ 76.3803572, 21.0751382 ], [ 76.2788664, 21.0701057 ], [ 76.2718932, 21.088754 ], [ 76.1917377, 21.0865644 ], [ 76.135416, 21.1206879 ], [ 76.110176, 21.161178 ], [ 76.1651962, 21.169373 ], [ 76.1652633, 21.2211696 ], [ 76.1393367, 21.2372554 ], [ 76.1513965, 21.2434807 ], [ 76.1591685, 21.2534912 ], [ 76.1427762, 21.2856539 ], [ 76.128421300000014, 21.286593 ], [ 76.1203411, 21.3228345 ], [ 76.0956206, 21.3711185 ], [ 76.0477936, 21.3489616 ], [ 76.0293095, 21.3648535 ], [ 75.986561, 21.3687374 ], [ 75.9629468, 21.3896052 ], [ 75.9105416, 21.3824305 ], [ 75.8739708, 21.3924947 ], [ 75.8331926, 21.3766249 ], [ 75.8025349, 21.3844942 ], [ 75.7543286, 21.3797151 ], [ 75.7032755, 21.3880293 ], [ 75.6701274, 21.3745341 ], [ 75.6163558, 21.388046 ], [ 75.6156855, 21.3884074 ], [ 75.6107045, 21.3904843 ], [ 75.6080768, 21.3891699 ], [ 75.6071801, 21.3892284 ], [ 75.6075655, 21.3914186 ], [ 75.6069772, 21.391798 ], [ 75.6012351, 21.3871684 ], [ 75.5714685, 21.3816925 ], [ 75.5415057, 21.3690535 ], [ 75.496382400000016, 21.3872708 ], [ 75.4265103, 21.3907342 ], [ 75.3824259, 21.3792811 ], [ 75.3660113, 21.396441 ], [ 75.3160851, 21.3877875 ], [ 75.282633, 21.4078081 ], [ 75.2070903, 21.4127604 ], [ 75.1076983, 21.4622401 ], [ 75.0898918, 21.5153452 ], [ 75.0516598, 21.5664958 ], [ 74.9793097, 21.5951858 ], [ 74.8689242, 21.631424 ], [ 74.8289414, 21.6097417 ], [ 74.7836548, 21.610752 ], [ 74.6870646, 21.6317022 ], [ 74.6641765, 21.652297 ], [ 74.5821105, 21.6648566 ], [ 74.5478168, 21.7187338 ], [ 74.5129952, 21.7185146 ], [ 74.5140925, 21.7659059 ], [ 74.5002844, 21.8068164 ], [ 74.510131, 21.82923 ], [ 74.5093482, 21.9206604 ], [ 74.4890847, 21.9558134 ], [ 74.4383672, 21.9821611 ], [ 74.4317234, 22.0302246 ], [ 74.3901162, 22.0215475 ], [ 74.3505228, 21.9779722 ], [ 74.3088787, 21.9724149 ], [ 74.2809946, 21.9329607 ], [ 74.1816599, 21.9292629 ], [ 74.1572476, 21.9506692 ], [ 74.1514198, 21.9523048 ], [ 74.1467273, 21.9528209 ], [ 74.1467272, 21.9528209 ], [ 74.1465647, 21.952739 ], [ 74.1465065, 21.9526531 ], [ 74.1468931, 21.9483316 ], [ 74.140005, 21.9467517 ], [ 74.1368446, 21.9510193 ], [ 74.1080438, 21.9443036 ], [ 74.0526061, 21.9271099 ], [ 74.028718, 21.9112697 ], [ 73.8711452, 21.8411543 ], [ 73.826282600000013, 21.8426097 ], [ 73.8362342, 21.7467521 ], [ 73.881041400000015, 21.7146223 ], [ 73.8936975, 21.6713327 ], [ 73.8848553, 21.6535042 ], [ 73.8389142, 21.6332399 ], [ 73.7880926, 21.6340256 ], [ 73.781411, 21.6185177 ], [ 73.8122253, 21.6025301 ], [ 73.8347655, 21.5202075 ], [ 73.8533884, 21.4972882 ], [ 73.928771, 21.5229779 ], [ 73.9675018, 21.5226093 ], [ 74.0109989, 21.5490629 ], [ 74.0432862, 21.5455802 ], [ 74.098439, 21.5558199 ], [ 74.1377473, 21.5488861 ], [ 74.1577198, 21.5686964 ], [ 74.200256, 21.5323435 ], [ 74.2176257, 21.5445672 ], [ 74.2359694, 21.539336 ], [ 74.2633748, 21.5398314 ], [ 74.2761022, 21.5619242 ], [ 74.320765, 21.5290467 ], [ 74.3206405, 21.4984343 ], [ 74.255781, 21.4766173 ], [ 74.2139653, 21.4815342 ], [ 74.0466166, 21.44857050000001 ], [ 74.044315, 21.4190961 ], [ 74.0234519, 21.4177155 ], [ 74.0083395, 21.4227965 ], [ 73.9518371, 21.3952013 ], [ 73.9445626, 21.3809361 ], [ 73.9489877, 21.3509848 ], [ 73.9425414, 21.3001321 ], [ 73.8794258, 21.2657726 ], [ 73.8486821, 21.2746509 ], [ 73.8341175, 21.2708256 ], [ 73.8229577, 21.2652188 ], [ 73.8116297, 21.2310353 ], [ 73.8258711, 21.1999349 ], [ 73.8156868, 21.1738843 ], [ 73.7295556, 21.1651879 ], [ 73.6431377, 21.1393826 ], [ 73.5985654, 21.1564537 ], [ 73.6182388, 21.1182737 ], [ 73.6516806, 21.1074088 ], [ 73.7058422, 21.1081175 ], [ 73.7297355, 21.0822386 ], [ 73.780146, 21.064328 ], [ 73.814814, 21.0232909 ], [ 73.8677417, 20.9859258 ], [ 73.9011354, 20.9821492 ], [ 73.8882048, 20.9352285 ], [ 73.9255711, 20.8883474 ], [ 73.9235692, 20.8512198 ], [ 73.9422478, 20.7423224 ], [ 73.9049096, 20.7253094 ], [ 73.8744609, 20.7296469 ], [ 73.862674, 20.7031635 ], [ 73.8119084, 20.6919584 ], [ 73.830682, 20.6750272 ], [ 73.8383568, 20.6205482 ], [ 73.7749998, 20.599493 ], [ 73.7462712, 20.5683174 ], [ 73.7155244, 20.576367 ], [ 73.6834077, 20.5726336 ], [ 73.6696011, 20.5631987 ], [ 73.6523897, 20.564482 ], [ 73.6511846, 20.5684724 ], [ 73.6451149, 20.5738702 ], [ 73.6392387, 20.5775673 ], [ 73.6368385, 20.5774184 ], [ 73.6297009, 20.5811761 ], [ 73.6292094, 20.5817566 ], [ 73.627572, 20.5838747 ], [ 73.6269127, 20.5848886 ], [ 73.6273713, 20.5963422 ], [ 73.6218907, 20.6146527 ], [ 73.5995736, 20.6368234 ], [ 73.5509371, 20.6484531 ], [ 73.5312744, 20.6740958 ], [ 73.489293, 20.6556547 ], [ 73.4903287, 20.6863039 ], [ 73.4667812, 20.7220461 ], [ 73.4483915, 20.692216 ], [ 73.4125139, 20.6613857 ], [ 73.3920718, 20.6488832 ], [ 73.3941779, 20.6406953 ], [ 73.4202199, 20.6272367 ], [ 73.4291655, 20.5962347 ], [ 73.4742326, 20.5831453 ], [ 73.467729, 20.4963828 ], [ 73.4448937, 20.4746933 ], [ 73.4231887, 20.4220596 ], [ 73.3800122, 20.3939401 ], [ 73.399402, 20.3844492 ], [ 73.4137295, 20.3521103 ], [ 73.4273829, 20.2780384 ], [ 73.4107725, 20.238497 ], [ 73.4165721, 20.1982041 ], [ 73.3861217, 20.1962656 ], [ 73.3577569, 20.2127064 ], [ 73.3429141, 20.1994535 ], [ 73.3015647, 20.2098671 ], [ 73.2813025, 20.1901688 ], [ 73.2782007, 20.1486569 ], [ 73.254724900000014, 20.126982 ], [ 73.2450602, 20.1276008 ], [ 73.2349346, 20.1256821 ], [ 73.2264003, 20.1259177 ], [ 73.2256698, 20.1399125 ], [ 73.2179122, 20.1364095 ], [ 73.2169936, 20.128373 ], [ 73.2124604, 20.1213089 ], [ 73.2109994, 20.1211416 ], [ 73.2106575, 20.1204516 ], [ 73.2106576, 20.1204514 ], [ 73.2132993, 20.1193558 ], [ 73.2150931, 20.1191542 ], [ 73.2131537, 20.0910329 ], [ 73.1708517, 20.052072 ], [ 73.1473945, 20.0733091 ], [ 73.1385979, 20.0782317 ], [ 73.1382249, 20.084065 ], [ 73.131967800000012, 20.0817578 ], [ 73.1196218, 20.0787236 ], [ 73.1107835, 20.0744319 ], [ 73.1050446, 20.0883177 ], [ 73.0558525, 20.0989963 ], [ 73.0396164, 20.0670899 ], [ 73.0084092, 20.1081894 ], [ 72.9719139, 20.1146671 ], [ 72.9740168, 20.1583021 ], [ 72.9617285, 20.184253 ], [ 72.9599359, 20.1999484 ], [ 72.9613616, 20.2085612 ], [ 72.961614, 20.2087528 ], [ 72.9619649, 20.2090192 ], [ 72.9624868, 20.2094154 ], [ 72.962658, 20.2096811 ], [ 72.9495004, 20.2156112 ], [ 72.9330455, 20.2160902 ], [ 72.8994067, 20.2276023 ], [ 72.8704941, 20.2280849 ], [ 72.8210797, 20.1877219 ], [ 72.8170958, 20.1834034 ], [ 72.8200635, 20.1762229 ], [ 72.8194347, 20.1639184 ], [ 72.8164453, 20.1600953 ], [ 72.8169584, 20.1561502 ], [ 72.8106844, 20.1513457 ], [ 72.7886172, 20.1490826 ], [ 72.7852642, 20.1448806 ], [ 72.7772704, 20.1314225 ], [ 72.737732, 20.1278443 ], [ 72.7262873, 20.0817226 ], [ 72.7080911, 20.0710509 ], [ 72.7293437, 19.9799495 ], [ 72.7724148, 19.9680178 ], [ 72.7577856, 19.8988485 ], [ 72.7138218, 19.9594286 ], [ 72.6899614, 19.9586303 ], [ 72.6740651, 19.9221645 ], [ 72.6879496, 19.8726146 ], [ 72.6548989, 19.8349404 ], [ 72.6913021, 19.7955452 ], [ 72.6851157, 19.758572 ], [ 72.7084435, 19.7101257 ], [ 72.7135875, 19.6460128 ], [ 72.7423138, 19.6504848 ], [ 72.782145700000015, 19.6017028 ], [ 72.7163961, 19.5928741 ], [ 72.7319769, 19.527172 ], [ 72.7678058, 19.5075493 ], [ 72.7722072, 19.4861636 ], [ 72.7443391, 19.4622231 ], [ 72.7621144, 19.3970826 ], [ 72.7577173, 19.3760981 ], [ 72.7999972, 19.32992 ], [ 72.7868814, 19.3070751 ], [ 72.7758991, 19.2258272 ], [ 72.7966019, 19.1945286 ], [ 72.7816673, 19.1587014 ], [ 72.8141948, 19.1291463 ], [ 72.8267182, 19.0960738 ], [ 72.8144397, 18.9825084 ], [ 72.8237903, 18.9397395 ], [ 72.8106129, 18.8942942 ], [ 72.8643865, 18.8050835 ], [ 72.8650184, 18.7229355 ], [ 72.8565441, 18.6957405 ], [ 72.8655135, 18.6519283 ], [ 72.8888055, 18.6210828 ], [ 72.9312226, 18.5374765 ], [ 72.9171387, 18.5307475 ], [ 72.8950355, 18.4637105 ], [ 72.9086338, 18.4233728 ], [ 72.9113203, 18.365933 ], [ 72.9531831, 18.3349848 ], [ 72.98750410000001, 18.2880149 ], [ 73.0184158, 18.2842127 ], [ 73.0642391, 18.3053959 ], [ 73.0779558, 18.2375067 ], [ 73.069102, 18.2085628 ], [ 73.0091745, 18.2454037 ], [ 72.9746377, 18.240239 ], [ 72.9636186, 18.2804917 ], [ 72.9373115, 18.2746632 ], [ 72.935268, 18.2269776 ], [ 72.9760837, 18.20106 ], [ 72.9892486, 18.1577285 ], [ 72.971373, 18.1316213 ], [ 73.0357101, 17.9803409 ], [ 73.028818, 17.949584 ], [ 73.0556072, 17.9319985 ], [ 73.0525481, 17.9055773 ], [ 73.089819, 17.8450003 ], [ 73.1360397, 17.7076678 ], [ 73.1141078, 17.6895231 ], [ 73.148358, 17.597664 ], [ 73.1422197, 17.5456822 ], [ 73.1809092, 17.5095538 ], [ 73.1938395, 17.4648129 ], [ 73.1876318, 17.4148315 ], [ 73.2493896, 17.2961104 ], [ 73.1989542, 17.3050868 ], [ 73.2045383, 17.2695635 ], [ 73.2235274, 17.2655374 ], [ 73.2448194, 17.2225066 ], [ 73.2893758, 17.0741028 ], [ 73.2768419, 17.0356662 ], [ 73.2787476, 16.9930756 ], [ 73.2960432, 16.9843725 ], [ 73.2801011, 16.9048085 ], [ 73.3032476, 16.8913811 ], [ 73.2913548, 16.8436679 ], [ 73.3181057, 16.7955779 ], [ 73.3055461, 16.7299473 ], [ 73.3304922, 16.6871108 ], [ 73.3329433, 16.6504684 ], [ 73.351649, 16.6229531 ], [ 73.321857200000011, 16.5842832 ], [ 73.3337102, 16.5593039 ], [ 73.3188014, 16.5188496 ], [ 73.3588683, 16.4326039 ], [ 73.3682158, 16.3639373 ], [ 73.4048651, 16.297177 ], [ 73.4566171, 16.1287775 ], [ 73.4680489, 16.0532304 ], [ 73.4832951, 16.0362387 ], [ 73.4896701, 15.987934 ], [ 73.5099899, 15.9422383 ], [ 73.58691, 15.910726 ], [ 73.6293101, 15.8471413 ], [ 73.6754924, 15.7269108 ], [ 73.7311878, 15.7214788 ], [ 73.7425112, 15.7356064 ], [ 73.78547180000001, 15.7254517 ], [ 73.8252413, 15.7415447 ], [ 73.8564821, 15.8007569 ], [ 73.8796035, 15.7740612 ], [ 73.877817, 15.7492149 ], [ 73.9386974, 15.7426771 ], [ 73.9634965, 15.6921294 ], [ 73.9614094, 15.6414572 ], [ 73.9907758, 15.6114862 ], [ 74.0838059, 15.6341234 ], [ 74.0947721, 15.6416857 ], [ 74.1131012, 15.646063 ], [ 74.1139917, 15.6485502 ], [ 74.1157777, 15.6489436 ], [ 74.1183539, 15.6520405 ] ] ] } },
{ "type": "Feature", "properties": { "STATE.NAME": "Meghalaya", "AREA": 22414.542641 }, "geometry": { "type": "Polygon", "coordinates": [ [ [ 89.9764791, 25.2983256 ], [ 89.980949, 25.285327 ], [ 90.0598581, 25.2560331 ], [ 90.1123819, 25.2242377 ], [ 90.159653, 25.2235406 ], [ 90.2144721, 25.2032044 ], [ 90.3049192, 25.1869504 ], [ 90.3317186, 25.1917238 ], [ 90.377359, 25.1617893 ], [ 90.444566, 25.1438128 ], [ 90.5103798, 25.1684679 ], [ 90.6363013, 25.1732072 ], [ 90.6649804, 25.1846336 ], [ 90.6888978, 25.1611398 ], [ 90.7604566, 25.1651899 ], [ 90.7901474, 25.1823742 ], [ 90.8195163, 25.1635384 ], [ 90.8693807, 25.159669 ], [ 90.9655432, 25.1714183 ], [ 91.0815072, 25.2019326 ], [ 91.1347205, 25.1929597 ], [ 91.2646444, 25.2067872 ], [ 91.3453215, 25.1724592 ], [ 91.4138793, 25.1724693 ], [ 91.4318193, 25.1557481 ], [ 91.4930522, 25.1347012 ], [ 91.5537767, 25.1513646 ], [ 91.6028697, 25.1736963 ], [ 91.6420144, 25.1243435 ], [ 91.6888999, 25.1381386 ], [ 91.7466416, 25.1716823 ], [ 91.8063832, 25.1693707 ], [ 91.9470762, 25.1833015 ], [ 91.9831626, 25.171572 ], [ 92.0108301, 25.1891426 ], [ 92.0745521, 25.1862023 ], [ 92.1223803, 25.1659104 ], [ 92.135496, 25.1433012 ], [ 92.1758618, 25.1233254 ], [ 92.1996495, 25.1254022 ], [ 92.2293232, 25.0971553 ], [ 92.2972358, 25.0720948 ], [ 92.3409258, 25.0780935 ], [ 92.3423935, 25.0557025 ], [ 92.4016317, 25.0336336 ], [ 92.4152082, 25.0344811 ], [ 92.4222155, 25.0301406 ], [ 92.4222156, 25.0301406 ], [ 92.4252233, 25.0296576 ], [ 92.4261347, 25.0296078 ], [ 92.4289151, 25.0291534 ], [ 92.4291628, 25.0292488 ], [ 92.4305926, 25.031933 ], [ 92.4317885, 25.0349913 ], [ 92.4325359, 25.0352682 ], [ 92.438101, 25.0347474 ], [ 92.4384143, 25.0441727 ], [ 92.4568868, 25.0541675 ], [ 92.4791341, 25.0864872 ], [ 92.4808752, 25.1086753 ], [ 92.4968688, 25.1096054 ], [ 92.5058134, 25.1048398 ], [ 92.5182973, 25.1062723 ], [ 92.5277259, 25.1040969 ], [ 92.5304313, 25.10041 ], [ 92.5379753, 25.0987069 ], [ 92.5388159, 25.1005895 ], [ 92.523007, 25.1260706 ], [ 92.524808, 25.1352885 ], [ 92.5680917, 25.1283384 ], [ 92.58799, 25.1288834 ], [ 92.627814, 25.1374761 ], [ 92.6583345, 25.1720453 ], [ 92.6938083, 25.1793362 ], [ 92.7427825, 25.2067518 ], [ 92.7748413, 25.1997363 ], [ 92.8014253, 25.2203387 ], [ 92.7715759, 25.23008 ], [ 92.761796, 25.2466283 ], [ 92.7917965, 25.2843703 ], [ 92.7820401, 25.332845 ], [ 92.7004768, 25.3849411 ], [ 92.6880597, 25.4021796 ], [ 92.6522231, 25.429326 ], [ 92.6519057, 25.432946 ], [ 92.6469939, 25.4283431 ], [ 92.6377729, 25.4188522 ], [ 92.6362033, 25.4266878 ], [ 92.6184942, 25.4230999 ], [ 92.6003606, 25.4648525 ], [ 92.5735668, 25.490577 ], [ 92.6427519, 25.5349082 ], [ 92.6226887, 25.5658177 ], [ 92.5849507, 25.5505884 ], [ 92.5565648, 25.5714256 ], [ 92.555552800000015, 25.6103804 ], [ 92.5525782, 25.6149918 ], [ 92.5055445, 25.6164099 ], [ 92.4702493, 25.6752499 ], [ 92.440291, 25.6922278 ], [ 92.4440533, 25.719938 ], [ 92.4145648, 25.7405209 ], [ 92.3729745, 25.7502662 ], [ 92.3641843, 25.7374525 ], [ 92.2642887, 25.7091891 ], [ 92.2249529, 25.7161874 ], [ 92.1637594, 25.6671067 ], [ 92.1477353, 25.773048 ], [ 92.1510202, 25.8158336 ], [ 92.1774245, 25.8515986 ], [ 92.1771649, 25.8728471 ], [ 92.220290300000016, 25.9000941 ], [ 92.2229638, 25.9106896 ], [ 92.2012242, 25.9083467 ], [ 92.1859983, 25.9167306 ], [ 92.175469, 25.9074644 ], [ 92.1567428, 25.9147314 ], [ 92.1600479, 25.9352162 ], [ 92.1523584, 25.9444158 ], [ 92.1641331, 25.9703731 ], [ 92.2043372, 26.0014117 ], [ 92.2627185, 26.0327254 ], [ 92.2582374, 26.0635604 ], [ 92.169073, 26.0776496 ], [ 92.1319346, 26.0443945 ], [ 92.1078429, 26.0507572 ], [ 92.0637291, 26.0341415 ], [ 91.9885499, 26.0375754 ], [ 91.933658, 26.0104299 ], [ 91.8744501, 26.036826 ], [ 91.8790968, 26.0980726 ], [ 91.821227, 26.1176025 ], [ 91.7252757, 26.0462729 ], [ 91.7200337, 25.9536923 ], [ 91.6705263, 25.9042479 ], [ 91.6511156, 25.9066627 ], [ 91.6210341, 25.9324042 ], [ 91.6112219, 25.9447645 ], [ 91.6292656, 25.9467963 ], [ 91.6355577, 25.9617261 ], [ 91.634698200000017, 26.0128787 ], [ 91.6200735, 26.0258814 ], [ 91.5707504, 26.0259211 ], [ 91.5079393, 25.9088884 ], [ 91.4782927, 25.8875667 ], [ 91.4693999, 25.8592541 ], [ 91.3652523, 25.8401033 ], [ 91.3356318, 25.8407888 ], [ 91.2744657, 25.750543 ], [ 91.2223817, 25.7226587 ], [ 91.1888724, 25.7505407 ], [ 91.1781909, 25.7774468 ], [ 91.2033612, 25.8442393 ], [ 91.1474796, 25.8505867 ], [ 91.1195644, 25.8327966 ], [ 91.0831135, 25.8302274 ], [ 91.047218, 25.8489528 ], [ 91.0015205, 25.8246521 ], [ 91.0304795, 25.8858963 ], [ 90.9659103, 25.8885335 ], [ 90.9593902, 25.9313049 ], [ 90.9399234, 25.9473956 ], [ 90.8943544, 25.9312741 ], [ 90.8747586, 25.9426442 ], [ 90.8090801, 25.9475036 ], [ 90.7780364, 25.9087086 ], [ 90.7137802, 25.9517651 ], [ 90.6882689, 25.9490029 ], [ 90.6725882, 25.9347336 ], [ 90.6284735, 25.9176859 ], [ 90.6240592, 25.9392689 ], [ 90.5854509, 25.957447 ], [ 90.5766666, 25.9368431 ], [ 90.5263543, 25.9049376 ], [ 90.5349402, 25.9496813 ], [ 90.4760712, 26.0096796 ], [ 90.4301584, 25.9890426 ], [ 90.3996843, 26.0126088 ], [ 90.3496515, 26.0042209 ], [ 90.3273603, 25.9744672 ], [ 90.2835236, 25.9631322 ], [ 90.2114315, 25.9526853 ], [ 90.2028087, 25.9609546 ], [ 90.1932303, 25.9560449 ], [ 90.1902422, 25.9508367 ], [ 90.1877487, 25.9503855 ], [ 90.1866953, 25.947497 ], [ 90.1812717, 25.949266 ], [ 90.1770128, 25.9589061 ], [ 90.116789400000016, 25.9573098 ], [ 90.0861757, 25.9195582 ], [ 90.0056638, 25.879081 ], [ 90.003524500000012, 25.8393268 ], [ 89.9813919, 25.8356045 ], [ 89.9779955, 25.8284857 ], [ 89.9718812, 25.8271379 ], [ 89.9684828, 25.8273078 ], [ 89.9662817, 25.8295085 ], [ 89.9645752, 25.82646 ], [ 89.9619434, 25.8202797 ], [ 89.9540972, 25.8213617 ], [ 89.9543922, 25.8269108 ], [ 89.948106, 25.8239122 ], [ 89.9510004, 25.821152 ], [ 89.9484791, 25.8151811 ], [ 89.9559504, 25.8109899 ], [ 89.9581849, 25.8016717 ], [ 89.9549785, 25.767563 ], [ 89.9231011, 25.7385854 ], [ 89.8996422, 25.7472299 ], [ 89.8956324, 25.7316412 ], [ 89.923521, 25.6945844 ], [ 89.9443537, 25.679348 ], [ 89.946679, 25.6619567 ], [ 89.94869340000001, 25.6578801 ], [ 89.9496288, 25.6566611 ], [ 89.9500667, 25.6561914 ], [ 89.95039, 25.6556948 ], [ 89.9507633, 25.6553064 ], [ 89.9530778, 25.65373 ], [ 89.9827129, 25.6279488 ], [ 90.0201868, 25.6075785 ], [ 89.93724, 25.564652 ], [ 89.8776326, 25.5498115 ], [ 89.870822, 25.4759379 ], [ 89.8634844, 25.4707182 ], [ 89.8564808, 25.4678488 ], [ 89.8544183, 25.4674458 ], [ 89.8530205, 25.4632594 ], [ 89.8421084, 25.4497827 ], [ 89.8342127, 25.4349268 ], [ 89.8140203, 25.3699471 ], [ 89.8401091, 25.3185101 ], [ 89.8348865, 25.296042 ], [ 89.8693641, 25.2871584 ], [ 89.908111, 25.3078432 ], [ 89.9764791, 25.2983256 ] ] ] } },
{ "type": "Feature", "properties": { "STATE.NAME": "Ladakh", "AREA": 168734.05193299998 }, "geometry": { "type": "Polygon", "coordinates": [ [ [ 76.7712336, 33.2496295 ], [ 76.7720246, 33.2513519 ], [ 76.7755413, 33.2536339 ], [ 76.7927211, 33.256636 ], [ 76.8258277, 33.2147021 ], [ 76.8169567, 33.1597807 ], [ 76.8552895, 33.1142943 ], [ 76.8851712, 33.121646 ], [ 76.9415536, 33.0283898 ], [ 76.972999, 32.9998394 ], [ 77.0102952, 32.9891044 ], [ 77.0489982, 32.9990377 ], [ 77.095487, 32.9710534 ], [ 77.1497255, 32.978146 ], [ 77.1641818, 32.9188967 ], [ 77.1702223, 32.9107559 ], [ 77.1784528, 32.9227606 ], [ 77.188566, 32.9286618 ], [ 77.1991856, 32.9088651 ], [ 77.2339202, 32.893738 ], [ 77.3197175, 32.8522195 ], [ 77.3390271, 32.816778 ], [ 77.3738876, 32.8244598 ], [ 77.3744043, 32.8547359 ], [ 77.3974074, 32.8785487 ], [ 77.4449113, 32.8796025 ], [ 77.4690067, 32.858448 ], [ 77.5016873, 32.8856165 ], [ 77.540202, 32.8874455 ], [ 77.5650733, 32.9129335 ], [ 77.713052, 32.9825684 ], [ 77.8000027, 32.9121517 ], [ 77.7839177, 32.8827694 ], [ 77.7919705, 32.855788 ], [ 77.8391344, 32.8421296 ], [ 77.8788129, 32.8187748 ], [ 77.8840859, 32.7877072 ], [ 77.9258225, 32.7720249 ], [ 77.9342849, 32.7260041 ], [ 77.9207207, 32.6886039 ], [ 77.9518038, 32.6589126 ], [ 78.015837500000018, 32.6197566 ], [ 78.0989068, 32.6303849 ], [ 78.110585, 32.6626032 ], [ 78.1429087, 32.6818657 ], [ 78.219466700000012, 32.6647004 ], [ 78.2530162, 32.6910561 ], [ 78.3122245, 32.7091678 ], [ 78.3041968, 32.7342221 ], [ 78.357173, 32.7577783 ], [ 78.3877167, 32.756932 ], [ 78.3943563, 32.7156119 ], [ 78.3795886, 32.668253299999989 ], [ 78.4051713, 32.6194218 ], [ 78.3480111, 32.5810636 ], [ 78.3128468, 32.5737143 ], [ 78.3153131, 32.5254239 ], [ 78.2946013, 32.5040868 ], [ 78.3264389, 32.4720191 ], [ 78.3724897, 32.5087551 ], [ 78.3928376, 32.5221398 ], [ 78.3985909, 32.5257416 ], [ 78.4040574, 32.528541 ], [ 78.4257542, 32.5310851 ], [ 78.4424606, 32.569687099999989 ], [ 78.4945713, 32.5806751 ], [ 78.5343234, 32.6084129 ], [ 78.5867184, 32.615673 ], [ 78.6176139, 32.5958344 ], [ 78.6606362, 32.6533328 ], [ 78.7216138, 32.6609572 ], [ 78.7481323, 32.6813427 ], [ 78.7910694, 32.6182012 ], [ 78.7749731, 32.5729129 ], [ 78.8257763, 32.4384892 ], [ 78.8574144, 32.4404307 ], [ 78.902016, 32.3926579 ], [ 78.958684800000015, 32.3667642 ], [ 78.9775356, 32.3390343 ], [ 79.0131279, 32.3770594 ], [ 79.0590988, 32.3903663 ], [ 79.1136097, 32.3840174 ], [ 79.145761, 32.4368114 ], [ 79.1304757, 32.4706541 ], [ 79.1936405, 32.4827852 ], [ 79.2756544, 32.533783 ], [ 79.337993, 32.5917924 ], [ 79.3930077, 32.572093 ], [ 79.3979094, 32.5368515 ], [ 79.4466004, 32.5323047 ], [ 79.4682778, 32.5760932 ], [ 79.5142024, 32.6079037 ], [ 79.5655845, 32.6730398 ], [ 79.6253428, 32.7373123 ], [ 79.6016742, 32.7767415 ], [ 79.5717138, 32.7822056 ], [ 79.4625099, 32.9198321 ], [ 79.420780400000012, 32.9612926 ], [ 79.3819496, 32.9720601 ], [ 79.3340348, 33.0160796 ], [ 79.3807935, 33.0274692 ], [ 79.3920048, 33.0538542 ], [ 79.3758664, 33.0844807 ], [ 79.3919144, 33.1241894 ], [ 79.4367442, 33.1895688 ], [ 79.4533703, 33.2582803 ], [ 79.3642629, 33.2824382 ], [ 79.3260524, 33.2723141 ], [ 79.2391162, 33.2975306 ], [ 79.1327299, 33.2898105 ], [ 79.0958323, 33.2943182 ], [ 79.0243243, 33.3289985 ], [ 78.9919717, 33.3304992 ], [ 78.9318775, 33.4325036 ], [ 78.9391179, 33.5262557 ], [ 78.9138565, 33.5756806 ], [ 78.9177762, 33.6332727 ], [ 78.9884393, 33.6108813 ], [ 79.0286683, 33.6258102 ], [ 79.1039682, 33.6133557 ], [ 79.0906293, 33.6792204 ], [ 79.0524733, 33.6778319 ], [ 79.0190386, 33.7054263 ], [ 79.0523498, 33.7781059 ], [ 79.0187181, 33.7754126 ], [ 78.9042112, 33.9758716 ], [ 78.9390873, 34.0236694 ], [ 79.0132863, 34.049962799999989 ], [ 79.0826012, 34.0215601 ], [ 79.142258, 34.0348563 ], [ 79.1501243, 34.0677656 ], [ 79.1965442, 34.0509066 ], [ 79.25866, 34.0480868 ], [ 79.374120499999989, 34.0330642 ], [ 79.4181698, 34.0140266 ], [ 79.4126912, 34.0554938 ], [ 79.4326628, 34.0929761 ], [ 79.4596919, 34.1016489 ], [ 79.4931919, 34.1355426 ], [ 79.4932293, 34.1796301 ], [ 79.5095393, 34.210153 ], [ 79.5355546, 34.205474 ], [ 79.5826705, 34.2380128 ], [ 79.5905998, 34.2813057 ], [ 79.5580097, 34.3320819 ], [ 79.5580417, 34.4108259 ], [ 79.5265835, 34.4176276 ], [ 79.5069577, 34.4739161 ], [ 79.5786507, 34.4895665 ], [ 79.6593749, 34.4797863 ], [ 79.7318124, 34.4779687 ], [ 79.7924422, 34.4846955 ], [ 79.8086979, 34.530946 ], [ 79.756875, 34.5543507 ], [ 79.7909302, 34.5922201 ], [ 79.7703889, 34.6221043 ], [ 79.8590656, 34.6883806 ], [ 79.9429503, 34.6806921 ], [ 80.067412, 34.7144056 ], [ 80.0715209, 34.8280515 ], [ 80.1220373, 34.8930421 ], [ 80.1692475, 34.9884694 ], [ 80.184229, 35.0628234 ], [ 80.1762149, 35.1364545 ], [ 80.1818919, 35.166326 ], [ 80.227037, 35.2276861 ], [ 80.234016, 35.2762168 ], [ 80.269265, 35.3438134 ], [ 80.281889, 35.387457 ], [ 80.2794163, 35.4404359 ], [ 80.3269773, 35.472149 ], [ 80.2930124, 35.6019602 ], [ 80.2356786, 35.6414957 ], [ 80.1137821, 35.6765384 ], [ 80.0865382, 35.7247282 ], [ 80.0565997, 35.7494854 ], [ 80.036606, 35.7993046 ], [ 79.9975485, 35.8372911 ], [ 79.9522966, 35.8367049 ], [ 79.9169353, 35.8217898 ], [ 79.8672663, 35.7823687 ], [ 79.7444541, 35.7998592 ], [ 79.66392, 35.8348044 ], [ 79.558287, 35.8612995 ], [ 79.5168071, 35.8830418 ], [ 79.424079, 35.8946476 ], [ 79.4015893, 35.9183135 ], [ 79.3852662, 35.989982 ], [ 79.2402889, 35.9862661 ], [ 79.2139348, 35.978295 ], [ 79.1882841, 35.9467108 ], [ 79.1963024, 35.8980852 ], [ 79.1787474, 35.869767 ], [ 79.1161527, 35.8361459 ], [ 79.0070441, 35.8535375 ], [ 78.9568034, 35.8912136 ], [ 78.9384212, 35.8790932 ], [ 78.8029757, 35.8553144 ], [ 78.7673033, 35.8691825 ], [ 78.7173876, 35.867849 ], [ 78.656736900000013, 35.8534665 ], [ 78.6094955, 35.8133809 ], [ 78.5791276, 35.8075749 ], [ 78.5198315, 35.7632863 ], [ 78.4217956, 35.7848342 ], [ 78.3891287, 35.7379049 ], [ 78.337444, 35.7200722 ], [ 78.271936, 35.7214707 ], [ 78.2706693, 35.6684111 ], [ 78.2536708, 35.6451554 ], [ 78.1984058, 35.6531447 ], [ 78.1650927, 35.6126941 ], [ 78.1359294, 35.5383964 ], [ 78.0763313, 35.548683 ], [ 78.044943, 35.5848467 ], [ 77.9659424, 35.5744961 ], [ 77.9046017, 35.4688458 ], [ 77.8675523, 35.4796066 ], [ 77.8243107, 35.5099625 ], [ 77.7770203, 35.4941646 ], [ 77.736107, 35.5227082 ], [ 77.7241251, 35.4766167 ], [ 77.6227083, 35.4716171 ], [ 77.5155638, 35.4881263 ], [ 77.4492975, 35.4624167 ], [ 77.3765108, 35.4778829 ], [ 77.3209463, 35.5363154 ], [ 77.377105, 35.5498614 ], [ 77.438933100000014, 35.5175747 ], [ 77.4711139, 35.5206307 ], [ 77.4555508, 35.5931203 ], [ 77.4258404, 35.6100536 ], [ 77.4366142, 35.6405976 ], [ 77.402804, 35.6606835 ], [ 77.35715, 35.7172187 ], [ 77.284177900000017, 35.7105674 ], [ 77.2233106, 35.7144762 ], [ 77.174051100000014, 35.731223 ], [ 77.1646195, 35.7581275 ], [ 77.1182773, 35.7959029 ], [ 77.0802619, 35.7972789 ], [ 77.032074100000017, 35.7759067 ], [ 76.9339898, 35.7835437 ], [ 76.8937136, 35.7992205 ], [ 76.8641318, 35.8259547 ], [ 76.8025609, 35.8498899 ], [ 76.7844654, 35.8894202 ], [ 76.7215619, 35.9529 ], [ 76.7670149, 36.0074828 ], [ 76.8037663, 36.0163475 ], [ 76.7995085, 36.0484567 ], [ 76.7247934, 36.0779359 ], [ 76.6960656, 36.1353503 ], [ 76.6360798, 36.1843726 ], [ 76.5999701, 36.1649984 ], [ 76.5436751, 36.1922032 ], [ 76.4805265, 36.2108533 ], [ 76.454847, 36.2408393 ], [ 76.4308294, 36.3075969 ], [ 76.3512435, 36.3593031 ], [ 76.2536086, 36.347224 ], [ 76.1974899, 36.3868703 ], [ 76.1719923, 36.3897265 ], [ 76.1239675, 36.4368785 ], [ 76.0680976, 36.4769621 ], [ 75.9959265, 36.4837463 ], [ 75.9222505, 36.5018594 ], [ 75.8479637, 36.5437281 ], [ 75.8051174, 36.5537419 ], [ 75.7472442, 36.5878084 ], [ 75.6741093, 36.6954223 ], [ 75.6154046, 36.7609853 ], [ 75.4779352, 36.8061506 ], [ 75.4617954, 36.824605 ], [ 75.446998400000012, 36.8797361 ], [ 75.4212903, 36.8859774 ], [ 75.4077249, 36.916056 ], [ 75.426885, 36.9513217 ], [ 75.3732737, 36.9606811 ], [ 75.3441554, 37.0024308 ], [ 75.3438892, 37.0507296 ], [ 75.263931, 37.0512804 ], [ 75.2012652, 37.0204642 ], [ 75.134831, 36.9567232 ], [ 75.0860696, 36.9422731 ], [ 75.0177425, 36.9757275 ], [ 74.940351, 36.934082599999989 ], [ 74.9130719, 36.9084821 ], [ 74.8450688, 36.9892916 ], [ 74.8328901, 37.0242414 ], [ 74.7272808, 37.0253342 ], [ 74.7077347, 37.0769578 ], [ 74.6583069, 37.0570734 ], [ 74.5808969, 37.0427842 ], [ 74.5884991, 37.0279242 ], [ 74.577749, 36.9479446 ], [ 74.5535233, 36.9529751 ], [ 74.5327851, 36.9854441 ], [ 74.4284537, 36.9891409 ], [ 74.3643939, 36.9561298 ], [ 74.3120338, 36.9151434 ], [ 74.260473, 36.8859162 ], [ 74.1726368, 36.9032776 ], [ 74.1455418, 36.8464448 ], [ 74.0918045, 36.8379371 ], [ 74.0512903, 36.805929299999988 ], [ 74.0251309, 36.8256306 ], [ 73.9704929, 36.8394338 ], [ 73.9369406, 36.8732934 ], [ 73.8779188, 36.8937436 ], [ 73.8088275, 36.8958185 ], [ 73.710368, 36.9120955 ], [ 73.680603, 36.8849063 ], [ 73.7182348, 36.856542 ], [ 73.7256746, 36.8320337 ], [ 73.8086068, 36.8121226 ], [ 73.8330091, 36.7872783 ], [ 73.8627529, 36.7875948 ], [ 73.8992137, 36.7490542 ], [ 73.8999559, 36.7060762 ], [ 73.8654081, 36.6994194 ], [ 73.8082192, 36.7160669 ], [ 73.7899877, 36.7038624 ], [ 73.7242467, 36.7093578 ], [ 73.6997531, 36.6842239 ], [ 73.6066462, 36.6978679 ], [ 73.6047956, 36.7150249 ], [ 73.52910030000001, 36.7200766 ], [ 73.4354912, 36.7439003 ], [ 73.3683502, 36.7319918 ], [ 73.3600524, 36.714802 ], [ 73.3139577, 36.7057674 ], [ 73.2090908, 36.701267 ], [ 73.1931092, 36.7201589 ], [ 73.1303779, 36.6876475 ], [ 73.0842269, 36.6816597 ], [ 73.0901111, 36.6423769 ], [ 73.1117207, 36.6094455 ], [ 73.0607603, 36.5370972 ], [ 73.0212349, 36.5242724 ], [ 72.9917934, 36.4962434 ], [ 72.9913186, 36.4574653 ], [ 72.9215497, 36.462318 ], [ 72.8767312, 36.4374613 ], [ 72.8893774, 36.3971947 ], [ 72.8362768, 36.3654191 ], [ 72.7778445, 36.309249 ], [ 72.6637022, 36.2633243 ], [ 72.6340693, 36.2760234 ], [ 72.5964145, 36.263618 ], [ 72.5629483, 36.2158802 ], [ 72.5508655, 36.1805346 ], [ 72.5731303, 36.1503381 ], [ 72.5359274, 36.1138975 ], [ 72.5310584, 36.0717943 ], [ 72.5855274, 36.049832699999989 ], [ 72.595346, 36.0267325 ], [ 72.5482552, 35.9628432 ], [ 72.5330545, 35.9168341 ], [ 72.5694042, 35.905173399999988 ], [ 72.5943598, 35.8750273 ], [ 72.6449632, 35.8657468 ], [ 72.690451200000012, 35.8322793 ], [ 72.7227046, 35.8533251 ], [ 72.7765892, 35.843428 ], [ 72.7983163, 35.8668932 ], [ 72.9009112, 35.8810723 ], [ 72.928688, 35.8449476 ], [ 72.987191, 35.8606482 ], [ 73.0373741, 35.8541692 ], [ 73.0784174, 35.8856664 ], [ 73.1522845, 35.8419698 ], [ 73.134232, 35.7848965 ], [ 73.1385509, 35.7179941 ], [ 73.2147753, 35.6745002 ], [ 73.2719708, 35.6291871 ], [ 73.3689113, 35.6036256 ], [ 73.4060479, 35.5634483 ], [ 73.4809648, 35.5767198 ], [ 73.5312584, 35.570572 ], [ 73.5570563, 35.5551133 ], [ 73.6346497, 35.5712824 ], [ 73.6718855, 35.550662 ], [ 73.7199709, 35.5529183 ], [ 73.7342319, 35.5360936 ], [ 73.7852145, 35.5237807 ], [ 73.7948102, 35.4614301 ], [ 73.7380873, 35.4273878 ], [ 73.6996322, 35.3578345 ], [ 73.6990572, 35.3226796 ], [ 73.7262638, 35.2777221 ], [ 73.7143627, 35.2279163 ], [ 73.730906, 35.2167714 ], [ 73.7767138, 35.2433277 ], [ 73.8459717, 35.2290708 ], [ 73.8643701, 35.2102722 ], [ 73.9164302, 35.21169 ], [ 73.9627751, 35.1735239 ], [ 73.9912399, 35.1841917 ], [ 74.0441524, 35.1459087 ], [ 74.0729673, 35.1538536 ], [ 74.1011662, 35.145326 ], [ 74.1098051, 35.1296975 ], [ 74.1253877, 35.1202091 ], [ 74.1333581, 35.1120897 ], [ 74.1338607, 35.1093858 ], [ 74.1334843, 35.107488 ], [ 74.1374542, 35.1044643 ], [ 74.1520768, 35.0933269 ], [ 74.1627844, 35.0861885 ], [ 74.2282195, 35.0826193 ], [ 74.2532039, 35.0374095 ], [ 74.3084074, 35.0600144 ], [ 74.3802672, 35.0576349 ], [ 74.4397537, 35.1180732 ], [ 74.472590200000013, 35.1156938 ], [ 74.5154205, 35.0947546 ], [ 74.5415945, 35.066677 ], [ 74.5354079, 35.0314609 ], [ 74.5872802, 35.0095699 ], [ 74.5715757, 34.9657879 ], [ 74.5763346, 34.9001147 ], [ 74.5677686, 34.8729889 ], [ 74.5301732, 34.8568086 ], [ 74.4573616, 34.8525256 ], [ 74.420242, 34.8016051 ], [ 74.3959715, 34.8039846 ], [ 74.3574243, 34.7897078 ], [ 74.4364224, 34.774955 ], [ 74.4606929, 34.7806657 ], [ 74.5525401, 34.7725755 ], [ 74.5934668, 34.7568711 ], [ 74.6063159, 34.726414 ], [ 74.6515257, 34.6973845 ], [ 74.7333791, 34.6712105 ], [ 74.8775745, 34.6607408 ], [ 74.9253362, 34.6634605 ], [ 75.0208181, 34.6260007 ], [ 75.0779251, 34.6383739 ], [ 75.1750071, 34.6455123 ], [ 75.2454391, 34.625048899999989 ], [ 75.3410934, 34.5527133 ], [ 75.3458524, 34.5079796 ], [ 75.3196783, 34.4346921 ], [ 75.3720264, 34.4066145 ], [ 75.3769332, 34.3484534 ], [ 75.4060346, 34.2844535 ], [ 75.474353100000016, 34.280943 ], [ 75.4971134, 34.2334009 ], [ 75.5797348, 34.214387 ], [ 75.5949779, 34.1982471 ], [ 75.6551419, 34.2426683 ], [ 75.6989117, 34.2150993 ], [ 75.6870074, 34.1590118 ], [ 75.7126289, 34.1148691 ], [ 75.7480408, 34.096629 ], [ 75.7664199, 34.0600064 ], [ 75.8198569, 34.0452975 ], [ 75.8641419, 34.0125081 ], [ 75.8519437, 33.9813823 ], [ 75.9434682, 33.9873831 ], [ 75.9779183, 34.0005418 ], [ 76.0260784, 33.9934472 ], [ 76.0476504, 33.9290775 ], [ 76.0845616, 33.8882895 ], [ 76.1509087, 33.8361169 ], [ 76.1582986, 33.808179599999988 ], [ 76.2007969, 33.775284 ], [ 76.2389183, 33.77209 ], [ 76.2711191, 33.7308541 ], [ 76.2698409, 33.6431151 ], [ 76.2298572, 33.6307743 ], [ 76.2241793, 33.6004017 ], [ 76.2255144, 33.5473819 ], [ 76.2596022, 33.5651129 ], [ 76.3029774, 33.5676494 ], [ 76.3000841, 33.6009293 ], [ 76.3592249, 33.6033649 ], [ 76.3840224, 33.552468 ], [ 76.4579476, 33.5371649 ], [ 76.507023, 33.5102902 ], [ 76.541745, 33.4700242 ], [ 76.5763087, 33.4530863 ], [ 76.5775929, 33.4296945 ], [ 76.628716, 33.4348952 ], [ 76.6394427, 33.39289 ], [ 76.6706269, 33.3420217 ], [ 76.7176888, 33.3287439 ], [ 76.7372389, 33.2609791 ], [ 76.7542827, 33.2487748 ], [ 76.7676363, 33.2484093 ], [ 76.7692532, 33.2488661 ], [ 76.7700463, 33.2491678 ], [ 76.7712335, 33.2496293 ], [ 76.7712336, 33.2496295 ] ] ] } },
{ "type": "Feature", "properties": { "STATE.NAME": "Kerala", "AREA": 38809.828401 }, "geometry": { "type": "Polygon", "coordinates": [ [ [ 76.4313351, 11.6664813 ], [ 76.4308399, 11.6665537 ], [ 76.4299456, 11.6662239 ], [ 76.4294459, 11.6663234 ], [ 76.4281626, 11.6700616 ], [ 76.424861, 11.6715222 ], [ 76.4167077, 11.6718217 ], [ 76.4084782, 11.6895996 ], [ 76.4080224, 11.7148526 ], [ 76.424677, 11.7209841 ], [ 76.4132772, 11.7402409 ], [ 76.4122835, 11.7518974 ], [ 76.4147701, 11.7550881 ], [ 76.411108, 11.758154 ], [ 76.3933848, 11.7551036 ], [ 76.3769765, 11.7446228 ], [ 76.3397218, 11.739083 ], [ 76.318872, 11.7508765 ], [ 76.3077331, 11.784875 ], [ 76.2801928, 11.8124304 ], [ 76.2270271, 11.8062348 ], [ 76.20965790000001, 11.8282002 ], [ 76.2068884, 11.8620351 ], [ 76.1574894, 11.8705553 ], [ 76.1149214, 11.8667324 ], [ 76.1124834, 11.9787989 ], [ 76.0700888, 11.9671544 ], [ 76.0335194, 11.940251 ], [ 76.003191, 11.9314704 ], [ 75.9563629, 11.9419768 ], [ 75.8968388, 11.9447698 ], [ 75.8585206, 11.9589307 ], [ 75.8300216, 11.9840778 ], [ 75.8010794, 12.0370352 ], [ 75.8027264, 12.0795045 ], [ 75.7503734, 12.0842567 ], [ 75.7277353, 12.0726266 ], [ 75.6871722, 12.1103239 ], [ 75.6489316, 12.1086307 ], [ 75.643204, 12.1379525 ], [ 75.620905, 12.155225 ], [ 75.5770273, 12.1569109 ], [ 75.5408291, 12.2005396 ], [ 75.5053811, 12.2708021 ], [ 75.4849447, 12.2899882 ], [ 75.4652729, 12.2894002 ], [ 75.4326619, 12.2934095 ], [ 75.4312293, 12.308041 ], [ 75.4307408, 12.3105098 ], [ 75.428023, 12.3101478 ], [ 75.4235647, 12.3138574 ], [ 75.4108785, 12.3460383 ], [ 75.4219377, 12.3727462 ], [ 75.3796809, 12.3921142 ], [ 75.3659342, 12.4119715 ], [ 75.3705488, 12.4566321 ], [ 75.3926814, 12.4547251 ], [ 75.4133248, 12.4586416 ], [ 75.423268299999989, 12.4668428 ], [ 75.4245667, 12.4749233 ], [ 75.4203089, 12.4798364 ], [ 75.4178833, 12.4975976 ], [ 75.3819397, 12.5020705 ], [ 75.358565, 12.4642923 ], [ 75.3321743, 12.4996143 ], [ 75.2801074, 12.5241876 ], [ 75.2720708, 12.570245 ], [ 75.2897187, 12.5838845 ], [ 75.2755328, 12.61978 ], [ 75.2375236, 12.5684038 ], [ 75.2203385, 12.5682012 ], [ 75.1822067, 12.6316741 ], [ 75.1436404, 12.6417594 ], [ 75.1513149, 12.6573789 ], [ 75.1580589, 12.666574 ], [ 75.1609971, 12.6730042 ], [ 75.1432081, 12.6772155 ], [ 75.1330589, 12.6745713 ], [ 75.1106614, 12.6830837 ], [ 75.0423691, 12.6720908 ], [ 75.0502993, 12.7194528 ], [ 74.9824872, 12.7384539 ], [ 75.0062415, 12.7709051 ], [ 74.9275259, 12.7787483 ], [ 74.8823375, 12.7541253 ], [ 74.8695671, 12.7606803 ], [ 74.8847257, 12.7103678 ], [ 74.9161517, 12.6437774 ], [ 74.9740096, 12.5014134 ], [ 75.0316575, 12.3918395 ], [ 75.0419704, 12.3881971 ], [ 75.1197691, 12.2044406 ], [ 75.1490347, 12.1450675 ], [ 75.156595, 12.1100417 ], [ 75.2041949, 12.005594 ], [ 75.2296907, 12.0234364 ], [ 75.2515601, 12.008705 ], [ 75.2982681, 11.9502573 ], [ 75.365784, 11.853494 ], [ 75.3790045, 11.8597523 ], [ 75.4379351, 11.8055946 ], [ 75.5305558, 11.7040276 ], [ 75.5365868, 11.6939387 ], [ 75.5608795, 11.6438083 ], [ 75.6185559, 11.4874973 ], [ 75.637268, 11.4655815 ], [ 75.680665, 11.450866 ], [ 75.7155667, 11.393349 ], [ 75.7464025, 11.3215136 ], [ 75.8045339, 11.1595862 ], [ 75.83022, 11.1167287 ], [ 75.8482798, 11.0573437 ], [ 75.8875684, 10.8980477 ], [ 75.9072437, 10.8040256 ], [ 75.922498300000015, 10.761303 ], [ 75.9992414, 10.5949191 ], [ 76.0318966, 10.5175434 ], [ 76.067117, 10.4560159 ], [ 76.1166659, 10.3339457 ], [ 76.1389836, 10.2536735 ], [ 76.1866573, 10.1168536 ], [ 76.2026481, 10.0527991 ], [ 76.2602618, 9.883162 ], [ 76.2841376, 9.7488762 ], [ 76.2963272, 9.6281375 ], [ 76.3155094, 9.5031147 ], [ 76.35299, 9.3767398 ], [ 76.4856875, 9.0888492 ], [ 76.5167002, 9.0177273 ], [ 76.542442, 8.9134286 ], [ 76.565453600000012, 8.8804174 ], [ 76.6102267, 8.8597382 ], [ 76.6717402, 8.7840744 ], [ 76.7019364, 8.7368987 ], [ 76.8918921, 8.5018077 ], [ 76.9977346, 8.3749464 ], [ 77.097798, 8.2924886 ], [ 77.1185934, 8.3202643 ], [ 77.1584886, 8.3277423 ], [ 77.1597307, 8.3680337 ], [ 77.1968591, 8.4196157 ], [ 77.2129885, 8.4703818 ], [ 77.2620999, 8.5066642 ], [ 77.2750928, 8.538567 ], [ 77.2514429, 8.6203379 ], [ 77.2141763, 8.6492616 ], [ 77.2071537, 8.6808797 ], [ 77.1790181, 8.7307046 ], [ 77.2000549, 8.7627873 ], [ 77.2297169, 8.7846636 ], [ 77.2319542, 8.8071538 ], [ 77.2639912, 8.8420689 ], [ 77.2566766, 8.8782436 ], [ 77.2211488, 8.9040657 ], [ 77.173295, 8.9915686 ], [ 77.1492685, 9.0096939 ], [ 77.1670129, 9.0448905 ], [ 77.1924523, 9.0435511 ], [ 77.2056034, 9.0838802 ], [ 77.2677997, 9.1534213 ], [ 77.2567106, 9.1966722 ], [ 77.2752889, 9.2348437 ], [ 77.2831257, 9.2925412 ], [ 77.3379784, 9.3687072 ], [ 77.336444, 9.4123672 ], [ 77.365924, 9.4601882 ], [ 77.3925368, 9.459456 ], [ 77.399053, 9.4961917 ], [ 77.3851031, 9.5193369 ], [ 77.373263, 9.526954 ], [ 77.3685311, 9.5349825 ], [ 77.3655437, 9.5351044 ], [ 77.3657254, 9.5510213 ], [ 77.3037358, 9.5988456 ], [ 77.2696411, 9.5728747 ], [ 77.2342494, 9.5816482 ], [ 77.203551, 9.614528 ], [ 77.1886086, 9.6062085 ], [ 77.1677409, 9.6150922 ], [ 77.1682109, 9.6221442 ], [ 77.1762247, 9.6295526 ], [ 77.1797, 9.6563409 ], [ 77.2065784, 9.694512 ], [ 77.2049267, 9.7239637 ], [ 77.2234147, 9.7300754 ], [ 77.2202019, 9.7451117 ], [ 77.231832, 9.7699952 ], [ 77.2242081, 9.7790002 ], [ 77.2246692, 9.7816672 ], [ 77.2233077, 9.785614 ], [ 77.2237775, 9.7871057 ], [ 77.222789, 9.7883671 ], [ 77.2255737, 9.7892794 ], [ 77.2285541, 9.7887949 ], [ 77.23613850000001, 9.7906325 ], [ 77.2467968, 9.7984585 ], [ 77.240297, 9.8170647 ], [ 77.2327151, 9.8180141 ], [ 77.2328192, 9.8220939 ], [ 77.226925600000015, 9.8219736 ], [ 77.2364052, 9.8602141 ], [ 77.2197045, 9.8653 ], [ 77.218347799999989, 9.9049088 ], [ 77.2381634, 9.9375544 ], [ 77.2727899, 9.9642935 ], [ 77.255440299999989, 10.0112399 ], [ 77.2616453, 10.0335624 ], [ 77.204048899999989, 10.0884928 ], [ 77.2011839, 10.1072035 ], [ 77.2443302, 10.1316604 ], [ 77.2656816, 10.1222973 ], [ 77.2748533, 10.1313051 ], [ 77.2720865, 10.1659577 ], [ 77.2881701, 10.2323222 ], [ 77.227812900000018, 10.3154255 ], [ 77.2352527, 10.35287 ], [ 77.1759945, 10.358575 ], [ 77.120154700000015, 10.3180349 ], [ 77.1013566, 10.3153531 ], [ 77.0964226, 10.3090603 ], [ 77.0919903, 10.3131029 ], [ 77.0887263, 10.3125918 ], [ 77.088786700000014, 10.3109864 ], [ 77.0829252, 10.3071303 ], [ 77.078466, 10.302894 ], [ 77.065978, 10.298168 ], [ 77.0559609, 10.2873349 ], [ 77.0516072, 10.2637672 ], [ 76.9840932, 10.2222685 ], [ 76.9396258, 10.2381547 ], [ 76.9104254, 10.2350911 ], [ 76.8966563, 10.2620897 ], [ 76.8299298, 10.3031533 ], [ 76.848619200000016, 10.3674157 ], [ 76.8233286, 10.3945828 ], [ 76.816038, 10.4230031 ], [ 76.8280278, 10.4497455 ], [ 76.8386819, 10.5959432 ], [ 76.8174761, 10.6027369 ], [ 76.8142724, 10.635048 ], [ 76.8676146, 10.6327428 ], [ 76.882121, 10.6389655 ], [ 76.8661224, 10.6840706 ], [ 76.9038921, 10.7627138 ], [ 76.9009655, 10.8078713 ], [ 76.8701308, 10.8090473 ], [ 76.8308237, 10.8706588 ], [ 76.7797812, 10.891331 ], [ 76.7392084, 10.8946162 ], [ 76.6590578, 10.9305882 ], [ 76.6667334, 10.9681773 ], [ 76.7158488, 11.0405341 ], [ 76.7665635, 11.029179 ], [ 76.7464876, 11.0567516 ], [ 76.754619, 11.0790951 ], [ 76.7434064, 11.1025981 ], [ 76.7480753, 11.1348493 ], [ 76.7057171, 11.1418343 ], [ 76.6949645, 11.1668084 ], [ 76.7301755, 11.1936871 ], [ 76.7355199, 11.2156523 ], [ 76.719289, 11.2274534 ], [ 76.7058041, 11.2404441 ], [ 76.705804, 11.240444 ], [ 76.7070059, 11.2383105 ], [ 76.7065442, 11.2385019 ], [ 76.7057349, 11.2384193 ], [ 76.7027455, 11.2384027 ], [ 76.698187, 11.2395753 ], [ 76.6840327, 11.2336288 ], [ 76.6782687, 11.2217696 ], [ 76.6289188, 11.1942515 ], [ 76.6008491, 11.1976004 ], [ 76.5338419, 11.1856804 ], [ 76.4990399, 11.2114105 ], [ 76.472338, 11.2088345 ], [ 76.458414, 11.1877658 ], [ 76.4489328, 11.2055546 ], [ 76.4530622, 11.2394544 ], [ 76.5216634, 11.2706644 ], [ 76.5421977, 11.2967032 ], [ 76.5478305, 11.3589685 ], [ 76.4603559, 11.3888896 ], [ 76.3686514, 11.4562954 ], [ 76.3260122, 11.4540632 ], [ 76.2844146, 11.4830037 ], [ 76.2646734, 11.4813282 ], [ 76.2490687, 11.469696 ], [ 76.2472261, 11.4679879 ], [ 76.2476305, 11.4766341 ], [ 76.248471100000017, 11.4877855 ], [ 76.2514167, 11.5023976 ], [ 76.2464962, 11.5155765 ], [ 76.2406647, 11.5259553 ], [ 76.2501085, 11.5357863 ], [ 76.2334055, 11.5679092 ], [ 76.2789878, 11.6008911 ], [ 76.3023649, 11.5713069 ], [ 76.3358575, 11.5958168 ], [ 76.377962, 11.6019899 ], [ 76.3880769, 11.6297472 ], [ 76.4270849, 11.6335269 ], [ 76.4434084, 11.6437025 ], [ 76.4363538, 11.6535486 ], [ 76.4342269, 11.657513 ], [ 76.4333472, 11.6607089 ], [ 76.433283, 11.6610885 ], [ 76.4333199, 11.6616128 ], [ 76.4332973, 11.6619205 ], [ 76.433297, 11.6619248 ], [ 76.4332962, 11.6619266 ], [ 76.4331916, 11.6621779 ], [ 76.4326322, 11.6627023 ], [ 76.4318301, 11.6646596 ], [ 76.4314819, 11.6657806 ], [ 76.4313352, 11.6664812 ], [ 76.4313352, 11.6664813 ], [ 76.4313351, 11.6664813 ] ] ] } },
{ "type": "Feature", "properties": { "STATE.NAME": "Tamil Nadu", "AREA": 130199.628144 }, "geometry": { "type": "Polygon", "coordinates": [ [ [ 76.4313351, 11.6664813 ], [ 76.431335, 11.6664812 ], [ 76.4314817, 11.6657806 ], [ 76.4318299, 11.6646595 ], [ 76.432632, 11.6627022 ], [ 76.4331914, 11.6621778 ], [ 76.433296, 11.6619265 ], [ 76.4332968, 11.6619247 ], [ 76.4332828, 11.6610885 ], [ 76.433347, 11.6607088 ], [ 76.4342267, 11.6575129 ], [ 76.4363536, 11.6535485 ], [ 76.4434083, 11.6437026 ], [ 76.4270849, 11.6335271 ], [ 76.3880768, 11.6297473 ], [ 76.3779618, 11.6019901 ], [ 76.3358575, 11.595817 ], [ 76.3023648, 11.5713071 ], [ 76.2789878, 11.6008913 ], [ 76.2334053, 11.5679092 ], [ 76.2406648, 11.5259555 ], [ 76.2397467, 11.5267315 ], [ 76.246496, 11.5155763 ], [ 76.2514165, 11.5023976 ], [ 76.2484709, 11.4877855 ], [ 76.2476303, 11.4766341 ], [ 76.2472258, 11.4679877 ], [ 76.247994, 11.4684707 ], [ 76.2490688, 11.4696958 ], [ 76.264673500000015, 11.481328 ], [ 76.2844147, 11.4830035 ], [ 76.3260122, 11.454063 ], [ 76.3686513, 11.4562952 ], [ 76.4603558, 11.3888894 ], [ 76.5478304, 11.3589683 ], [ 76.5421976, 11.2967033 ], [ 76.5216633, 11.2706645 ], [ 76.453062, 11.2394546 ], [ 76.4489326, 11.2055547 ], [ 76.4584138, 11.1877656 ], [ 76.4734414, 11.1950161 ], [ 76.472338, 11.2088343 ], [ 76.4990398, 11.2114103 ], [ 76.5338418, 11.1856802 ], [ 76.6008491, 11.1976002 ], [ 76.6289189, 11.1942513 ], [ 76.6782688, 11.2217695 ], [ 76.6840329, 11.2336288 ], [ 76.6981871, 11.2395751 ], [ 76.7027455, 11.2384025 ], [ 76.705735, 11.2384191 ], [ 76.7065442, 11.2385016 ], [ 76.7065925, 11.2383138 ], [ 76.7070061, 11.2383103 ], [ 76.7070062, 11.2383105 ], [ 76.7192888, 11.2274532 ], [ 76.7355196, 11.2156523 ], [ 76.7301753, 11.193687 ], [ 76.6949643, 11.1668083 ], [ 76.7057169, 11.1418342 ], [ 76.7480751, 11.1348493 ], [ 76.7434062, 11.1025981 ], [ 76.7546188, 11.0790951 ], [ 76.7464874, 11.0567514 ], [ 76.7158487, 11.0405343 ], [ 76.6667332, 10.9681773 ], [ 76.6590576, 10.9305881 ], [ 76.7392082, 10.8946161 ], [ 76.7797812, 10.8913308 ], [ 76.8308235, 10.8706587 ], [ 76.8701307, 10.8090471 ], [ 76.9009653, 10.8078712 ], [ 76.9038919, 10.7627138 ], [ 76.8661222, 10.6840705 ], [ 76.8821208, 10.6389656 ], [ 76.8142724, 10.6350482 ], [ 76.8116642, 10.6196375 ], [ 76.8174759, 10.6027368 ], [ 76.8386817, 10.5959432 ], [ 76.8280276, 10.4497456 ], [ 76.8160379, 10.423003 ], [ 76.8233284, 10.3945828 ], [ 76.848619, 10.3674156 ], [ 76.8299296, 10.3031532 ], [ 76.8966562, 10.2620895 ], [ 76.9104253, 10.2350909 ], [ 76.9396257, 10.2381545 ], [ 76.9840933, 10.2222683 ], [ 77.0516074, 10.2637672 ], [ 77.0559611, 10.2873348 ], [ 77.0659781, 10.2981678 ], [ 77.0784661, 10.3028939 ], [ 77.0919901, 10.3131028 ], [ 77.0964227, 10.3090601 ], [ 77.1013568, 10.315353 ], [ 77.1201548, 10.3180347 ], [ 77.1759945, 10.3585748 ], [ 77.2352526, 10.3528698 ], [ 77.2278128, 10.3154254 ], [ 77.2881699, 10.2323221 ], [ 77.2720863, 10.1659578 ], [ 77.2748531, 10.1313051 ], [ 77.2443301, 10.1316606 ], [ 77.2011837, 10.1072034 ], [ 77.2040487, 10.0884927 ], [ 77.2616451, 10.0335623 ], [ 77.2554401, 10.0112398 ], [ 77.2727897, 9.9642935 ], [ 77.2381634, 9.9375546 ], [ 77.218347600000016, 9.9049089 ], [ 77.219704299999989, 9.8652999 ], [ 77.236405, 9.860214 ], [ 77.2276235, 9.8387036 ], [ 77.2238785, 9.8293112 ], [ 77.2239454, 9.8244561 ], [ 77.2269257, 9.8219734 ], [ 77.2467966, 9.7984586 ], [ 77.2361384, 9.7906326 ], [ 77.2285541, 9.7887951 ], [ 77.2255737, 9.7892796 ], [ 77.2232492, 9.7886202 ], [ 77.2227888, 9.788367 ], [ 77.2242079, 9.7790002 ], [ 77.2318319, 9.769995 ], [ 77.2049267, 9.7239639 ], [ 77.2019102, 9.7039701 ], [ 77.2065783, 9.6945121 ], [ 77.1796998, 9.6563409 ], [ 77.1762245, 9.6295525 ], [ 77.1682107, 9.6221443 ], [ 77.1677407, 9.6150924 ], [ 77.169686, 9.6099844 ], [ 77.1734092, 9.6113098 ], [ 77.1886087, 9.6062083 ], [ 77.2035509, 9.6145278 ], [ 77.2342492, 9.581648 ], [ 77.2696412, 9.5728745 ], [ 77.3037358, 9.5988454 ], [ 77.3657252, 9.5510213 ], [ 77.3645413, 9.5468081 ], [ 77.3655437, 9.5351042 ], [ 77.3990528, 9.4961917 ], [ 77.3925366, 9.4594561 ], [ 77.3659239, 9.4601884 ], [ 77.3364437, 9.4123672 ], [ 77.3379782, 9.3687072 ], [ 77.2831255, 9.2925412 ], [ 77.2752887, 9.2348437 ], [ 77.2567105, 9.1966721 ], [ 77.2677995, 9.1534213 ], [ 77.2056032, 9.0838802 ], [ 77.1924521, 9.0435512 ], [ 77.1670128, 9.0448906 ], [ 77.149268300000017, 9.0096938 ], [ 77.1732949, 8.9915684 ], [ 77.2211487, 8.9040656 ], [ 77.2566765, 8.8782435 ], [ 77.263991, 8.8420689 ], [ 77.2319541, 8.807154 ], [ 77.2297167, 8.7846636 ], [ 77.2000547, 8.7627873 ], [ 77.1790179, 8.7307046 ], [ 77.2071535, 8.6808796 ], [ 77.2141761, 8.6492614 ], [ 77.2514427, 8.6203378 ], [ 77.2750927, 8.5385671 ], [ 77.2620997, 8.5066643 ], [ 77.2129883, 8.4703817 ], [ 77.1968589, 8.4196158 ], [ 77.1597305, 8.3680339 ], [ 77.1584885, 8.3277425 ], [ 77.1185932, 8.3202644 ], [ 77.097798, 8.2924886 ], [ 77.1523936, 8.2516753 ], [ 77.183379, 8.2197788 ], [ 77.2489691, 8.1711163 ], [ 77.3313849, 8.1273918 ], [ 77.40522, 8.1050817 ], [ 77.5308746, 8.0766578 ], [ 77.5559343, 8.0766446 ], [ 77.5665823, 8.1184326 ], [ 77.5835583, 8.1379116 ], [ 77.637319, 8.1533341 ], [ 77.7330108, 8.1638777 ], [ 77.7579644, 8.1453065 ], [ 77.7936906, 8.1623151 ], [ 77.8045495, 8.2029545 ], [ 77.8410802, 8.2516608 ], [ 77.8908838, 8.2704858 ], [ 77.9491308, 8.3115835 ], [ 77.9914573, 8.3501139 ], [ 78.0651956, 8.3728969 ], [ 78.0636651, 8.4124364 ], [ 78.1252546, 8.4741288 ], [ 78.1432744, 8.5016723 ], [ 78.1306221, 8.5479137 ], [ 78.144701, 8.598023 ], [ 78.1349758, 8.616161 ], [ 78.1385262, 8.6801802 ], [ 78.1636095, 8.7239101 ], [ 78.195418500000017, 8.7516491 ], [ 78.1694372, 8.7755899 ], [ 78.160759, 8.8052078 ], [ 78.1721262, 8.8838109 ], [ 78.1986703, 8.9387774 ], [ 78.2279908, 8.9740875 ], [ 78.4151365, 9.1141211 ], [ 78.5359967, 9.1376458 ], [ 78.5748441, 9.1303782 ], [ 78.6500057, 9.1612676 ], [ 78.6648961, 9.1938092 ], [ 78.7145858, 9.1889451 ], [ 78.727449, 9.2092887 ], [ 78.8757781, 9.257276 ], [ 78.9044596, 9.2493345 ], [ 78.9258899, 9.2671248 ], [ 78.9806819, 9.2744761 ], [ 79.0909178, 9.260207 ], [ 79.1903957, 9.2816538 ], [ 79.2238638, 9.2580551 ], [ 79.2998701, 9.245807 ], [ 79.3352006, 9.3087424 ], [ 79.3115296, 9.3277938 ], [ 79.2649635, 9.2922518 ], [ 79.2127361, 9.283316 ], [ 79.1613375, 9.2838721 ], [ 79.0665033, 9.2980002 ], [ 79.0162878, 9.3310469 ], [ 78.9335716, 9.4120489 ], [ 78.902721, 9.4634829 ], [ 78.9144088, 9.493012 ], [ 78.9306619, 9.5958583 ], [ 78.9549174, 9.6238939 ], [ 78.9802637, 9.6896394 ], [ 79.0411296, 9.7663285 ], [ 79.0592163, 9.7735615 ], [ 79.0825756, 9.8156238 ], [ 79.1188725, 9.852361 ], [ 79.12584, 9.8908537 ], [ 79.1527163, 9.9283117 ], [ 79.2443137, 10.0272884 ], [ 79.2518399, 10.051053 ], [ 79.2258811, 10.1014556 ], [ 79.2287172, 10.1493373 ], [ 79.2668994, 10.2289792 ], [ 79.300331, 10.2649892 ], [ 79.3665866, 10.2939573 ], [ 79.3811171, 10.3163732 ], [ 79.4847841, 10.3154639 ], [ 79.636295, 10.2946213 ], [ 79.6802145, 10.2819711 ], [ 79.7684583, 10.2718645 ], [ 79.8618581, 10.2830756 ], [ 79.8821726, 10.3231665 ], [ 79.869892, 10.3745218 ], [ 79.8533664, 10.6358913 ], [ 79.8506957, 10.8278388 ], [ 79.8412867, 10.8280064 ], [ 79.8209971, 10.8456247 ], [ 79.8239515, 10.8842361 ], [ 79.7769178, 10.896624 ], [ 79.7247631, 10.9290259 ], [ 79.720856, 10.9691594 ], [ 79.7592409, 10.9606992 ], [ 79.7467181, 11.0026302 ], [ 79.7787628, 10.9970299 ], [ 79.8401971, 11.0021157 ], [ 79.8543609, 10.9833168 ], [ 79.858351200000016, 11.1293195 ], [ 79.8562325, 11.1761388 ], [ 79.8346299, 11.3218022 ], [ 79.8430918, 11.3511656 ], [ 79.8187577, 11.3942991 ], [ 79.8033621, 11.4541003 ], [ 79.766088, 11.5216121 ], [ 79.7572498, 11.5575071 ], [ 79.760959200000016, 11.6238039 ], [ 79.7957611, 11.7854998 ], [ 79.75589380000001, 11.7754008 ], [ 79.7198166, 11.7849937 ], [ 79.7368825, 11.8423051 ], [ 79.8069984, 11.8335809 ], [ 79.807763, 11.8366229 ], [ 79.7700308, 11.8746506 ], [ 79.7401038, 11.8645192 ], [ 79.70976, 11.8893348 ], [ 79.7406348, 11.9054827 ], [ 79.6972491, 11.9417958 ], [ 79.720512, 11.9927827 ], [ 79.742768, 11.9778497 ], [ 79.7492614, 11.9222049 ], [ 79.8097529, 11.9752672 ], [ 79.8405731, 11.9558288 ], [ 79.8570668, 12.0068071 ], [ 79.8737929, 12.0426236 ], [ 79.9238918, 12.1256096 ], [ 80.0567547, 12.3261752 ], [ 80.1376541, 12.410563 ], [ 80.1563937, 12.4601068 ], [ 80.1687142, 12.5373242 ], [ 80.2551042, 12.783088 ], [ 80.2478784, 12.8307205 ], [ 80.2675161, 12.9788953 ], [ 80.3193524, 13.1863238 ], [ 80.3447153, 13.2762428 ], [ 80.3464228, 13.3154137 ], [ 80.3238274, 13.4501178 ], [ 80.301025, 13.4786621 ], [ 80.2767813, 13.5466844 ], [ 80.2690438, 13.5644535 ], [ 80.2687999, 13.5653113 ], [ 80.2682607, 13.5644963 ], [ 80.2640154, 13.5626545 ], [ 80.2422117, 13.4724617 ], [ 80.225853, 13.485089 ], [ 80.1619485, 13.4882874 ], [ 80.1445796, 13.5013467 ], [ 80.0781659, 13.488831 ], [ 80.0771126, 13.5264097 ], [ 80.0569028, 13.5366563 ], [ 80.0284068, 13.5388446 ], [ 80.0168318, 13.5295104 ], [ 80.0271541, 13.5137206 ], [ 80.0483909, 13.5122708 ], [ 80.0465857, 13.4937042 ], [ 80.0158725, 13.4979722 ], [ 80.0078093, 13.4783318 ], [ 79.9723882, 13.469113 ], [ 79.9733057, 13.4296944 ], [ 79.9395771, 13.4250518 ], [ 79.9580141, 13.3791977 ], [ 79.9538661, 13.3771423 ], [ 79.948181, 13.3820303 ], [ 79.949158400000016, 13.3776905 ], [ 79.9452439, 13.3634415 ], [ 79.9312663, 13.3515365 ], [ 79.9252562, 13.3583814 ], [ 79.9159388, 13.3598926 ], [ 79.9167767, 13.3581063 ], [ 79.903777300000016, 13.3404501 ], [ 79.8678924, 13.3302682 ], [ 79.8632188, 13.3176725 ], [ 79.8325558, 13.3154393 ], [ 79.8173292, 13.3185786 ], [ 79.7916995, 13.2935497 ], [ 79.7795393, 13.3063292 ], [ 79.7681087, 13.3139463 ], [ 79.7607968, 13.3185059 ], [ 79.7618271, 13.3126661 ], [ 79.7602474, 13.3016351 ], [ 79.752383600000016, 13.2916828 ], [ 79.7392089, 13.2913718 ], [ 79.7309232, 13.2843793 ], [ 79.7350031, 13.2759625 ], [ 79.7611597, 13.2575473 ], [ 79.7946975, 13.2421299 ], [ 79.7769312, 13.2188484 ], [ 79.7642176, 13.2191414 ], [ 79.7609211, 13.2152893 ], [ 79.7598085, 13.2074701 ], [ 79.7500477, 13.2080214 ], [ 79.7509614, 13.2164505 ], [ 79.7326056, 13.2369025 ], [ 79.7082055, 13.2500718 ], [ 79.6936329, 13.2735043 ], [ 79.6831532, 13.2882175 ], [ 79.6714451, 13.2802159 ], [ 79.6518086, 13.2918377 ], [ 79.6287364, 13.2697617 ], [ 79.6062049, 13.288245 ], [ 79.5739985, 13.2590269 ], [ 79.5399903, 13.2723902 ], [ 79.5373364, 13.3386159 ], [ 79.4952344, 13.3452322 ], [ 79.3983326, 13.3302313 ], [ 79.3936922, 13.2998382 ], [ 79.4137701, 13.3001796 ], [ 79.418467, 13.2429899 ], [ 79.4531218, 13.2383813 ], [ 79.4315524, 13.1893009 ], [ 79.3921299, 13.1924651 ], [ 79.3560853, 13.1646109 ], [ 79.3649879, 13.1308328 ], [ 79.3289871, 13.1305573 ], [ 79.3098778, 13.1120454 ], [ 79.2839878, 13.1228029 ], [ 79.2773296, 13.1562491 ], [ 79.253878899999989, 13.1458032 ], [ 79.234397, 13.1052625 ], [ 79.1856157, 13.0752592 ], [ 79.1848029, 13.0298879 ], [ 79.1630907, 13.0203058 ], [ 79.108483, 13.0388013 ], [ 79.0808781, 13.0257635 ], [ 79.0633694, 13.0531434 ], [ 78.9824891, 13.0864469 ], [ 78.9239156, 13.0808461 ], [ 78.91046, 13.0634389 ], [ 78.9060921, 13.0451623 ], [ 78.8912641, 13.0688504 ], [ 78.8956503, 13.0952306 ], [ 78.8813941, 13.0982186 ], [ 78.8420117, 13.078651 ], [ 78.8130326, 13.0891351 ], [ 78.78766490000001, 13.0642113 ], [ 78.7513187, 13.0550123 ], [ 78.714493, 13.0687175 ], [ 78.7052472, 13.0152787 ], [ 78.6554968, 13.0152885 ], [ 78.6208732, 12.9912814 ], [ 78.6335074, 12.9313628 ], [ 78.6015324, 12.8508458 ], [ 78.6077307, 12.8219461 ], [ 78.5924935, 12.7827197 ], [ 78.5574837, 12.757281 ], [ 78.5547055, 12.6991405 ], [ 78.5312748, 12.6970628 ], [ 78.5285378, 12.7156511 ], [ 78.5115911, 12.7268935 ], [ 78.5052438, 12.7430077 ], [ 78.489061, 12.742026 ], [ 78.5043452, 12.724915 ], [ 78.5038317, 12.6819602 ], [ 78.4678716, 12.6759387 ], [ 78.4717357, 12.6322639 ], [ 78.3793915, 12.6250623 ], [ 78.296447, 12.6710914 ], [ 78.2764721, 12.7015966 ], [ 78.240106400000016, 12.7027383 ], [ 78.210565, 12.6861258 ], [ 78.2073726, 12.7084039 ], [ 78.2311476, 12.7126036 ], [ 78.2409842, 12.7299912 ], [ 78.2362041, 12.737844 ], [ 78.2358344, 12.7455273 ], [ 78.2342523, 12.7495866 ], [ 78.2338981, 12.7513287 ], [ 78.230928, 12.7607101 ], [ 78.2309279, 12.7607102 ], [ 78.2306287, 12.7609228 ], [ 78.2296391, 12.7619536 ], [ 78.2277566, 12.7638074 ], [ 78.2241749, 12.7657883 ], [ 78.212838, 12.7650826 ], [ 78.202613, 12.7711781 ], [ 78.177375200000014, 12.7759974 ], [ 78.1343708, 12.7819496 ], [ 78.0901399, 12.8174122 ], [ 78.0765029, 12.8397006 ], [ 78.0504486, 12.8487875 ], [ 78.0307099, 12.8525006 ], [ 78.0306295, 12.8580731 ], [ 78.0238449, 12.856552 ], [ 78.0240491, 12.8525656 ], [ 78.0296564, 12.8485771 ], [ 78.0243115, 12.8417957 ], [ 78.0191287, 12.8439946 ], [ 78.0182774, 12.8311044 ], [ 77.9897635, 12.8215992 ], [ 77.9642981, 12.8328943 ], [ 77.9406582, 12.8233961 ], [ 77.9172684, 12.8379853 ], [ 77.9227942, 12.8556154 ], [ 77.9366018, 12.866889 ], [ 77.941194900000013, 12.8682664 ], [ 77.9388512, 12.8725969 ], [ 77.9346104, 12.8807103 ], [ 77.9359894, 12.8872953 ], [ 77.9293057, 12.8909665 ], [ 77.8903251, 12.8697065 ], [ 77.8359954, 12.8703812 ], [ 77.799088900000015, 12.8515892 ], [ 77.795879, 12.8345853 ], [ 77.8021437, 12.8170558 ], [ 77.7992163, 12.7957269 ], [ 77.7788258, 12.7680599 ], [ 77.7942595, 12.7578191 ], [ 77.783537, 12.7412653 ], [ 77.7683344, 12.7400843 ], [ 77.7633126, 12.7369455 ], [ 77.7611285, 12.7304588 ], [ 77.7615628, 12.727268 ], [ 77.7607799, 12.6970586 ], [ 77.7404476, 12.6737037 ], [ 77.678636, 12.6604437 ], [ 77.659892, 12.6838945 ], [ 77.5988555, 12.6672126 ], [ 77.6059976, 12.6280594 ], [ 77.5793241, 12.5731415 ], [ 77.5871826, 12.5148116 ], [ 77.6150462, 12.5042204 ], [ 77.5836601, 12.4788527 ], [ 77.6074033, 12.4751811 ], [ 77.6271531, 12.4585088 ], [ 77.6130019, 12.3611802 ], [ 77.5786359, 12.3357524 ], [ 77.565624, 12.3060593 ], [ 77.5270971, 12.2787707 ], [ 77.4875767, 12.2805557 ], [ 77.4710965, 12.2435714 ], [ 77.472224, 12.2099527 ], [ 77.4929551, 12.1973391 ], [ 77.5186608, 12.1945406 ], [ 77.612518, 12.2059656 ], [ 77.7312826, 12.1801345 ], [ 77.7571844, 12.1305001 ], [ 77.7755352, 12.1185029 ], [ 77.755659200000011, 12.079796 ], [ 77.7266116, 12.0611968 ], [ 77.6963412, 12.0158308 ], [ 77.6690297, 11.9491741 ], [ 77.6043151, 11.9380026 ], [ 77.5610287, 11.9420181 ], [ 77.5379426, 11.9324882 ], [ 77.503646, 11.9412345 ], [ 77.4999054, 11.9402701 ], [ 77.4953243, 11.9441582 ], [ 77.492826, 11.9413659 ], [ 77.4919549, 11.9222019 ], [ 77.4885173, 11.9116808 ], [ 77.4905492, 11.9085931 ], [ 77.4654464, 11.875186 ], [ 77.449758, 11.7961143 ], [ 77.4421438, 11.7836862 ], [ 77.433774900000017, 11.7782053 ], [ 77.4280154, 11.7670781 ], [ 77.4221813, 11.7724806 ], [ 77.4136123, 11.7747778 ], [ 77.3954604, 11.7862104 ], [ 77.3351027, 11.7713368 ], [ 77.2938092, 11.8091051 ], [ 77.2498308, 11.8131202 ], [ 77.238556, 11.7947605 ], [ 77.1891898, 11.7926301 ], [ 77.1107, 11.7735824 ], [ 77.111924300000013, 11.7425649 ], [ 77.0827176, 11.7398736 ], [ 77.0563801, 11.7698865 ], [ 77.0628965, 11.7905075 ], [ 77.0387033, 11.7939578 ], [ 77.0128948, 11.8147267 ], [ 76.983228, 11.8010598 ], [ 76.9698759, 11.7769721 ], [ 76.9087979, 11.7951665 ], [ 76.8883013, 11.7337568 ], [ 76.8500151, 11.68668 ], [ 76.8345535, 11.6398057 ], [ 76.8564189, 11.599395 ], [ 76.7568642, 11.6185526 ], [ 76.6714201, 11.6160234 ], [ 76.613621, 11.6077754 ], [ 76.5696054, 11.6181792 ], [ 76.538786, 11.6896091 ], [ 76.5116257, 11.7050987 ], [ 76.4566201, 11.6645772 ], [ 76.4433857, 11.6637126 ], [ 76.437755, 11.6655037 ], [ 76.4355215, 11.6648397 ], [ 76.4336006, 11.6667881 ], [ 76.4329035, 11.6669059 ], [ 76.432078, 11.6664224 ], [ 76.4313352, 11.6664813 ], [ 76.4313351, 11.6664813 ] ], [ [ 79.6278816, 12.0317892 ], [ 79.6484504, 12.0195088 ], [ 79.6363711, 11.9778153 ], [ 79.6692879, 11.9374773 ], [ 79.6558855, 11.9079376 ], [ 79.625266, 11.9030482 ], [ 79.628488, 11.9451845 ], [ 79.618878100000018, 12.0012778 ], [ 79.6278816, 12.0317892 ] ] ] } },
{ "type": "Feature", "properties": { "STATE.NAME": "Andhra Pradesh", "AREA": 163155.19186 }, "geometry": { "type": "Polygon", "coordinates": [ [ [ 81.0855842, 17.798072 ], [ 81.0855842, 17.7980719 ], [ 81.0860443, 17.7974827 ], [ 81.0864522, 17.7969602 ], [ 81.0876781, 17.7951442 ], [ 81.0897788, 17.7910868 ], [ 81.0959954, 17.7745405 ], [ 81.0956476, 17.7622518 ], [ 81.0581634, 17.733133 ], [ 81.040563, 17.7476553 ], [ 80.946312, 17.7602325 ], [ 80.8855466, 17.7357229 ], [ 80.8857795, 17.6812641 ], [ 80.9110551, 17.6380633 ], [ 80.8657365, 17.635478 ], [ 80.8554023, 17.6019153 ], [ 80.9693949, 17.5981024 ], [ 80.9983992, 17.5647322 ], [ 81.0148257, 17.5221744 ], [ 81.0800664, 17.515095 ], [ 81.099282, 17.5044586 ], [ 81.124495, 17.5271089 ], [ 81.1596029, 17.4843528 ], [ 81.1559571, 17.4760453 ], [ 81.1503729, 17.4683946 ], [ 81.1482518, 17.4637035 ], [ 81.1755449, 17.4636869 ], [ 81.1723248, 17.4490939 ], [ 81.2026947, 17.4340044 ], [ 81.2455043, 17.4330772 ], [ 81.3133839, 17.4081669 ], [ 81.3226337, 17.3745976 ], [ 81.2740259, 17.3172458 ], [ 81.1904084, 17.3248661 ], [ 81.176657, 17.2877201 ], [ 81.1875935, 17.2549077 ], [ 81.1711875, 17.2309861 ], [ 81.0795647, 17.2155989 ], [ 81.062713, 17.2223901 ], [ 81.0555946, 17.2196109 ], [ 81.0377289, 17.1933988 ], [ 80.998448, 17.1905106 ], [ 80.9607532, 17.2039515 ], [ 80.9390207, 17.2199361 ], [ 80.9188785, 17.2197867 ], [ 80.916817, 17.2106069 ], [ 80.9188907, 17.1902415 ], [ 80.9264539, 17.1831545 ], [ 80.9239958, 17.1578961 ], [ 80.8794397, 17.1608793 ], [ 80.8714933, 17.0698849 ], [ 80.8453119, 17.040017 ], [ 80.8288252, 17.0528171 ], [ 80.699453600000012, 17.0838418 ], [ 80.6368887, 17.1284204 ], [ 80.5800244, 17.1531175 ], [ 80.5275913, 17.1189585 ], [ 80.503931799999989, 17.0918822 ], [ 80.505403199999989, 17.0685089 ], [ 80.464866, 17.0300688 ], [ 80.4386355, 17.0376279 ], [ 80.4171526, 17.0734931 ], [ 80.3872713, 17.0713356 ], [ 80.4070422, 17.0158404 ], [ 80.387861, 17.0093105 ], [ 80.3757721, 16.9887425 ], [ 80.366623, 16.9814793 ], [ 80.3713634, 16.9758522 ], [ 80.4076588, 16.9640105 ], [ 80.4496748, 16.9548092 ], [ 80.4934528, 16.9274746 ], [ 80.4984792, 16.9557428 ], [ 80.5344782, 16.9614119 ], [ 80.601947, 16.9186373 ], [ 80.5956266, 16.8842948 ], [ 80.5683121, 16.8694357 ], [ 80.5628538, 16.8328886 ], [ 80.5940247, 16.8032489 ], [ 80.6053271, 16.7980026 ], [ 80.607841100000016, 16.7935835 ], [ 80.6005596, 16.7933246 ], [ 80.5973386, 16.7923674 ], [ 80.586781, 16.7823282 ], [ 80.5768785, 16.7771946 ], [ 80.5702471, 16.7680576 ], [ 80.5044002, 16.7787362 ], [ 80.4644624, 16.7954956 ], [ 80.4661487, 16.8163968 ], [ 80.4285953, 16.8381623 ], [ 80.4272945, 16.8499419 ], [ 80.385267399999989, 16.8633353 ], [ 80.3809216, 16.8507704 ], [ 80.407802, 16.8490295 ], [ 80.3997151, 16.8335915 ], [ 80.3788846, 16.8188197 ], [ 80.3740739, 16.8524397 ], [ 80.3493913, 16.8591658 ], [ 80.3449435, 16.8597866 ], [ 80.3432294, 16.859817 ], [ 80.3425719, 16.8597758 ], [ 80.341891, 16.8597979 ], [ 80.3412523, 16.8597793 ], [ 80.340913, 16.8597569 ], [ 80.3411283, 16.8606117 ], [ 80.3411985, 16.8609419 ], [ 80.341788900000012, 16.8626382 ], [ 80.3417907, 16.8650768 ], [ 80.3428985, 16.867012 ], [ 80.3440162, 16.8744147 ], [ 80.3217077, 16.8796742 ], [ 80.3065974, 16.9738361 ], [ 80.2902838, 16.9811191 ], [ 80.2836573, 17.0072454 ], [ 80.26488830000001, 16.9972814 ], [ 80.1872968, 17.0199965 ], [ 80.1402473, 16.9906334 ], [ 80.0951715, 16.990692 ], [ 80.0915671, 16.9683563 ], [ 80.0554562, 16.9714617 ], [ 80.0395638, 16.9171129 ], [ 80.0173956, 16.9150148 ], [ 80.0042642, 16.8800954 ], [ 80.0170513, 16.8542714 ], [ 80.0468556, 16.8533831 ], [ 80.0478587, 16.8337406 ], [ 80.0590954, 16.8254523 ], [ 80.0700412, 16.8210204 ], [ 80.071075600000015, 16.8181327 ], [ 80.0719652, 16.8171712 ], [ 80.0732654, 16.8172326 ], [ 80.0726568, 16.8165261 ], [ 80.0708138, 16.8132799 ], [ 80.0698291, 16.8083756 ], [ 80.0706136, 16.8017339 ], [ 80.0664641, 16.7864536 ], [ 80.0534654, 16.7632991 ], [ 80.0549673, 16.7446882 ], [ 80.0305519, 16.714819 ], [ 79.9958292, 16.7000547 ], [ 79.9647826, 16.6449941 ], [ 79.9323678, 16.6313556 ], [ 79.8942272, 16.6492448 ], [ 79.8855279, 16.6873895 ], [ 79.8588617, 16.7046947 ], [ 79.8124159, 16.6945858 ], [ 79.7840977, 16.7305811 ], [ 79.7446285, 16.7191197 ], [ 79.7157495, 16.689171 ], [ 79.6622017, 16.6866866 ], [ 79.6350143, 16.661102 ], [ 79.604017, 16.6723699 ], [ 79.5421091, 16.6322825 ], [ 79.51039, 16.6357773 ], [ 79.4402627, 16.6148512 ], [ 79.4186597, 16.5802799 ], [ 79.3372347, 16.5820781 ], [ 79.2955364, 16.5630445 ], [ 79.2616593, 16.5669557 ], [ 79.2272636, 16.523809 ], [ 79.214503, 16.4847146 ], [ 79.2081323, 16.3801822 ], [ 79.2338329, 16.3358377 ], [ 79.2305039, 16.2831496 ], [ 79.2153929, 16.2262017 ], [ 79.1698826, 16.2098777 ], [ 79.1237957, 16.2310529 ], [ 79.103401, 16.2233704 ], [ 79.0292051, 16.2417731 ], [ 78.9865676, 16.2112458 ], [ 78.9110903, 16.1884575 ], [ 78.922205600000012, 16.1058751 ], [ 78.8895392, 16.0846876 ], [ 78.8765377, 16.1355616 ], [ 78.8346982, 16.1451913 ], [ 78.8370866, 16.070405 ], [ 78.7855103, 16.0211765 ], [ 78.7355256, 16.008182 ], [ 78.6812225, 16.0348188 ], [ 78.6502518, 16.0788348 ], [ 78.6099927, 16.0871538 ], [ 78.5517925, 16.042829 ], [ 78.4791245, 16.067426 ], [ 78.407925, 16.0748342 ], [ 78.365452, 16.0468054 ], [ 78.3265909, 16.0367617 ], [ 78.3068948, 16.0106726 ], [ 78.2624737, 16.0267345 ], [ 78.2503455, 15.9338506 ], [ 78.1870898, 15.9116603 ], [ 78.1753804, 15.8580988 ], [ 78.1342564, 15.8366428 ], [ 78.0835924, 15.8409451 ], [ 78.0255488, 15.9023848 ], [ 78.0088353, 15.8648046 ], [ 77.9753731, 15.8833594 ], [ 77.9388012, 15.883091 ], [ 77.8903692, 15.9057837 ], [ 77.8606048, 15.8847068 ], [ 77.8035574, 15.8741529 ], [ 77.7127747, 15.8945323 ], [ 77.6574655, 15.8859386 ], [ 77.6128336, 15.9175345 ], [ 77.549021700000011, 15.9191362 ], [ 77.5338725, 15.9237551 ], [ 77.5286276, 15.9246809 ], [ 77.5193426, 15.925378 ], [ 77.514968900000014, 15.9261893 ], [ 77.5134683, 15.9268104 ], [ 77.5117382, 15.9274599 ], [ 77.5021265, 15.9321184 ], [ 77.4987744, 15.9331963 ], [ 77.4660287, 15.9345196 ], [ 77.435119899999989, 15.9477968 ], [ 77.3795071, 15.9398204 ], [ 77.349216, 15.9512998 ], [ 77.1853227, 15.9567613 ], [ 77.1025899, 15.9287441 ], [ 77.070239, 15.9077632 ], [ 77.0252201, 15.8375297 ], [ 77.0631751, 15.8296053 ], [ 77.0491308, 15.7302794 ], [ 77.0797864, 15.7274101 ], [ 77.0787258, 15.6951657 ], [ 77.1289145, 15.6658864 ], [ 77.1214536, 15.6311071 ], [ 77.1083549, 15.6378571 ], [ 77.1026649, 15.6466315 ], [ 77.0832208, 15.6591674 ], [ 77.030464, 15.6345152 ], [ 77.0288665, 15.5004811 ], [ 76.9745614, 15.5105304 ], [ 76.9771289, 15.4897888 ], [ 76.9973312, 15.4780305 ], [ 77.0107999, 15.4487663 ], [ 77.0320376, 15.4355807 ], [ 77.0472763, 15.3900467 ], [ 77.044770700000015, 15.3557157 ], [ 77.0744158, 15.3259134 ], [ 77.1170381, 15.3257673 ], [ 77.1182809, 15.2954208 ], [ 77.1518624, 15.2753622 ], [ 77.1251449, 15.2269656 ], [ 77.1548418, 15.2148476 ], [ 77.1691568, 15.1713754 ], [ 77.1563503, 15.1229589 ], [ 77.1301426, 15.1007962 ], [ 77.112951099999989, 15.0340848 ], [ 77.0824732, 15.0061094 ], [ 77.044140200000015, 15.0098716 ], [ 77.0495853, 15.0331047 ], [ 77.0041016, 15.0338617 ], [ 76.9659422, 15.0180684 ], [ 76.9496266, 15.0304019 ], [ 76.8778666, 15.0354877 ], [ 76.8614554, 15.0620043 ], [ 76.8020622, 15.0950073 ], [ 76.7736325, 15.0591511 ], [ 76.790156, 15.0207442 ], [ 76.7724017, 14.9908653 ], [ 76.7605949, 14.9898876 ], [ 76.7671501, 14.9749291 ], [ 76.7962947, 14.9691985 ], [ 76.818303899999989, 14.969468 ], [ 76.8285279, 14.9564873 ], [ 76.841962, 14.9664351 ], [ 76.8674829, 14.969852 ], [ 76.8638668, 14.8956126 ], [ 76.8473564, 14.8960137 ], [ 76.8524976, 14.8870056 ], [ 76.8538165, 14.8427159 ], [ 76.843044, 14.8377331 ], [ 76.8460342, 14.8220798 ], [ 76.8545856, 14.8181238 ], [ 76.8514798, 14.8086352 ], [ 76.8373905, 14.8105958 ], [ 76.8367703, 14.7908067 ], [ 76.7827094, 14.78597 ], [ 76.8029653, 14.7419166 ], [ 76.776292500000011, 14.6831692 ], [ 76.7650152, 14.6021578 ], [ 76.7690577, 14.6009123 ], [ 76.7769491, 14.5953395 ], [ 76.7796506, 14.5933659 ], [ 76.7802541, 14.5930906 ], [ 76.782757, 14.5883648 ], [ 76.7840839, 14.5776237 ], [ 76.791489, 14.5544261 ], [ 76.8052133, 14.5374982 ], [ 76.855620300000012, 14.5096262 ], [ 76.8679787, 14.4740735 ], [ 76.9007051, 14.489243 ], [ 76.9748302, 14.485365 ], [ 76.9599289, 14.4506287 ], [ 76.9459804, 14.4525853 ], [ 76.9478087, 14.4131923 ], [ 76.9158457, 14.4207283 ], [ 76.8848338, 14.3957449 ], [ 76.884772, 14.3475721 ], [ 76.9034025, 14.3227205 ], [ 76.945663600000017, 14.3132177 ], [ 76.9567379, 14.2943834 ], [ 76.924911, 14.273821 ], [ 76.9400689, 14.2446449 ], [ 76.9856091, 14.2473718 ], [ 77.0056761, 14.2358227 ], [ 77.0524748, 14.2455401 ], [ 77.0811833, 14.2141895 ], [ 77.1148703, 14.2231777 ], [ 77.110545, 14.2687454 ], [ 77.138916, 14.3400072 ], [ 77.1667638, 14.3421599 ], [ 77.1974323, 14.3212116 ], [ 77.2460527, 14.3174778 ], [ 77.286576599999989, 14.3401343 ], [ 77.2893436, 14.2813376 ], [ 77.3638286, 14.275863 ], [ 77.3594935, 14.2340428 ], [ 77.3926019, 14.1988797 ], [ 77.4182847, 14.2091035 ], [ 77.4053924, 14.2667244 ], [ 77.3887163, 14.2695502 ], [ 77.3790463, 14.3227535 ], [ 77.41214, 14.3365478 ], [ 77.4789337, 14.2921967 ], [ 77.5038687, 14.2637837 ], [ 77.4944907, 14.2242763 ], [ 77.517034099999989, 14.1860791 ], [ 77.5035105, 14.1571548 ], [ 77.4670055, 14.1716792 ], [ 77.4670995, 14.1720697 ], [ 77.4654875, 14.1717585 ], [ 77.4649779, 14.1713294 ], [ 77.4622359, 14.1711089 ], [ 77.4569231, 14.1700488 ], [ 77.4458542, 14.172131 ], [ 77.4302963, 14.1708921 ], [ 77.3937253, 14.1742822 ], [ 77.3789494, 14.135879 ], [ 77.3566938, 14.1302427 ], [ 77.3474724, 14.1036734 ], [ 77.3616867, 14.1153703 ], [ 77.3906188, 14.1266775 ], [ 77.3976145, 14.1095904 ], [ 77.3323075, 14.030727 ], [ 77.3849176, 14.0160662 ], [ 77.3796777, 13.9898812 ], [ 77.3816468, 13.9762729 ], [ 77.3956944, 13.9837697 ], [ 77.4258914, 13.9861518 ], [ 77.4378841, 13.9755607 ], [ 77.4350434, 13.9150464 ], [ 77.3544483, 13.904151 ], [ 77.3679933, 13.950346 ], [ 77.3610952, 13.9908512 ], [ 77.3355886, 13.9981111 ], [ 77.3222357, 14.0300334 ], [ 77.3065807, 14.0320421 ], [ 77.2982766, 14.021645 ], [ 77.2750031, 14.0113231 ], [ 77.1709536, 14.0120398 ], [ 77.1410815, 14.0038952 ], [ 77.1318445, 14.0439581 ], [ 77.0753238, 14.0435229 ], [ 77.031643300000013, 14.0568907 ], [ 77.0204175, 14.1572018 ], [ 77.0054718, 14.1840067 ], [ 76.9606166, 14.1818096 ], [ 76.8945468, 14.16785 ], [ 76.8930413, 14.1628157 ], [ 76.8905297, 14.1428639 ], [ 76.8859262, 14.1382772 ], [ 76.8895291, 14.1356603 ], [ 76.944271, 14.1207835 ], [ 76.9734558, 14.0835586 ], [ 76.9717495, 14.0580558 ], [ 76.9323952, 14.0539647 ], [ 76.9351818, 14.0328249 ], [ 77.0003387, 13.9894578 ], [ 76.9937743, 13.9626047 ], [ 77.0416644, 13.933474 ], [ 77.0184796, 13.8725773 ], [ 76.978028, 13.826909 ], [ 76.9968735, 13.7477913 ], [ 77.0163221, 13.7384755 ], [ 77.0244781, 13.7792662 ], [ 77.0433758, 13.7778364 ], [ 77.0647049, 13.7438752 ], [ 77.105964, 13.7678037 ], [ 77.1730556, 13.7620522 ], [ 77.1628573, 13.7984973 ], [ 77.1685848, 13.8645318 ], [ 77.1619398, 13.9066656 ], [ 77.1908416, 13.9119067 ], [ 77.1813938, 13.8698847 ], [ 77.2198548, 13.8677583 ], [ 77.2482729, 13.9012516 ], [ 77.256698, 13.8465635 ], [ 77.316464, 13.8633071 ], [ 77.3253837, 13.8332789 ], [ 77.3368443, 13.8327884 ], [ 77.3624326, 13.8542867 ], [ 77.3794021, 13.840877 ], [ 77.4155439, 13.8397674 ], [ 77.4169981, 13.8105724 ], [ 77.4370276, 13.7967439 ], [ 77.4453321, 13.8110633 ], [ 77.4705506, 13.7580623 ], [ 77.4500732, 13.7109424 ], [ 77.4553326, 13.682304 ], [ 77.492113, 13.6898515 ], [ 77.5406752, 13.7559856 ], [ 77.5716789, 13.7382458 ], [ 77.6136035, 13.7519567 ], [ 77.6512911, 13.7841152 ], [ 77.7032909, 13.7698292 ], [ 77.7222057, 13.768666 ], [ 77.7186794, 13.7841366 ], [ 77.7315721, 13.8076134 ], [ 77.7887527, 13.823203 ], [ 77.7822191, 13.8439167 ], [ 77.8370686, 13.8697799 ], [ 77.8143599, 13.9308091 ], [ 77.8956909, 13.9410799 ], [ 77.9267624, 13.905365 ], [ 77.9674267, 13.960194 ], [ 77.987521, 13.9555356 ], [ 77.984384, 13.8976326 ], [ 77.9521742, 13.8902646 ], [ 77.9490592, 13.8707424 ], [ 77.9529261, 13.8566458 ], [ 77.9547897, 13.8422786 ], [ 77.9536739, 13.8386003 ], [ 77.956244400000017, 13.8359693 ], [ 77.9559312, 13.8309745 ], [ 77.9528099, 13.8275329 ], [ 77.960534, 13.8294918 ], [ 77.96964, 13.8289236 ], [ 77.9763465, 13.8298295 ], [ 77.9920582, 13.8688552 ], [ 78.0115705, 13.8719825 ], [ 78.0166246, 13.8656218 ], [ 78.031843, 13.8642905 ], [ 78.0413222, 13.8603036 ], [ 78.0437731, 13.8613619 ], [ 78.0441304, 13.8613169 ], [ 78.046186, 13.8621715 ], [ 78.0461736, 13.8621719 ], [ 78.050102099999989, 13.871903 ], [ 78.0510663, 13.8806751 ], [ 78.048859, 13.8961301 ], [ 78.1147685, 13.8629263 ], [ 78.1264799, 13.7884901 ], [ 78.0915142, 13.7423166 ], [ 78.1207899, 13.7156578 ], [ 78.0858747, 13.6922336 ], [ 78.0664349, 13.6764313 ], [ 78.0897326, 13.6591397 ], [ 78.1690554, 13.6539834 ], [ 78.175043, 13.6306526 ], [ 78.2041843, 13.6284621 ], [ 78.190243, 13.5901775 ], [ 78.2029087, 13.5688246 ], [ 78.2163151, 13.5912722 ], [ 78.2436912, 13.5975689 ], [ 78.2592703, 13.5849581 ], [ 78.3259349, 13.5948509 ], [ 78.3851748, 13.5921719 ], [ 78.4066564, 13.5768957 ], [ 78.3823547, 13.5250983 ], [ 78.3745472, 13.4619919 ], [ 78.3816574, 13.3970261 ], [ 78.3690371, 13.3732314 ], [ 78.4792892, 13.301334 ], [ 78.5535744, 13.2833493 ], [ 78.5703103, 13.2476344 ], [ 78.5677696, 13.2015623 ], [ 78.5773004, 13.1718618 ], [ 78.5500899, 13.1642342 ], [ 78.5165783, 13.1304404 ], [ 78.514227, 13.0619021 ], [ 78.4621717, 13.0432612 ], [ 78.467436, 12.9750705 ], [ 78.4121181, 12.9435827 ], [ 78.4683221, 12.9008838 ], [ 78.3782254, 12.9138943 ], [ 78.360238, 12.93698 ], [ 78.3136023, 12.876503 ], [ 78.3124217, 12.8585682 ], [ 78.2521741, 12.8606012 ], [ 78.2456155, 12.7883144 ], [ 78.2389569, 12.7684265 ], [ 78.2377728, 12.7667773 ], [ 78.235336, 12.7645049 ], [ 78.231812100000013, 12.761433 ], [ 78.2311903, 12.7609135 ], [ 78.2309278, 12.7607102 ], [ 78.2309278, 12.7607101 ], [ 78.2338979, 12.7513286 ], [ 78.2342521, 12.7495866 ], [ 78.2358342, 12.7455274 ], [ 78.2362039, 12.7378438 ], [ 78.2409841, 12.7299913 ], [ 78.2311475, 12.7126038 ], [ 78.2073725, 12.7084041 ], [ 78.2105648, 12.6861256 ], [ 78.2401065, 12.7027381 ], [ 78.276472, 12.7015965 ], [ 78.2964468, 12.6710913 ], [ 78.3793915, 12.6250621 ], [ 78.4717359, 12.6322639 ], [ 78.4678718, 12.6759386 ], [ 78.4844731, 12.6717067 ], [ 78.5038319, 12.6819603 ], [ 78.5043453, 12.7249152 ], [ 78.5285378, 12.7156509 ], [ 78.5312746, 12.6970628 ], [ 78.5408796, 12.6907204 ], [ 78.5547056, 12.6991403 ], [ 78.5574838, 12.7572808 ], [ 78.5924937, 12.7827197 ], [ 78.6077309, 12.8219459 ], [ 78.6015326, 12.8508458 ], [ 78.6335076, 12.9313628 ], [ 78.6208735, 12.9912814 ], [ 78.6554969, 13.0152884 ], [ 78.7052473, 13.0152786 ], [ 78.7144932, 13.0687174 ], [ 78.7513186, 13.0550121 ], [ 78.78766490000001, 13.0642111 ], [ 78.8130327, 13.0891349 ], [ 78.8420117, 13.0786508 ], [ 78.8813941, 13.0982184 ], [ 78.8956502, 13.0952304 ], [ 78.8912638, 13.0688503 ], [ 78.8918794, 13.0329741 ], [ 78.9290976, 13.036531 ], [ 78.9291366, 13.0457962 ], [ 78.9060922, 13.0451624 ], [ 78.9239158, 13.0808459 ], [ 78.9824891, 13.0864467 ], [ 79.0633693, 13.0531432 ], [ 79.080878, 13.0257633 ], [ 79.108483, 13.0388011 ], [ 79.1630908, 13.0203056 ], [ 79.1848029, 13.0298877 ], [ 79.1856159, 13.0752592 ], [ 79.234397199999989, 13.1052624 ], [ 79.253879, 13.145803 ], [ 79.2773296, 13.1562489 ], [ 79.2839878, 13.1228026 ], [ 79.309878, 13.1120453 ], [ 79.3289872, 13.1305571 ], [ 79.3649881, 13.1308327 ], [ 79.3560855, 13.1646108 ], [ 79.3921299, 13.1924649 ], [ 79.4315525, 13.1893007 ], [ 79.4531219, 13.2383815 ], [ 79.4184671, 13.2429901 ], [ 79.4137701, 13.3001798 ], [ 79.3983327, 13.3302311 ], [ 79.4952344, 13.345232 ], [ 79.5373362, 13.3386158 ], [ 79.5399903, 13.27239 ], [ 79.5739984, 13.2590267 ], [ 79.606204800000015, 13.2882448 ], [ 79.6287363, 13.2697615 ], [ 79.6518085, 13.2918376 ], [ 79.6714452, 13.2802158 ], [ 79.6831531, 13.2882173 ], [ 79.6936327, 13.2735044 ], [ 79.6782608, 13.2616806 ], [ 79.6842409, 13.2444559 ], [ 79.7082053, 13.2500719 ], [ 79.7326057, 13.2369023 ], [ 79.7509612, 13.2164504 ], [ 79.7500475, 13.2080212 ], [ 79.7545182, 13.2064867 ], [ 79.7598087, 13.2074701 ], [ 79.7769314, 13.2188483 ], [ 79.7946977, 13.2421301 ], [ 79.7350033, 13.2759626 ], [ 79.7392088, 13.2913716 ], [ 79.7523837, 13.2916826 ], [ 79.7602476, 13.301635 ], [ 79.7618273, 13.3126662 ], [ 79.7681086, 13.3139462 ], [ 79.7795393, 13.306329 ], [ 79.7916996, 13.2935495 ], [ 79.8173292, 13.3185784 ], [ 79.832555700000015, 13.3154392 ], [ 79.863219, 13.3176725 ], [ 79.8678926, 13.3302682 ], [ 79.9037775, 13.34045 ], [ 79.9103484, 13.3472942 ], [ 79.916776900000016, 13.3581064 ], [ 79.925256, 13.3583813 ], [ 79.9312661, 13.3515363 ], [ 79.945244, 13.3634413 ], [ 79.9491586, 13.3776906 ], [ 79.9538661, 13.3771421 ], [ 79.9580142, 13.3791975 ], [ 79.9395772, 13.4250516 ], [ 79.9733059, 13.4296944 ], [ 79.9723884, 13.4691129 ], [ 80.0078094, 13.4783316 ], [ 80.0158726, 13.497972 ], [ 80.0465858, 13.4937041 ], [ 80.0483911, 13.5122708 ], [ 80.027154, 13.5137208 ], [ 80.0284067, 13.5388444 ], [ 80.0569029, 13.5366561 ], [ 80.0771124, 13.5264098 ], [ 80.0781658, 13.4888308 ], [ 80.1445795, 13.5013466 ], [ 80.1619485, 13.4882872 ], [ 80.2258528, 13.4850889 ], [ 80.2422119, 13.4724615 ], [ 80.2510742, 13.5027875 ], [ 80.2640156, 13.5626544 ], [ 80.2682608, 13.5644962 ], [ 80.2682609, 13.5644963 ], [ 80.2681985, 13.5648459 ], [ 80.267258, 13.5671013 ], [ 80.265121, 13.57315 ], [ 80.2606795, 13.5801995 ], [ 80.2427949, 13.6157992 ], [ 80.2338727, 13.6570504 ], [ 80.2350568, 13.705603 ], [ 80.2552309, 13.7793843 ], [ 80.2180985, 13.8813753 ], [ 80.1976873, 13.9189625 ], [ 80.1467469, 14.04113 ], [ 80.1271997, 14.150182 ], [ 80.1296033, 14.2201047 ], [ 80.1493174, 14.3043894 ], [ 80.1671674, 14.3444333 ], [ 80.1797892, 14.5058158 ], [ 80.1959946, 14.5865478 ], [ 80.1639066, 14.6317831 ], [ 80.143518899999989, 14.7018555 ], [ 80.1124211, 14.739707 ], [ 80.0884555, 14.8252065 ], [ 80.086802600000013, 14.869632 ], [ 80.0638887, 14.9484218 ], [ 80.0470572, 15.0831243 ], [ 80.055673700000014, 15.1237927 ], [ 80.0895639, 15.2155488 ], [ 80.0833745, 15.2622031 ], [ 80.1112749, 15.3456436 ], [ 80.1407419, 15.3926964 ], [ 80.2085706, 15.4791508 ], [ 80.2294758, 15.5384526 ], [ 80.2429704, 15.6148557 ], [ 80.2822414, 15.6856609 ], [ 80.3619148, 15.7637448 ], [ 80.4898997, 15.8332573 ], [ 80.5745244, 15.862826 ], [ 80.6493334, 15.8788283 ], [ 80.7267268, 15.8793473 ], [ 80.7816664, 15.8634882 ], [ 80.8113653, 15.8345099 ], [ 80.791416, 15.8210473 ], [ 80.8110647, 15.7647602 ], [ 80.8162425, 15.7132522 ], [ 80.8436851, 15.7069455 ], [ 80.9358521, 15.7168037 ], [ 81.0081874, 15.7541246 ], [ 80.9952583, 15.80351 ], [ 81.0047399, 15.8381924 ], [ 81.0610398, 15.9007999 ], [ 81.1484052, 15.9790957 ], [ 81.1495798, 16.0247357 ], [ 81.1872735, 16.0933759 ], [ 81.2137184, 16.2075921 ], [ 81.2682999, 16.2786184 ], [ 81.316447599999989, 16.3104653 ], [ 81.3906626, 16.3399682 ], [ 81.5026693, 16.3550708 ], [ 81.6905693, 16.3278481 ], [ 81.7195192, 16.3066591 ], [ 81.8346024, 16.3670976 ], [ 81.9059579, 16.3902223 ], [ 81.9591851, 16.3977544 ], [ 81.9729126, 16.4096987 ], [ 82.2312561, 16.54096 ], [ 82.3131203, 16.562327 ], [ 82.3299345, 16.6209544 ], [ 82.3171597, 16.6619865 ], [ 82.3614214, 16.7049396 ], [ 82.344189, 16.7477787 ], [ 82.3591713, 16.8144543 ], [ 82.3556022, 16.8578098 ], [ 82.3024367, 16.8745472 ], [ 82.2666654, 16.8717982 ], [ 82.248242499999989, 16.904762 ], [ 82.2693801, 16.9501638 ], [ 82.2877048, 17.0130034 ], [ 82.3203966, 17.0581569 ], [ 82.4432514, 17.174713 ], [ 82.549051, 17.2538575 ], [ 82.7030305, 17.3438619 ], [ 82.9950892, 17.475204 ], [ 83.0115523, 17.5012579 ], [ 83.1022596, 17.5417407 ], [ 83.162934299999989, 17.5607996 ], [ 83.2157493, 17.5937316 ], [ 83.2395608, 17.6315838 ], [ 83.2820594, 17.6606751 ], [ 83.2971269, 17.6939794 ], [ 83.3474866, 17.7276123 ], [ 83.3569898, 17.7581505 ], [ 83.4110274, 17.8093739 ], [ 83.4202557, 17.8570928 ], [ 83.4437563, 17.8722794 ], [ 83.4727372, 17.9135816 ], [ 83.5315734, 17.9510762 ], [ 83.5686369, 18.0098611 ], [ 83.6927582, 18.0966189 ], [ 83.7505573, 18.1293318 ], [ 83.8606849, 18.1745252 ], [ 83.8894157, 18.1961727 ], [ 83.935205400000015, 18.2089668 ], [ 84.074101, 18.277994 ], [ 84.1258476, 18.311248 ], [ 84.1484027, 18.3738339 ], [ 84.2547174, 18.4747603 ], [ 84.3550584, 18.5554489 ], [ 84.3683447, 18.593212 ], [ 84.4372296, 18.6574139 ], [ 84.4534713, 18.6934431 ], [ 84.5124075, 18.7585232 ], [ 84.5510723, 18.7901142 ], [ 84.5574168, 18.8169733 ], [ 84.6035715, 18.8897996 ], [ 84.6844277, 18.9675479 ], [ 84.7462729, 19.048198 ], [ 84.753730800000014, 19.0610802 ], [ 84.7635703, 19.0748762 ], [ 84.7645023, 19.0768685 ], [ 84.7647425, 19.0772772 ], [ 84.7647424, 19.0772773 ], [ 84.6957314, 19.127334 ], [ 84.7088744, 19.1600589 ], [ 84.6687906, 19.1669456 ], [ 84.6526093, 19.130284 ], [ 84.6419588, 19.1346147 ], [ 84.6287337, 19.1275956 ], [ 84.6058057, 19.1298415 ], [ 84.6011477, 19.1328212 ], [ 84.5933988, 19.133346 ], [ 84.593876, 19.1296856 ], [ 84.6007222, 19.1275149 ], [ 84.6074274, 19.1016748 ], [ 84.6614972, 19.0887316 ], [ 84.6257189, 19.0671049 ], [ 84.5920589, 19.023178 ], [ 84.5669447, 19.0706924 ], [ 84.4946195, 19.0318933 ], [ 84.4762105, 18.9921451 ], [ 84.4287668, 18.9699953 ], [ 84.4222003, 18.9484234 ], [ 84.4354054, 18.9337218 ], [ 84.4160366, 18.8984738 ], [ 84.3601355, 18.8621257 ], [ 84.336626099999989, 18.8895038 ], [ 84.3257267, 18.8759226 ], [ 84.3451108, 18.848879 ], [ 84.3506737, 18.832508 ], [ 84.3500803, 18.8328471 ], [ 84.3495362, 18.8300316 ], [ 84.349145299999989, 18.8280305 ], [ 84.349088, 18.8237863 ], [ 84.347630099999989, 18.8214905 ], [ 84.332597, 18.8213486 ], [ 84.3320729, 18.8163706 ], [ 84.3403385, 18.8086881 ], [ 84.3189799, 18.7879605 ], [ 84.2869475, 18.8049387 ], [ 84.265529, 18.785218 ], [ 84.2242874, 18.7997154 ], [ 84.1914295, 18.7825346 ], [ 84.1670594, 18.7893068 ], [ 84.091637, 18.7601844 ], [ 84.0364817, 18.8173399 ], [ 84.0012577, 18.8101915 ], [ 83.9296736, 18.8168261 ], [ 83.9027732, 18.8283406 ], [ 83.8976451, 18.8253467 ], [ 83.8945233, 18.8172485 ], [ 83.8857373, 18.8319037 ], [ 83.8705507, 18.8485075 ], [ 83.851484500000012, 18.8593902 ], [ 83.8437851, 18.8761043 ], [ 83.8458977, 18.9134134 ], [ 83.81984, 18.9390882 ], [ 83.8218713, 18.9600611 ], [ 83.7927209, 19.0188808 ], [ 83.7455828, 18.9966861 ], [ 83.7162114, 18.9943522 ], [ 83.6853592, 19.058367 ], [ 83.6640312, 19.0764922 ], [ 83.6638498, 19.0931199 ], [ 83.6556771, 19.108639 ], [ 83.6508147, 19.110203 ], [ 83.6505608, 19.1172237 ], [ 83.6472227, 19.1184884 ], [ 83.6497425, 19.123096 ], [ 83.6551744, 19.1288874 ], [ 83.636654299999989, 19.1327314 ], [ 83.6318089, 19.1406783 ], [ 83.5997292, 19.1364491 ], [ 83.6086854, 19.0969888 ], [ 83.5611681, 19.0861509 ], [ 83.546605900000017, 19.0787889 ], [ 83.5536806, 19.0642859 ], [ 83.5396861, 19.0419089 ], [ 83.5360223, 19.0140915 ], [ 83.5207463, 19.0132288 ], [ 83.5164317, 19.0574889 ], [ 83.4964203, 19.0644528 ], [ 83.4809413, 19.0783394 ], [ 83.4803073, 19.0940497 ], [ 83.4653452, 19.0886061 ], [ 83.468808, 19.0438324 ], [ 83.4811245, 19.0351722 ], [ 83.4765131, 19.0085172 ], [ 83.4503277, 19.0135195 ], [ 83.4678823, 18.9702411 ], [ 83.4389831, 18.9762162 ], [ 83.3990587, 19.0100139 ], [ 83.3635979, 19.0175954 ], [ 83.3088132, 18.999778 ], [ 83.3192936, 18.9716713 ], [ 83.332006, 18.9657889 ], [ 83.331789, 18.9560208 ], [ 83.3347763, 18.9466915 ], [ 83.324527, 18.9330201 ], [ 83.3484054, 18.9263196 ], [ 83.3902523, 18.8830429 ], [ 83.4040792, 18.844897 ], [ 83.3459711, 18.8278298 ], [ 83.2806568, 18.7971381 ], [ 83.2796415, 18.7759091 ], [ 83.2413538, 18.7692097 ], [ 83.2234678, 18.7518478 ], [ 83.1912957, 18.7540645 ], [ 83.1371524, 18.7863044 ], [ 83.0998157, 18.7337456 ], [ 83.0707227, 18.7062073 ], [ 83.0560211, 18.6662053 ], [ 83.0226469, 18.6550474 ], [ 82.9989531, 18.6214719 ], [ 83.0436337, 18.5450237 ], [ 83.0731902, 18.5155377 ], [ 83.0190845, 18.4571971 ], [ 83.058855799999989, 18.4367774 ], [ 83.0527295, 18.380716 ], [ 83.0201725, 18.3924316 ], [ 82.9750502, 18.3635325 ], [ 82.9379781, 18.3615634 ], [ 82.9204434, 18.3761703 ], [ 82.9017774, 18.3742104 ], [ 82.8924671, 18.3922306 ], [ 82.8949694, 18.4241372 ], [ 82.8702995, 18.4193268 ], [ 82.8139036, 18.4516434 ], [ 82.7804366, 18.4315196 ], [ 82.7888244, 18.3639217 ], [ 82.769157299999989, 18.3382325 ], [ 82.713029, 18.3231356 ], [ 82.6549088, 18.2970235 ], [ 82.6421035, 18.2887481 ], [ 82.6504366, 18.2811833 ], [ 82.6457925, 18.262367 ], [ 82.6474397, 18.2462591 ], [ 82.6367183, 18.2375544 ], [ 82.5965809, 18.2650097 ], [ 82.5924143, 18.3290542 ], [ 82.605263900000011, 18.3820633 ], [ 82.5607107, 18.4006801 ], [ 82.541286, 18.4216482 ], [ 82.5578556, 18.4404695 ], [ 82.537237500000018, 18.446461 ], [ 82.5308178, 18.4730637 ], [ 82.5329012, 18.4869119 ], [ 82.5322321, 18.4920722 ], [ 82.5264694, 18.4963201 ], [ 82.5317912, 18.5095728 ], [ 82.5259463, 18.5163562 ], [ 82.5041686, 18.5143624 ], [ 82.4717744, 18.5432982 ], [ 82.4270285, 18.4842069 ], [ 82.3810286, 18.4345689 ], [ 82.3827079, 18.3665158 ], [ 82.3382266, 18.3236936 ], [ 82.390672, 18.3272109 ], [ 82.3731153, 18.2817916 ], [ 82.3429713, 18.281286 ], [ 82.3137928, 18.1847671 ], [ 82.3517028, 18.1724333 ], [ 82.3325377, 18.1276001 ], [ 82.3476148, 18.0891245 ], [ 82.3422095, 18.0587386 ], [ 82.2897121, 18.0696431 ], [ 82.2709392, 18.0579547 ], [ 82.2645422, 17.995624 ], [ 82.2444808, 17.9937405 ], [ 82.1872728, 18.0157617 ], [ 82.1671582, 18.0526892 ], [ 82.0749514, 18.0759441 ], [ 82.007011, 18.0583853 ], [ 81.9926239, 18.0280507 ], [ 81.9634552, 18.0019213 ], [ 81.8081689, 17.9564438 ], [ 81.7878568, 17.9260077 ], [ 81.7104215, 17.8739102 ], [ 81.6621702, 17.8816292 ], [ 81.640708, 17.8401705 ], [ 81.618769, 17.8240578 ], [ 81.5732397, 17.8385939 ], [ 81.563530899999989, 17.8272252 ], [ 81.4885308, 17.8144182 ], [ 81.4786733, 17.8375484 ], [ 81.4186009, 17.814866 ], [ 81.4028177, 17.8217701 ], [ 81.3960713, 17.8199518 ], [ 81.39529, 17.8190837 ], [ 81.3946889, 17.8183105 ], [ 81.3927974, 17.8162394 ], [ 81.3933495, 17.7946748 ], [ 81.354758, 17.8132409 ], [ 81.2653537, 17.811132 ], [ 81.2002853, 17.8463785 ], [ 81.1683148, 17.8556671 ], [ 81.1227404, 17.8240301 ], [ 81.1024365, 17.8160776 ], [ 81.0939624, 17.8093225 ], [ 81.0913224, 17.8038015 ], [ 81.0887292, 17.8007472 ], [ 81.086550699999989, 17.7996127 ], [ 81.0855842, 17.798072 ] ] ] } },
{ "type": "Feature", "properties": { "STATE.NAME": "Puducherry", "AREA": 508.105021 }, "geometry": { "type": "MultiPolygon", "coordinates": [ [ [ [ 79.8543609, 10.9833168 ], [ 79.8401971, 11.0021157 ], [ 79.7787628, 10.9970299 ], [ 79.7467181, 11.0026302 ], [ 79.7592409, 10.9606992 ], [ 79.720856, 10.9691594 ], [ 79.7247631, 10.9290259 ], [ 79.7769178, 10.896624 ], [ 79.8239515, 10.8842361 ], [ 79.8209971, 10.8456247 ], [ 79.8412867, 10.8280064 ], [ 79.8522778, 10.8308527 ], [ 79.8543609, 10.9833168 ] ] ], [ [ [ 79.6278816, 12.0317892 ], [ 79.618878100000018, 12.0012778 ], [ 79.628488, 11.9451845 ], [ 79.625266, 11.9030482 ], [ 79.6558855, 11.9079376 ], [ 79.6692879, 11.9374773 ], [ 79.6363711, 11.9778153 ], [ 79.6484504, 12.0195088 ], [ 79.6278816, 12.0317892 ] ] ], [ [ [ 79.8069984, 11.8335809 ], [ 79.7368825, 11.8423051 ], [ 79.7198166, 11.7849937 ], [ 79.75589380000001, 11.7754008 ], [ 79.7957611, 11.7854998 ], [ 79.8069984, 11.8335809 ] ] ], [ [ [ 79.8405731, 11.9558288 ], [ 79.8097529, 11.9752672 ], [ 79.7492614, 11.9222049 ], [ 79.742768, 11.9778497 ], [ 79.720512, 11.9927827 ], [ 79.6972491, 11.9417958 ], [ 79.7406348, 11.9054827 ], [ 79.70976, 11.8893348 ], [ 79.7401038, 11.8645192 ], [ 79.7700308, 11.8746506 ], [ 79.807763, 11.8366229 ], [ 79.8405731, 11.9558288 ] ] ] ] } }
]
}
